node_id,lat,lon,kind,value
566640665,26.1124743,91.6545415,railway=level_crossing,
566640671,26.1124196,91.6597447,railway=level_crossing,
566647442,26.2353505,91.6888967,railway=level_crossing,
566647715,26.2538808,91.6913799,railway=level_crossing,
566648052,26.2938928,91.7031264,railway=level_crossing,
566649152,26.1666489,91.6871524,railway=level_crossing,
566649838,26.1740236,91.7361112,railway=level_crossing,
566650614,26.1823453,91.8348147,railway=level_crossing,
566650788,26.1482599,91.8390918,railway=level_crossing,
566650798,26.1520803,91.8335343,railway=level_crossing,
566650801,26.1542913,91.8331732,railway=level_crossing,
566650802,26.1639551,91.832779,railway=level_crossing,
566651554,26.20402,91.8582118,railway=level_crossing,
566687314,26.111568,91.749597,highway=traffic_signals,
566697691,26.1441089,91.7865932,highway=crossing,unmarked
567377945,26.5832889,92.9906103,railway=level_crossing,
567485651,26.7045604,92.5355807,traffic_calming,rumble_strip
567485665,26.7059405,92.5448236,traffic_calming,rumble_strip
567779784,24.8288221,92.6342703,railway=level_crossing,
567779980,24.8737835,92.5818569,railway=level_crossing,
567780264,24.8328205,92.7762748,railway=level_crossing,
568988619,24.9279043,92.590801,railway=level_crossing,
653996524,26.1116753,91.7495353,highway=traffic_signals,
653997385,26.1442754,91.7700898,traffic_calming,bump
666701597,26.1959404,91.6861163,railway=level_crossing,
714907845,26.4305563,89.9962746,railway=level_crossing,
715070668,25.7582337,93.3070003,railway=level_crossing,
715070670,26.1615147,92.6809491,railway=level_crossing,
715070683,26.1746599,91.9786221,railway=level_crossing,
715070715,26.2023691,92.6025898,railway=level_crossing,
715070748,26.2004591,92.5489193,railway=level_crossing,
715070798,26.2099077,92.4519795,railway=level_crossing,
715070804,25.7591625,93.3130713,railway=level_crossing,
715070862,26.4438295,91.6139268,railway=level_crossing,
715070902,26.2051235,92.4298321,railway=level_crossing,
715071008,26.4501902,91.6211847,railway=level_crossing,
715137468,27.4993216,95.221058,railway=level_crossing,
715137512,26.1480021,93.8509627,railway=level_crossing,
715137521,27.4834842,95.3522676,railway=level_crossing,
715137671,27.4825985,95.1730809,railway=level_crossing,
715137681,26.8184392,94.528747,railway=level_crossing,
715137701,27.4584197,95.0655659,railway=level_crossing,
715137743,27.458805,95.0357789,railway=level_crossing,
715137746,27.4781628,95.2950173,railway=level_crossing,
715137749,26.8849161,94.6846469,railway=level_crossing,
715137763,27.458741,95.0674357,railway=level_crossing,
715137794,27.4598545,95.0411089,railway=level_crossing,
715137802,27.4773046,95.3094777,railway=level_crossing,
715137863,25.9348862,93.7352818,railway=level_crossing,
715137871,27.4901949,95.1847875,railway=level_crossing,
715137893,25.987375,93.7640814,railway=level_crossing,
715137898,27.4947584,95.1945476,railway=level_crossing,
715137916,26.9789382,94.6789621,railway=level_crossing,
715137929,27.4560499,95.0141907,railway=level_crossing,
715137969,27.4983308,95.2249713,railway=level_crossing,
715137991,26.5958543,94.1855882,railway=level_crossing,
715178080,27.649113,94.7780481,railway=level_crossing,
715178503,27.7259248,94.8915655,railway=level_crossing,
718989308,27.4398627,94.3417024,railway=level_crossing,
718989358,27.1984051,94.0262438,railway=level_crossing,
719070229,27.4863781,95.3742316,railway=level_crossing,
719070277,27.4779463,95.3262812,railway=level_crossing,
746951090,27.6985367,95.5626365,railway=level_crossing,
746951097,27.6568325,95.5635366,railway=level_crossing,
828998799,26.8120143,92.89009,railway=level_crossing,
828998870,26.7567679,93.0074189,railway=level_crossing,
828998946,26.8116722,92.8404657,railway=level_crossing,
828998965,26.6583302,91.9114027,railway=level_crossing,
828998997,26.8239896,92.7013978,railway=level_crossing,
828999016,27.1320798,93.9100133,railway=level_crossing,
828999129,26.7293638,92.1882758,railway=level_crossing,
828999198,26.7265679,91.9902793,railway=level_crossing,
828999201,26.735383,92.1668478,railway=level_crossing,
828999303,26.8137181,92.8822929,railway=level_crossing,
828999322,26.7473117,93.0287008,railway=level_crossing,
828999598,26.9966199,93.8301607,railway=level_crossing,
828999670,26.9414765,93.7988227,railway=level_crossing,
828999680,26.7908401,92.292505,railway=level_crossing,
829980101,26.1367283,89.7948349,railway=level_crossing,
830103549,24.6763836,92.3613404,railway=level_crossing,
830103608,24.8268574,92.2932699,railway=level_crossing,
830103622,24.8569451,92.4528127,railway=level_crossing,
830103624,24.8615463,92.3693214,railway=level_crossing,
830103633,24.8552268,92.3321262,railway=level_crossing,
830103676,24.5744833,92.4065768,railway=level_crossing,
830103710,24.8560999,92.5347076,railway=level_crossing,
830103863,24.6161881,92.323434,railway=level_crossing,
830103870,24.8558077,92.3376024,railway=level_crossing,
830103871,24.8564214,92.4501804,railway=level_crossing,
830104012,24.8355647,92.3110757,railway=level_crossing,
830104097,24.508815,92.426579,railway=level_crossing,
830104108,24.8600018,92.3590072,railway=level_crossing,
830186266,24.583786,92.2973584,railway=level_crossing,
830243148,24.8225619,92.9179706,railway=level_crossing,
831175577,26.5514166,93.9051817,railway=level_crossing,
831175772,26.6670034,94.1192831,railway=level_crossing,
831175801,26.6686302,94.046835,railway=level_crossing,
831176346,26.6695164,93.9854247,railway=level_crossing,
831176597,26.6424582,93.8661429,railway=level_crossing,
831176770,26.6669448,94.1175583,railway=level_crossing,
831207473,26.6695785,94.0341395,railway=level_crossing,
831207717,26.6737194,94.0564549,railway=level_crossing,
831304292,24.9438294,92.6051281,railway=level_crossing,
831304620,25.5002087,93.1063682,railway=level_crossing,
831340788,26.9946759,92.6461691,railway=level_crossing,
831340818,26.9800292,92.6968475,railway=level_crossing,
831340857,26.8554956,92.7879221,railway=level_crossing,
831340861,26.9821761,92.6786151,railway=level_crossing,
832590790,26.4191797,92.7395587,railway=level_crossing,
832590824,26.3451628,92.7082436,railway=level_crossing,
832590825,26.4515074,92.4471797,railway=level_crossing,
832590839,26.4511614,92.443893,railway=level_crossing,
832590863,26.467577,92.5756096,railway=level_crossing,
832590919,26.4346832,92.6896378,railway=level_crossing,
832590954,26.3867091,92.8172053,railway=level_crossing,
832591034,26.4427717,92.615867,railway=level_crossing,
832742991,27.4712908,94.9461034,railway=level_crossing,
980057182,27.1844147,94.9149513,highway=bus_stop,
1118546024,24.2092169,92.1405112,railway=level_crossing,
1133036713,26.475174,90.5271204,railway=level_crossing,
1133036788,26.4701834,90.5031452,railway=level_crossing,
1133639817,27.4582312,94.9291853,railway=level_crossing,
1133640030,27.4410841,94.9054086,railway=level_crossing,
1133640244,27.4567547,95.0171225,railway=level_crossing,
1133640558,27.4694513,94.9532485,railway=level_crossing,
1133640835,27.4720166,94.9467149,railway=level_crossing,
1133640877,27.4743341,94.9417029,railway=level_crossing,
1133672513,26.347551,92.6953521,railway=level_crossing,
1133672579,26.3582148,92.6737841,railway=level_crossing,
1133673000,26.34984,92.6693134,railway=level_crossing,
1133673323,26.3414082,92.6887919,railway=level_crossing,
1133711667,27.1985039,94.9323974,railway=level_crossing,
1359194451,26.1283177,91.797915,highway=crossing,zebra
1364588655,26.1496491,91.7852979,highway=traffic_signals,
1364588685,26.14999,91.7851465,highway=traffic_signals,
1380568675,27.4517846,94.9159594,railway=level_crossing,
1380570036,27.7490251,95.0683181,railway=level_crossing,
1420700485,24.8098825,93.0833668,railway=level_crossing,
1420700767,24.8147882,93.0740025,railway=level_crossing,
1420700909,24.835823,93.0389324,railway=level_crossing,
1446799036,25.566843,91.8901901,highway=bus_stop,
1446799037,25.5666786,91.8898682,highway=bus_stop,
1446799038,25.5657978,91.8859736,highway=bus_stop,
1446799039,25.5657695,91.8856087,highway=bus_stop,
1621474811,24.8036564,93.1137029,railway=level_crossing,
1636923079,27.1465057,94.8879505,railway=level_crossing,
1636923668,27.1791069,94.9161357,railway=level_crossing,
1639577777,27.4777792,94.8971112,railway=level_crossing,
1668477308,26.4076423,92.7423453,railway=level_crossing,
1668477340,26.4149449,92.7412026,railway=level_crossing,
1690036679,27.1315649,93.7421572,highway=crossing,
1690036680,27.130772,93.7421103,highway=crossing,
1698245439,26.1858416,91.7489072,highway=bus_stop,
1698245597,26.1879211,91.7483183,highway=bus_stop,
1698245639,26.1897882,91.7479001,highway=bus_stop,
1698245645,26.1883389,91.7436136,highway=bus_stop,
1702510441,26.0980658,91.6123143,railway=level_crossing,
1702510444,26.0986856,91.5956099,highway=bus_stop,
1739986526,27.4767859,95.3170327,railway=level_crossing,
1739986528,27.4769806,95.3193046,railway=level_crossing,
1739986529,27.4772127,95.3112223,railway=level_crossing,
1739986546,27.4968187,95.2305802,railway=level_crossing,
1739986550,27.4982559,95.2251728,railway=level_crossing,
1740002005,27.6386536,95.8562955,highway=bus_stop,
1740002006,27.654443,95.7639589,highway=bus_stop,
1795588589,26.8089455,92.6879787,railway=level_crossing,
1795588616,26.8188742,92.6791044,railway=level_crossing,
1795588620,26.8189261,92.6814285,railway=level_crossing,
1802870408,27.2882301,95.7247,railway=level_crossing,
1802870437,27.2908058,95.7304098,railway=level_crossing,
1802870444,27.2913156,95.7360389,railway=level_crossing,
1810911372,26.5751423,92.9908303,railway=level_crossing,
1810911433,26.5970983,92.9701512,railway=level_crossing,
1810911455,26.6008601,92.9293831,railway=level_crossing,
1810911933,26.7675871,93.1584776,railway=level_crossing,
1810912069,26.7989845,92.9113743,railway=level_crossing,
1811322373,26.4469718,91.6179484,railway=level_crossing,
1811388000,25.9873204,90.7777896,railway=level_crossing,
1811461261,26.605288,91.8147518,railway=level_crossing,
1811461355,26.6332645,91.8504226,railway=level_crossing,
1811535055,26.7381683,92.1556809,railway=level_crossing,
1848205864,27.3335018,95.3055759,railway=level_crossing,
1848205880,27.4527179,94.9973116,railway=level_crossing,
1880368165,26.4950671,90.8924353,railway=level_crossing,
1880368176,26.497151,90.8029976,railway=level_crossing,
1988064548,26.7518239,94.2208064,railway=level_crossing,
2051081343,24.8286219,92.3070407,railway=level_crossing,
2051081350,24.83492,92.375635,railway=level_crossing,
2051081355,24.8379534,92.3170216,railway=level_crossing,
2051081403,24.8433575,92.322407,railway=level_crossing,
2051081439,24.8538358,92.3301044,railway=level_crossing,
2051081480,24.8558213,92.3340992,railway=level_crossing,
2081914225,24.6778752,92.5672214,railway=level_crossing,
2081914251,24.6843301,92.5686067,railway=level_crossing,
2081914481,24.8035451,92.6256575,railway=level_crossing,
2081914568,24.8226801,92.6550901,railway=level_crossing,
2081914723,24.8326999,92.888758,railway=level_crossing,
2081914762,24.8455864,92.8551545,railway=level_crossing,
2081914927,24.8680917,92.5712607,railway=level_crossing,
2081914931,24.8681962,92.5747149,railway=level_crossing,
2081914986,24.8753627,92.586996,railway=level_crossing,
2081916228,25.7491358,93.1824593,railway=level_crossing,
2081916283,25.7508235,93.1728504,railway=level_crossing,
2081916333,25.7634281,93.1334283,railway=level_crossing,
2081916341,25.7646329,93.135047,railway=level_crossing,
2084877244,25.8673858,93.7147095,railway=level_crossing,
2084878619,26.0214169,93.7853385,railway=level_crossing,
2164274811,27.4928452,94.5460311,railway=level_crossing,
2207245490,24.359888,91.8546467,railway=level_crossing,
2283874396,26.1155972,91.7584358,highway=crossing,marked
2301196176,26.8260825,92.6924515,railway=level_crossing,
2301196182,26.8265,92.7364701,railway=level_crossing,
2301196236,26.8568555,92.7889172,railway=level_crossing,
2301196240,26.8589577,92.7898504,railway=level_crossing,
2305178766,26.3452186,91.6837168,railway=level_crossing,
2305178780,26.3573562,91.6639054,railway=level_crossing,
2305178787,26.3761144,91.6329416,railway=level_crossing,
2305919608,27.395107,95.616492,railway=level_crossing,
2305919630,27.4127445,95.6120607,railway=level_crossing,
2306471732,26.4511691,92.9312336,railway=level_crossing,
2309770468,27.0001226,94.649854,railway=level_crossing,
2314868728,27.4367733,95.3470568,railway=level_crossing,
2314868729,27.4390828,95.3490077,railway=level_crossing,
2314868733,27.4445503,95.3505094,railway=level_crossing,
2314868746,27.476009,95.3254679,railway=level_crossing,
2314868756,27.4785648,95.3260636,railway=level_crossing,
2314935077,27.188958,95.3475861,railway=level_crossing,
2314935300,27.4863713,95.3768267,railway=level_crossing,
2316320077,25.8182395,93.5020818,railway=level_crossing,
2316320470,25.9475943,93.7483253,railway=level_crossing,
2316320820,26.4629807,94.0015669,railway=level_crossing,
2316320824,26.4631485,94.0011718,railway=level_crossing,
2316321035,26.4993036,93.9722133,railway=level_crossing,
2316321171,26.5083236,93.9572247,highway=traffic_signals,
2316321265,26.514637,93.9611432,railway=level_crossing,
2316321954,26.6562623,94.3131606,railway=level_crossing,
2316321958,26.6561197,94.3132755,railway=level_crossing,
2316322141,26.6603642,94.3133203,railway=level_crossing,
2316322348,26.684221,94.2858467,railway=level_crossing,
2316322487,26.7094899,94.2331513,railway=level_crossing,
2316322489,26.7109617,94.2330809,railway=level_crossing,
2317301765,27.4423439,94.3362161,railway=level_crossing,
2317331664,26.867929,93.49442,railway=level_crossing,
2319239023,26.194591,92.3825307,railway=level_crossing,
2319239025,26.1949781,92.3836936,railway=level_crossing,
2328371915,26.5304586,94.0576601,railway=level_crossing,
2328372056,26.5541854,93.9011645,railway=level_crossing,
2328372279,26.5788363,93.8723451,railway=level_crossing,
2328433522,26.191484,92.3739038,railway=level_crossing,
2329496190,26.6670497,94.0184941,railway=level_crossing,
2329496191,26.6670571,94.0187059,railway=level_crossing,
2329496192,26.6670914,94.0167923,railway=level_crossing,
2329496205,26.6696409,94.0503399,railway=level_crossing,
2329587511,26.4349772,92.6892859,railway=level_crossing,
2329587537,26.4426761,92.6170667,railway=level_crossing,
2329587553,26.4435829,92.623992,railway=level_crossing,
2329587593,26.4561267,92.4811759,railway=level_crossing,
2329587630,26.4671808,92.5774862,railway=level_crossing,
2331866635,27.2033833,94.0359585,railway=level_crossing,
2335391808,25.9850825,90.886438,railway=level_crossing,
2340780693,26.3704137,91.6413867,railway=level_crossing,
2346856742,26.7511825,93.0203933,railway=level_crossing,
2346872039,27.0050068,94.8413874,railway=level_crossing,
2346872058,27.067061,94.7266765,railway=level_crossing,
2346882132,27.2848526,95.3303827,railway=level_crossing,
2346882134,27.4585425,95.0668558,railway=level_crossing,
2346882136,27.4672863,95.0884817,railway=level_crossing,
2346882148,27.4768613,95.1141199,railway=level_crossing,
2346882150,27.476949,95.1158283,railway=level_crossing,
2347284163,26.4562316,92.4826652,railway=level_crossing,
2347295570,26.455684,92.4751813,railway=level_crossing,
2347310383,26.456416,92.4854379,railway=level_crossing,
2362861799,26.4844014,93.9875579,railway=level_crossing,
2362861808,26.4931,94.0223921,railway=level_crossing,
2362861866,26.5007992,93.9722827,highway=traffic_signals,
2364658056,27.4413552,94.3136052,railway=level_crossing,
2365236523,26.3618249,90.1809268,railway=level_crossing,
2365236554,26.3877055,90.2303214,railway=level_crossing,
2365236705,26.4301491,89.996347,railway=level_crossing,
2365236736,26.4386172,90.3464526,railway=level_crossing,
2365236815,26.4701463,90.5031507,railway=level_crossing,
2365247161,26.2415594,89.7775365,railway=level_crossing,
2365493557,26.5011935,91.0081611,railway=level_crossing,
2369051589,26.2639785,92.5094031,highway=crossing,unmarked
2369052049,26.4413362,92.6425377,railway=level_crossing,
2369272988,26.0689635,91.529188,railway=level_crossing,
2369273049,26.073986,91.4264402,railway=level_crossing,
2369273066,26.0762209,91.4758105,railway=level_crossing,
2369275091,26.3632276,91.6536478,railway=level_crossing,
2370928040,25.7522476,93.2134518,railway=level_crossing,
2370928053,25.753442,93.2096669,railway=level_crossing,
2370928074,25.753983,93.2076578,railway=level_crossing,
2370928112,25.7560288,93.2323982,railway=level_crossing,
2372089857,26.4617819,91.6396391,railway=level_crossing,
2372089889,26.4696863,91.6522284,railway=level_crossing,
2372089899,26.4714755,91.6544754,railway=level_crossing,
2372215637,26.1603387,90.0636621,railway=level_crossing,
2375401087,26.0701957,91.5614125,railway=level_crossing,
2376217891,26.4365756,93.9922657,railway=level_crossing,
2376218042,26.4508346,93.9967315,railway=level_crossing,
2376218814,26.5884697,94.1683082,railway=level_crossing,
2380443955,26.35761,90.1653784,railway=level_crossing,
2383406722,26.2016611,92.4933392,railway=level_crossing,
2383406894,26.2042034,92.5419372,railway=level_crossing,
2384569970,26.8018344,92.3453694,railway=level_crossing,
2385365397,26.4402041,92.6518927,railway=level_crossing,
2385365414,26.4434059,92.6222563,railway=level_crossing,
2385460967,26.8498716,93.3104686,railway=level_crossing,
2387323573,26.8502097,93.3728555,railway=level_crossing,
2387370412,24.8550698,93.0620765,railway=level_crossing,
2387554420,26.851249,93.5501143,railway=level_crossing,
2387554541,26.8577191,93.5647128,railway=level_crossing,
2387556482,26.9619014,93.5025801,highway=crossing,
2389849398,27.073471,93.8437044,railway=level_crossing,
2389849508,27.1124669,93.845155,railway=level_crossing,
2389849562,27.1254441,93.8848684,railway=level_crossing,
2389849567,27.1290103,93.8984807,railway=level_crossing,
2389849741,27.2354583,94.0858357,railway=level_crossing,
2389849755,27.2382419,94.0878257,railway=level_crossing,
2391086705,27.42204,94.4120689,railway=level_crossing,
2391086709,27.4232593,94.4332232,railway=level_crossing,
2394105635,25.980092,91.0649725,railway=level_crossing,
2394105644,25.9806004,91.1151205,railway=level_crossing,
2394105685,25.9840801,91.0138129,railway=level_crossing,
2394105821,25.9895017,90.940086,railway=level_crossing,
2396397794,26.9268468,93.7587503,railway=level_crossing,
2396433482,27.0811906,93.8422667,railway=level_crossing,
2396433681,27.1279831,93.894433,railway=level_crossing,
2396433879,27.1800395,93.9749379,railway=level_crossing,
2397499356,25.9830468,90.8117058,railway=level_crossing,
2397499371,25.9834612,90.8695927,railway=level_crossing,
2397499451,25.9865525,90.8985039,railway=level_crossing,
2406555986,27.3020146,94.8953534,railway=level_crossing,
2466195299,26.3622033,90.6359434,railway=level_crossing,
2515937568,26.6576966,94.3184935,railway=level_crossing,
2515937585,26.7997449,94.504902,railway=level_crossing,
2515937616,27.4528436,95.0005446,railway=level_crossing,
2515937617,27.4538138,95.0037021,railway=level_crossing,
2515937622,27.458663,95.0352179,railway=level_crossing,
2515937632,27.4595154,95.0386281,railway=level_crossing,
2515937634,27.4597239,95.0394536,railway=level_crossing,
2515937635,27.4597753,95.042028,railway=level_crossing,
2515937636,27.4598727,95.0407335,railway=level_crossing,
2515937637,27.4598477,95.041239,railway=level_crossing,
2515937710,27.5988102,95.5569329,railway=level_crossing,
2515937713,27.6089552,95.5572874,railway=level_crossing,
2515953317,26.1465325,91.9819339,railway=level_crossing,
2515953342,26.2772292,93.9010005,railway=level_crossing,
2515995040,26.4522088,90.3766692,railway=level_crossing,
2515995041,26.4528839,90.3766148,railway=level_crossing,
2620140949,26.4391351,91.6130598,railway=level_crossing,
2665458493,26.5608264,91.7615915,railway=level_crossing,
2665458587,26.7163362,91.9735506,railway=level_crossing,
2665458661,26.744257,92.0936176,railway=level_crossing,
2666919927,26.1661007,91.6871997,railway=level_crossing,
2666919975,26.1688463,91.6841667,railway=level_crossing,
2685181211,26.324297,94.521644,highway=bus_stop,
2685235280,26.3267828,94.523208,highway=bus_stop,
2685235307,26.3266008,94.5229923,highway=bus_stop,
2724869459,26.331105,94.5306612,traffic_calming,yes
2838895017,25.5665109,91.8834591,highway=bus_stop,
2882147846,24.2325741,92.5268366,railway=level_crossing,
2882148304,24.3515812,92.5311665,railway=level_crossing,
2883904724,27.479377,95.4718873,railway=level_crossing,
2885091554,26.1717632,92.3053206,railway=level_crossing,
2885143481,27.4696442,95.3478961,railway=level_crossing,
2885143527,27.4845051,95.3507385,railway=level_crossing,
2885143528,27.4847176,95.3507063,railway=level_crossing,
2885250372,27.7515983,95.0784105,railway=level_crossing,
2885250375,27.7542181,95.0554057,railway=level_crossing,
2885250378,27.7548211,94.9309634,railway=level_crossing,
2885250379,27.7553956,95.0918342,railway=level_crossing,
2885250562,27.7245937,94.8885474,railway=level_crossing,
2885250905,27.7685995,95.136126,railway=level_crossing,
2920756033,27.2851093,95.7091322,railway=level_crossing,
2926323218,26.1408561,89.8730299,railway=level_crossing,
2932321362,26.1295111,91.7953982,highway=traffic_signals,
2967220279,27.3840555,95.6169631,railway=level_crossing,
3152828683,26.8249121,92.6871952,railway=level_crossing,
3158879508,24.8584019,92.7464676,railway=level_crossing,
3158957603,24.8415265,92.6182645,railway=level_crossing,
3158957724,24.8505809,92.6113193,railway=level_crossing,
3158957790,24.8601241,92.6004626,railway=level_crossing,
3160375507,24.8214874,92.9380641,railway=level_crossing,
3165099197,24.8211196,92.9457994,railway=level_crossing,
3231412026,26.49815,91.1351245,railway=level_crossing,
3281553015,25.0969297,92.8117608,railway=level_crossing,
3281553024,25.0976175,92.8188505,railway=level_crossing,
3281553027,25.0954299,92.8226028,railway=level_crossing,
3281553028,25.0955503,92.8235582,railway=level_crossing,
3337660874,27.3610441,94.1240822,railway=level_crossing,
3422982346,24.8702261,92.5972851,railway=level_crossing,
3547190899,27.7454905,95.078553,highway=bus_stop,
3547308645,27.7697319,95.0247118,railway=level_crossing,
3547308646,27.7686847,95.0267752,railway=level_crossing,
3637673609,26.736355,94.2258411,railway=level_crossing,
3637673842,26.7424375,94.2020681,railway=level_crossing,
3637673937,26.7442898,94.2240627,railway=level_crossing,
3637674420,26.7521522,94.2200591,railway=level_crossing,traffic_signals
3643341773,26.6571191,94.3159504,railway=level_crossing,
3643341781,26.673534,94.3061432,railway=level_crossing,
3643348995,26.7269739,94.2275274,railway=level_crossing,
3643348997,26.7304393,94.1857562,railway=level_crossing,
3643349001,26.7345044,94.1931143,railway=level_crossing,
3643349003,26.7497357,94.2219926,railway=level_crossing,
3643349016,26.7511559,94.2206957,railway=level_crossing,
3643349023,26.7529733,94.220305,railway=level_crossing,
3643349025,26.7530303,94.2204309,railway=level_crossing,
3663491919,26.7468713,94.2233315,railway=level_crossing,
3677627295,26.7459577,92.1109502,railway=level_crossing,
3684327527,25.9245756,92.9519442,railway=level_crossing,
3684327528,25.9244962,92.9519067,railway=level_crossing,
3684327560,26.0038135,92.8495066,railway=level_crossing,
3687006929,27.4856203,95.1762732,railway=level_crossing,
3687006930,27.4873963,95.1792587,railway=level_crossing,
3687006931,27.4886437,95.1815461,railway=level_crossing,
3687006940,27.4933853,95.1894156,railway=level_crossing,
3687006944,27.4989604,95.2229668,railway=level_crossing,
3687006946,27.4992721,95.2215437,railway=level_crossing,
3687006948,27.4996796,95.2164923,railway=level_crossing,
3687006949,27.4996996,95.2159452,railway=level_crossing,
3687044059,26.7639869,93.1475469,railway=level_crossing,
3741631563,24.5628843,92.6086216,railway=level_crossing,
3765577680,27.8087481,95.1983702,railway=level_crossing,
3774664892,26.73983,94.2251138,railway=level_crossing,
3774666191,26.7454848,94.2236683,railway=level_crossing,
3774798632,26.7519566,94.2199226,railway=level_crossing,
3774800784,26.7583678,94.2190828,railway=level_crossing,
3774933863,26.7422696,94.2245065,railway=level_crossing,
3777711015,26.7439737,94.2241704,railway=level_crossing,
3779453880,27.4873396,95.3673054,railway=level_crossing,
3780952286,27.4881672,95.3623358,highway=bus_stop,
3785989415,26.741721,94.2012655,railway=level_crossing,
3785989416,26.7460075,94.2062073,railway=level_crossing,
3861817716,26.7208306,94.1719073,railway=level_crossing,
3861899107,26.6041752,94.205043,railway=level_crossing,
3862019612,26.7155526,94.1694969,railway=level_crossing,
3885271949,25.106156,92.9217449,railway=level_crossing,
3885272516,25.2456535,93.1730923,railway=level_crossing,
3885272517,25.2461688,93.1735385,railway=level_crossing,
3885272527,25.2545217,93.1769927,railway=level_crossing,
3925306651,26.8188537,92.7816057,railway=level_crossing,
3925306656,26.8189523,92.7815511,railway=level_crossing,
3925306708,26.872543,92.7954302,railway=level_crossing,
3925306709,26.9244496,92.8056502,railway=level_crossing,
3925306711,26.9438413,92.8041595,railway=level_crossing,
3925306721,26.9774433,92.7527697,railway=level_crossing,
3964170668,25.9817464,92.8780761,railway=level_crossing,
4023361990,25.6381345,90.1528301,highway=crossing,traffic_signals
4052837734,27.1927474,95.3108362,railway=level_crossing,
4090471014,27.4877953,95.3603132,railway=level_crossing,
4117423732,24.6744362,92.3695117,railway=level_crossing,
4117423734,24.67626,92.3656129,railway=level_crossing,
4117423735,24.6699548,92.3796528,railway=level_crossing,
4117423739,24.6663208,92.3881753,railway=level_crossing,
4117423740,24.6680848,92.382687,railway=level_crossing,
4117423746,24.6618224,92.4065906,railway=level_crossing,
4117423751,24.6417811,92.4051634,railway=level_crossing,
4117423755,24.6072801,92.3959891,railway=level_crossing,
4117423757,24.5881115,92.4007168,railway=level_crossing,
4190440749,26.4653395,90.4667144,railway=level_crossing,
4190440750,26.4662035,90.4679586,railway=level_crossing,
4190440770,26.471111,90.5030895,railway=level_crossing,
4190459341,26.1101317,89.8069614,railway=level_crossing,
4190459346,26.112726,89.8028517,railway=level_crossing,
4190459349,26.1157452,89.8448286,railway=level_crossing,
4227879190,25.3698417,94.0724088,highway=bus_stop,
4227936693,25.5143249,94.1361717,highway=bus_stop,
4264716319,24.7138033,92.5773304,railway=level_crossing,
4270402132,24.8566773,92.7445063,railway=level_crossing,
4270402133,24.8567133,92.7444667,railway=level_crossing,
4270402139,24.8584393,92.7464429,railway=level_crossing,
4273313596,24.9510383,92.6197359,railway=level_crossing,
4283633743,26.362122,90.1805648,railway=level_crossing,
4283633744,26.3621444,90.1805335,railway=level_crossing,
4283668467,26.4743705,90.5398953,railway=level_crossing,
4283668540,26.4754616,90.5435908,railway=level_crossing,
4283668594,26.4764062,90.5551028,railway=level_crossing,
4311180789,26.5949931,89.9268205,highway=bus_stop,
4323957782,27.4779425,94.9044785,railway=level_crossing,
4323957784,27.4780183,94.9044789,railway=level_crossing,
4323957786,27.4780726,94.9044635,railway=level_crossing,
4323994990,27.4846402,95.353253,railway=level_crossing,
4323995078,27.52016,95.3488978,highway=traffic_signals,
4324640917,27.1381616,95.2214495,railway=level_crossing,
4324640957,27.162277,95.2737547,railway=level_crossing,
4332977357,25.8371528,93.6712483,railway=level_crossing,
4332977639,25.8504364,93.6978342,railway=level_crossing,
4334992618,27.4800823,95.3347571,railway=level_crossing,
4334992655,27.480389,95.334875,railway=level_crossing,
4436216265,26.5011069,93.9670807,railway=level_crossing,
4436216395,26.5111711,93.9616173,railway=level_crossing,
4436216404,26.5131184,93.9717642,highway=traffic_signals,
4544320598,27.0877875,93.6119319,highway=bus_stop,
4551388529,26.728155,94.181188,railway=level_crossing,
4571828952,24.2903143,92.1516604,railway=level_crossing,
4571849923,24.3746533,92.172839,railway=level_crossing,
4571890015,24.9527181,92.6587802,railway=level_crossing,
4580159210,26.1615482,92.2874657,railway=level_crossing,
4580203752,26.2996714,90.6243781,railway=level_crossing,
4584952294,26.1865974,91.7488603,highway=bus_stop,
4605252405,24.8053212,92.2385697,railway=level_crossing,
4636894714,24.2895665,91.6685464,railway=level_crossing,
4641351480,24.1002495,91.357297,railway=level_crossing,
4667408140,27.5018163,94.5554019,railway=level_crossing,
4667411135,27.4794405,94.53201,railway=level_crossing,
4667620984,27.5408075,94.596086,railway=level_crossing,
4668787168,27.5891343,94.7129373,railway=level_crossing,
4668787169,27.596409,94.722802,railway=level_crossing,
4668787380,27.5687387,94.6398993,railway=level_crossing,
4668787459,27.5482548,94.6206846,railway=level_crossing,
4668787753,27.5632495,94.6659569,railway=level_crossing,
4685794671,26.2339343,93.8787399,railway=level_crossing,
4685794760,26.1902622,93.860714,railway=level_crossing,
4685794872,26.1231807,93.8433185,railway=level_crossing,
4701291692,26.1960159,91.697398,highway=bus_stop,
4722087915,26.1306571,91.8026911,traffic_calming,hump
4722092925,26.1315506,91.8026847,highway=crossing,zebra
4723230515,27.7572643,95.098387,railway=level_crossing,
4723230518,27.7638723,95.1218029,railway=level_crossing,
4723230541,27.7859007,95.1628909,railway=level_crossing,
4724764871,27.7411384,94.9059796,railway=level_crossing,
4724765411,27.6822806,94.7897248,railway=level_crossing,
4724765418,27.6682075,94.7822423,railway=level_crossing,
4724765508,27.6306923,94.7620827,railway=level_crossing,
4724765522,27.6094149,94.7405083,railway=level_crossing,
4726705065,27.5248017,94.5793393,railway=level_crossing,
4726705067,27.5296345,94.5844204,railway=level_crossing,
4726705072,27.537227,94.5923414,railway=level_crossing,
4726705086,27.5459268,94.6020835,railway=level_crossing,
4726705244,27.5119213,94.5659154,railway=level_crossing,
4728543290,27.4618219,94.9324933,railway=level_crossing,
4728543304,27.4555605,94.9251202,railway=level_crossing,
4728543320,27.4582647,94.9291483,railway=level_crossing,
4728543374,27.447233,94.9102903,railway=level_crossing,
4728543377,27.4493001,94.9119887,railway=level_crossing,
4728543415,27.4555282,94.9251498,railway=level_crossing,
4728543417,27.4538608,94.9211771,railway=level_crossing,
4728543443,27.4618282,94.9324225,railway=level_crossing,
4728543455,27.4801183,94.9298841,railway=level_crossing,
4728543464,27.4781238,94.9347331,railway=level_crossing,
4729611505,27.3862496,94.7832809,railway=level_crossing,
4729738771,27.3556246,94.8333221,railway=level_crossing,
4729865527,27.4602584,94.9705686,railway=level_crossing,
4731227511,27.4782218,94.9031573,railway=level_crossing,
4731227514,27.4781051,94.9044408,railway=level_crossing,
4731227520,27.4782908,94.9031385,railway=level_crossing,
4731228203,27.4787615,94.9186981,railway=level_crossing,
4731228216,27.4787619,94.9219899,railway=level_crossing,
4731228217,27.4789436,94.921994,railway=level_crossing,
4731236626,27.478462,94.9131693,railway=level_crossing,
4731236630,27.4779824,94.9044787,railway=level_crossing,
4732907958,27.4784234,94.9131705,railway=level_crossing,
4732907962,27.4787222,94.9186963,railway=level_crossing,
4735153131,27.4756845,94.9389409,railway=level_crossing,
4735167726,27.4618063,94.932598,railway=level_crossing,
4735219967,27.4784562,95.3253223,railway=level_crossing,
4735219968,27.4778487,95.3224832,railway=level_crossing,
4735219970,27.4777201,95.3219924,railway=level_crossing,
4735219973,27.4768985,95.3188133,railway=level_crossing,
4735219974,27.4768355,95.3181266,railway=level_crossing,
4735219976,27.4767914,95.3162343,railway=level_crossing,
4735219977,27.4767849,95.3166578,railway=level_crossing,
4735219979,27.476795,95.3159607,railway=level_crossing,
4735219980,27.4770529,95.3139645,railway=level_crossing,
4735219981,27.4771335,95.3126647,railway=level_crossing,
4735219986,27.4780194,95.2992746,railway=level_crossing,
4735220008,27.4898342,95.1839967,railway=level_crossing,
4735220009,27.4881773,95.1806459,railway=level_crossing,
4735220014,27.4851541,95.1756516,railway=level_crossing,
4735220016,27.4848187,95.175267,railway=level_crossing,
4735220135,27.4747392,95.1558453,railway=level_crossing,
4735220146,27.4716408,95.0993703,railway=level_crossing,
4735220156,27.4651186,95.0834611,railway=level_crossing,
4735220171,27.4594247,95.0691832,railway=level_crossing,
4735220176,27.4584767,95.0665893,railway=level_crossing,
4735220178,27.4584684,95.0637891,railway=level_crossing,
4735220191,27.4591508,95.0470393,railway=level_crossing,
4735220195,27.4597298,95.0425407,railway=level_crossing,
4735220198,27.4596299,95.0390873,railway=level_crossing,
4735220199,27.4591188,95.0369905,railway=level_crossing,
4735220201,27.4585029,95.0345046,railway=level_crossing,
4735220206,27.4582905,95.0310971,railway=level_crossing,
4735220207,27.4578583,95.0284884,railway=level_crossing,
4735220262,27.4694943,94.9532795,railway=level_crossing,
4737171985,27.4780093,95.3230874,railway=level_crossing,
4737171986,27.4777923,95.3222521,railway=level_crossing,
4737171988,27.4776141,95.321636,railway=level_crossing,
4737171989,27.4771491,95.319976,railway=level_crossing,
4737171990,27.4769415,95.3190911,railway=level_crossing,
4737171991,27.476847,95.3183913,railway=level_crossing,
4737235214,27.4708601,95.340016,railway=level_crossing,
4737235215,27.4703252,95.3434959,railway=level_crossing,
4737236201,27.4417583,95.3502589,railway=level_crossing,
4737236202,27.4433721,95.350458,railway=level_crossing,
4737236203,27.4433707,95.3505075,railway=level_crossing,
4737236204,27.4501221,95.3508551,railway=level_crossing,
4737236207,27.4583965,95.3511864,railway=level_crossing,
4737236208,27.4603767,95.3512887,railway=level_crossing,
4737236701,27.4846223,95.3532991,railway=level_crossing,
4737236705,27.483705,95.3526272,railway=level_crossing,
4737236927,27.4691882,95.3499684,railway=level_crossing,
4737236928,27.4689333,95.3504117,railway=level_crossing,
4737236993,27.4837065,95.3525505,railway=level_crossing,
4737237002,27.4837126,95.3525752,railway=level_crossing,
4737237022,27.4851226,95.3552444,railway=level_crossing,
4737237043,27.4851714,95.3552202,railway=level_crossing,
4738896124,27.4957195,95.2520711,railway=level_crossing,
4738896131,27.4904878,95.2752185,railway=level_crossing,
4738896150,27.4953103,95.2538732,railway=level_crossing,
4738896461,27.4846256,95.350721,railway=level_crossing,
4738896747,27.4783847,95.3282167,railway=level_crossing,
4738896748,27.4784113,95.3280566,railway=level_crossing,
4738896752,27.4784249,95.3275177,railway=level_crossing,
4738896826,27.4927687,95.2687721,railway=level_crossing,
4738896845,27.4952617,95.2538685,railway=level_crossing,
4738897291,27.4707721,95.3405947,railway=level_crossing,
4738897292,27.4705757,95.3418597,railway=level_crossing,
4738897293,27.4710658,95.3386626,railway=level_crossing,
4740362425,27.484659,95.3532014,railway=level_crossing,
4740749217,27.5372921,95.5025425,railway=level_crossing,
4740749701,27.4997001,95.4615801,railway=level_crossing,
4740749840,27.6611514,95.5637285,railway=level_crossing,
4740749842,27.5477079,95.5254241,railway=level_crossing,
4740749843,27.4868836,95.4307398,railway=level_crossing,
4740749915,27.5577374,95.5430195,railway=level_crossing,
4740750127,27.553535,95.5384416,railway=level_crossing,
4740750231,27.5417855,95.5124817,railway=level_crossing,
4740750326,27.5362538,95.4998831,railway=level_crossing,
4740750383,27.53165,95.4931776,railway=level_crossing,
4740750419,27.517804,95.4832873,railway=level_crossing,
4740750735,27.5036878,95.469949,railway=level_crossing,
4740750742,27.5067248,95.4754086,railway=level_crossing,
4743570638,27.6912676,95.5622269,railway=level_crossing,
4743570648,27.6996562,95.5631952,railway=level_crossing,
4743570664,27.7099208,95.5683316,railway=level_crossing,
4743570665,27.7099426,95.5682862,railway=level_crossing,
4743829577,27.6170745,95.557598,railway=level_crossing,
4743829580,27.6130889,95.5573939,railway=level_crossing,
4743829605,27.6645341,95.5635585,railway=level_crossing,
4743832368,27.6689242,95.5633838,railway=level_crossing,
4743832384,27.6823138,95.5627463,railway=level_crossing,
4743832396,27.6829363,95.5627005,railway=level_crossing,
4743832397,27.6835619,95.5626719,railway=level_crossing,
4743832407,27.6850798,95.5625783,railway=level_crossing,
4743832409,27.6872998,95.5624839,railway=level_crossing,
4743903008,27.6524761,95.5630817,railway=level_crossing,
4743930777,27.6214539,95.5577599,railway=level_crossing,
4743930809,27.6277724,95.5585153,railway=level_crossing,
4743931156,27.62933,95.5585656,railway=level_crossing,
4745781765,27.4710565,95.5061118,railway=level_crossing,
4745781771,27.4725497,95.5000219,railway=level_crossing,
4745781783,27.4739292,95.4943383,railway=level_crossing,
4745785289,27.4140312,95.6107823,railway=level_crossing,
4745785291,27.4148662,95.6104231,railway=level_crossing,
4745785310,27.463027,95.5392282,railway=level_crossing,
4745785818,27.4643278,95.5338005,railway=level_crossing,
4745786403,27.4017365,95.6156891,railway=level_crossing,
4745786490,27.4676185,95.5201894,railway=level_crossing,
4745786526,27.4533215,95.5801047,railway=level_crossing,
4745787046,27.4763838,95.4842142,railway=level_crossing,
4751245356,27.2911692,95.7459662,railway=level_crossing,
4751283124,27.2912331,95.7360463,railway=level_crossing,
4751283127,27.2911882,95.7360503,railway=level_crossing,
4751283131,27.2937516,95.6806714,railway=level_crossing,
4751283149,27.2887102,95.7257412,railway=level_crossing,
4769127024,26.6407323,91.0954164,highway=bus_stop,
4769513727,26.7242795,95.0321288,highway=bus_stop,
4885600962,24.8025613,92.2347782,railway=level_crossing,
4885600976,24.8150591,92.2827765,railway=level_crossing,
4885600994,24.8053572,92.2385516,railway=level_crossing,
4885601000,24.8236767,92.2895161,railway=level_crossing,
4885601016,24.7166458,92.347127,railway=level_crossing,
4885601022,24.6771704,92.3426266,railway=level_crossing,
4885601025,24.6765554,92.3453718,railway=level_crossing,
4885601045,24.6046721,92.3191974,railway=level_crossing,
4885601051,24.5869435,92.302728,railway=level_crossing,
4885601055,24.5721161,92.2938254,railway=level_crossing,
4885601076,24.4371242,92.243025,railway=level_crossing,
4885601094,24.4791916,92.2650017,railway=level_crossing,
4885601109,24.5593711,92.2993773,railway=level_crossing,
4890614215,26.1495201,91.7716795,traffic_calming,bump
4890614224,26.1483427,91.7730582,traffic_calming,bump
4890614260,26.1442592,91.7745951,traffic_calming,chicane
4904892516,25.9887044,90.7932019,railway=level_crossing,
4904966518,26.1029391,90.6545046,railway=level_crossing,
4905254762,25.2116039,91.7407148,highway=bus_stop,
4905938628,25.2022376,91.9154875,highway=street_lamp,
4905938630,25.2022576,91.9155592,highway=street_lamp,
4905938631,25.2016679,91.9160588,highway=street_lamp,
4905938638,25.2010424,91.9161064,highway=street_lamp,
4907087604,26.1616589,92.6709116,railway=level_crossing,
4907087629,26.160236,92.6613818,railway=level_crossing,
4907121190,26.0429973,92.7979309,railway=level_crossing,
4907121480,26.1041507,92.7453366,railway=level_crossing,
4925822861,26.106108,91.709142,highway=crossing,zebra
4925822894,26.1024562,91.7110061,highway=crossing,zebra
4925965268,26.1131469,91.6810735,highway=crossing,zebra
4955528023,25.297409,91.5819682,highway=crossing,
4963773517,24.2011125,92.5421278,railway=level_crossing,
4972482509,26.1678472,91.6860952,railway=level_crossing,
4972482920,26.1701267,91.6776215,railway=level_crossing,
4975070682,26.1432359,91.8481949,railway=level_crossing,
4975070689,26.1473543,91.8420739,railway=level_crossing,
4975070701,26.1455669,91.8470174,railway=level_crossing,
4975070702,26.147093,91.8419094,railway=level_crossing,
4976541535,26.1405369,91.8057681,highway=crossing,zebra
4976598687,26.2656737,91.6950845,railway=level_crossing,
4977206450,26.1055648,91.7734102,highway=crossing,zebra
4978330214,26.1827161,91.7889682,railway=level_crossing,
4978913224,26.1169182,91.7964641,highway=crossing,
4979394199,26.1688172,91.6842571,railway=level_crossing,
4992470460,26.2086051,91.6858327,highway=crossing,marked
4994643326,26.2635962,91.7199548,highway=crossing,
4996680718,26.3312149,91.7067403,railway=level_crossing,
4996689052,26.3487165,91.6780715,railway=level_crossing,
5001393937,26.247363,91.6896839,railway=level_crossing,
5019387625,26.1657178,91.9754979,railway=level_crossing,
5019387665,26.1464803,91.981848,railway=level_crossing,
5019387719,26.1823814,91.834804,railway=level_crossing,
5019387723,26.182243,91.8348482,railway=level_crossing,
5019387733,26.1822948,91.8348348,railway=level_crossing,
5019387744,26.1793734,91.8241653,railway=level_crossing,
5019387745,26.1794133,91.824155,railway=level_crossing,
5053230216,26.0711697,91.5808841,railway=level_crossing,
5064958236,27.1349633,94.0579991,traffic_calming,cushion
5067661631,24.8510779,92.7633021,railway=level_crossing,
5067662114,24.867996,92.5700847,railway=level_crossing,
5078223179,26.7600025,94.218628,railway=level_crossing,
5078223180,26.7583844,94.2190334,railway=level_crossing,
5078223187,26.7600121,94.2186601,railway=level_crossing,
5078223586,26.7530105,94.220382,railway=level_crossing,
5078258528,26.6885425,92.757099,railway=level_crossing,
5078290887,26.8248387,92.687274,railway=level_crossing,
5078290909,26.8248083,92.6873069,railway=level_crossing,
5078292424,26.8189112,92.6790642,railway=level_crossing,
5078292432,26.8191734,92.6704984,railway=level_crossing,
5106211141,26.4510007,91.4276084,railway=level_crossing,
5131448230,24.6724375,92.5661882,railway=level_crossing,
5207580623,26.1576721,91.6727336,highway=bus_stop,
5208964901,26.3479811,92.7055741,railway=level_crossing,
5232412320,24.5479091,92.4283396,railway=level_crossing,
5237166688,24.814813,92.9980297,railway=level_crossing,
5249511819,24.8674359,93.9402549,highway=crossing,zebra
5255419806,26.1824924,91.7823551,railway=level_crossing,
5255443624,26.1494979,91.7854671,highway=traffic_signals,
5263012422,26.6541194,94.3187951,highway=bus_stop,
5271229921,25.6564187,94.0993015,highway=bus_stop,
5284357917,26.0469237,89.8173296,highway=crossing,
5284388628,26.0452471,89.8166316,highway=crossing,
5289145324,24.5347715,93.8346067,highway=bus_stop,
5318051321,27.8404994,95.2216061,highway=bus_stop,
5344536521,27.4892643,95.3634572,highway=bus_stop,
5439495932,26.1227956,91.8057602,highway=crossing,traffic_signals
5439622809,26.1227793,91.8059384,highway=crossing,traffic_signals
5439623288,26.1225625,91.8059206,highway=crossing,traffic_signals
5439623315,26.1225916,91.8057376,highway=crossing,traffic_signals
5444879336,26.128694,91.8058914,highway=crossing,
5463918837,24.6777363,92.3408765,railway=level_crossing,
5463918843,24.6767018,92.3444049,railway=level_crossing,
5549380536,25.2849138,91.7215353,highway=bus_stop,
5582081672,26.4510468,91.4675101,railway=level_crossing,
5622971341,26.1498538,91.785304,highway=traffic_signals,
5647749422,26.150737,91.7840945,highway=bus_stop,
5730492119,25.8418312,93.44245,railway=level_crossing,
5730492226,25.7527971,93.32724,railway=level_crossing,
5730492303,25.8340437,93.4358688,railway=level_crossing,
5730778196,26.1905461,89.9017624,railway=level_crossing,
5735512977,26.2844499,93.9911377,highway=traffic_signals,
5739563685,26.7716743,92.9576274,railway=level_crossing,
5739564149,26.8081968,92.8963424,railway=level_crossing,
5739564150,26.8113015,92.8912995,railway=level_crossing,
5739564637,26.7652847,92.9732911,railway=level_crossing,
5739564707,26.7686884,92.9649246,railway=level_crossing,
5739564892,26.7851365,93.2108006,railway=level_crossing,
5739564924,26.7973422,93.243311,railway=level_crossing,
5739619531,25.9986229,91.202488,railway=level_crossing,
5739620438,26.0113535,91.2808695,railway=level_crossing,
5739620820,26.0000197,91.2342877,railway=level_crossing,
5743946010,26.0430956,91.3552802,railway=level_crossing,
5744150522,26.0781914,91.5038664,railway=level_crossing,
5749900174,24.7423991,92.3500291,railway=level_crossing,
5749900178,24.7689667,92.3751819,railway=level_crossing,
5749900205,24.8514291,92.4394559,railway=level_crossing,
5749900212,24.856308,92.4728116,railway=level_crossing,
5749905060,24.6035746,92.5514862,railway=level_crossing,
5749905062,24.6126047,92.5499896,railway=level_crossing,
5749905070,24.5990292,92.5604755,railway=level_crossing,
5749905075,24.5745856,92.5989639,railway=level_crossing,
5749905080,24.5077705,92.5920627,railway=level_crossing,
5753689962,26.9778796,94.8038849,railway=level_crossing,
5753922065,27.0103071,94.9081661,railway=level_crossing,
5754319097,26.8990347,94.7159302,railway=level_crossing,
5760200665,26.1746877,91.9785742,railway=level_crossing,
5760205544,26.2039756,91.8582306,railway=level_crossing,
5760547570,26.8281,92.74376,railway=level_crossing,
5760548343,26.8122265,92.5941293,railway=level_crossing,
5760548347,26.7167717,92.7263182,railway=level_crossing,
5760548350,26.7127177,92.7288419,railway=level_crossing,
5760548352,26.7148857,92.726605,railway=level_crossing,
5760548372,26.773395,92.7198368,railway=level_crossing,
5775206977,26.0780089,89.9520743,railway=level_crossing,
5775207048,26.0954306,89.8882225,railway=level_crossing,
5775207050,26.0964345,89.8845353,railway=level_crossing,
5775207119,26.0875651,89.9170683,railway=level_crossing,
5775677435,26.4514794,91.3336577,railway=level_crossing,
5775677456,26.4508158,91.3975034,railway=level_crossing,
5775677457,26.4509359,91.3975006,railway=level_crossing,
5775677640,26.4994925,91.0826492,railway=level_crossing,
5775680154,26.4727038,91.2635134,railway=level_crossing,
5775866737,26.199059,92.4023673,railway=level_crossing,
5775867148,26.2415653,92.2679338,highway=traffic_signals,
5779960665,26.4984021,90.6914159,railway=level_crossing,
5779960784,26.4978053,90.7018019,railway=level_crossing,
5781710868,26.889032,93.6101622,railway=level_crossing,
5781710869,26.8934193,93.616502,railway=level_crossing,
5781710870,26.884659,93.6037781,railway=level_crossing,
5781710893,26.901733,93.6286015,railway=level_crossing,
5781710936,26.9675315,93.812657,railway=level_crossing,
5781711575,26.9432563,93.8007495,railway=level_crossing,
5782201414,26.8428262,93.2955169,railway=level_crossing,
5782201418,26.8128371,92.8885004,railway=level_crossing,
5782201420,26.8121579,92.8505702,railway=level_crossing,
5782201423,26.8117168,92.8385282,railway=level_crossing,
5783966648,26.7731264,94.5817744,railway=level_crossing,
5783967546,26.7993792,94.5558826,railway=level_crossing,
5783967632,26.8318106,94.5671926,railway=level_crossing,
5783967858,26.856829,94.6306617,railway=level_crossing,
5783967903,26.7817937,94.5732357,railway=level_crossing,
5783967911,26.8103313,94.5221328,railway=level_crossing,
5783969004,25.9860089,90.9879794,railway=level_crossing,
5784083171,27.1552531,93.947253,railway=level_crossing,
5784084615,26.9322069,93.7836862,railway=level_crossing,
5787590305,26.4339469,92.8924875,railway=level_crossing,
5787686579,26.0585442,91.3747262,railway=level_crossing,
5787686779,26.0639477,91.3928768,railway=level_crossing,
5787686796,26.0621141,91.3812514,railway=level_crossing,
5787686854,26.0716575,91.4194265,railway=level_crossing,
5787686896,26.074066,91.4280326,railway=level_crossing,
5787703471,26.0768838,91.4873881,railway=level_crossing,
5789241158,26.4969812,91.1829774,railway=level_crossing,
5789241214,26.4914155,91.2026975,railway=level_crossing,
5789241827,26.4771244,91.2496953,railway=level_crossing,
5792354097,26.523791,91.71713,railway=level_crossing,
5792354105,26.5304102,91.7251057,railway=level_crossing,
5792828999,26.4655579,92.5808445,railway=level_crossing,
5792829004,26.4345125,92.6898205,railway=level_crossing,
5792829012,26.4177061,92.7404907,railway=level_crossing,
5792829199,26.45132,92.4279866,railway=level_crossing,
5792829712,26.4682561,92.546525,railway=level_crossing,
5792829885,26.4674537,92.5369457,railway=level_crossing,
5792960034,26.2050747,92.4298454,railway=level_crossing,
5793674423,26.1825335,92.3490847,railway=level_crossing,
5796561664,26.8049603,92.3561287,railway=level_crossing,
5796561708,26.8148605,92.3911196,railway=level_crossing,
5796710784,26.8503087,93.3341447,railway=level_crossing,
5796710785,26.8502402,93.3609269,railway=level_crossing,
5796710788,26.8559781,93.5338459,railway=level_crossing,
5796710798,26.8729269,93.4473462,railway=level_crossing,
5796710799,26.8686882,93.4279198,railway=level_crossing,
5796710801,26.8675032,93.4255299,railway=level_crossing,
5796961384,26.7408163,92.0592264,railway=level_crossing,
5796962673,26.7027819,91.9597262,railway=level_crossing,
5796962712,26.6579089,91.909912,railway=level_crossing,
5796962994,26.693029,91.9497782,railway=level_crossing,
5796963001,26.7298373,91.9997636,railway=level_crossing,
5796963577,26.7366833,92.0198917,railway=level_crossing,
5797001558,24.849912,92.4934258,railway=level_crossing,
5800306387,27.473959,95.1386199,railway=level_crossing,
5800307105,27.3958232,95.3118159,railway=level_crossing,
5800452079,26.6686249,93.9997509,railway=level_crossing,
5800452474,26.6680553,94.0062417,railway=level_crossing,
5800452676,26.6629863,93.9505892,railway=level_crossing,
5800452800,26.6474105,93.8771503,railway=level_crossing,
5800452907,26.6687043,93.9810627,railway=level_crossing,
5801921118,25.9671841,92.8970618,railway=level_crossing,
5802145980,27.0158625,94.6650704,railway=level_crossing,
5802146019,26.9724805,94.6891959,railway=level_crossing,
5802146068,26.9245817,94.7646203,railway=level_crossing,
5802146069,26.9245867,94.7652366,railway=level_crossing,
5802146117,26.9581437,94.7895921,railway=level_crossing,
5802146353,26.972185,94.6107066,highway=crossing,unmarked
5802146837,26.8729578,94.6650167,railway=level_crossing,
5802146838,26.8634545,94.6447433,railway=level_crossing,
5802147060,26.8663648,94.6508643,railway=level_crossing,
5802253399,26.6036886,93.8417097,railway=level_crossing,
5802934091,27.1986762,95.3348355,railway=level_crossing,
5802934094,27.1972079,95.3397307,railway=level_crossing,
5802938605,27.1959237,95.3656411,highway=crossing,unmarked
5803097094,27.315935,95.3199432,railway=level_crossing,
5803169180,24.2712211,91.387024,railway=level_crossing,
5804671912,27.0878215,95.1124999,railway=level_crossing,
5804672120,27.0624428,95.0266905,railway=level_crossing,
5804672122,27.1119597,94.8486645,railway=level_crossing,
5804672661,27.0699328,94.7458674,railway=level_crossing,
5804672719,27.0879754,94.7798941,railway=level_crossing,
5806027496,26.4887815,90.5098986,railway=level_crossing,
5806082172,26.8119014,92.5870983,railway=level_crossing,
5806082198,26.8111471,92.5789162,railway=level_crossing,
5809448675,26.5020805,90.972951,railway=level_crossing,
5809452815,26.1288097,92.0774034,railway=level_crossing,
5809536293,26.121643,92.2109833,railway=level_crossing,
5809536294,26.1216781,92.210783,railway=level_crossing,
5810424315,27.364534,95.3064522,railway=level_crossing,
5810429854,27.2131317,95.3283001,railway=level_crossing,
5810429884,27.1977399,95.3384879,railway=level_crossing,
5810517407,26.1341836,92.0090694,railway=level_crossing,
5811990207,26.4296596,91.6148514,railway=level_crossing,
5811990299,26.4375783,91.6133238,railway=level_crossing,
5811990604,26.4510071,91.4852975,railway=level_crossing,
5812660273,26.3414336,90.6474751,railway=level_crossing,
5812888059,26.2860591,90.0291351,railway=level_crossing,
5812888329,26.0822892,89.936301,railway=level_crossing,
5812888388,26.1936048,89.902393,railway=level_crossing,
5812888412,26.4293274,89.9706796,railway=level_crossing,
5812888413,26.4292764,89.9706322,railway=level_crossing,
5812888441,26.4042378,90.0806102,railway=level_crossing,
5812888442,26.4041663,90.080615,railway=level_crossing,
5812888444,26.3820851,90.1279704,railway=level_crossing,
5812888445,26.3816761,90.1278764,railway=level_crossing,
5812888447,26.4287711,89.8998075,railway=level_crossing,
5812888448,26.4288083,89.8998349,railway=level_crossing,
5821328193,26.3226738,91.7115502,railway=level_crossing,
5821328216,26.3390147,91.6937198,railway=level_crossing,
5821907535,26.1236579,91.9924954,railway=level_crossing,
5823761832,26.2630079,90.5885306,railway=level_crossing,
5823763179,26.2436976,90.5773725,railway=level_crossing,
5834611213,27.3335162,94.8499039,railway=level_crossing,
5834920271,26.7095374,94.3963079,railway=level_crossing,
5836458783,26.681808,94.3603713,railway=level_crossing,
5843419685,27.7499033,95.053838,highway=crossing,zebra
5843419686,27.7500512,95.0537067,highway=crossing,zebra
5843419689,27.749999,95.0535015,highway=crossing,zebra
5859155515,26.0696694,91.5471588,railway=level_crossing,
5872897883,26.4438812,91.6139009,railway=level_crossing,
5872897894,26.4439247,91.6138791,railway=level_crossing,
5905601995,25.671594,94.1070873,highway=crossing,
5936720596,24.8551129,92.4769387,railway=level_crossing,
6089194687,26.1206584,91.8213531,highway=bus_stop,
6093126705,26.1372519,91.6274603,highway=bus_stop,
6095916594,26.1410846,91.7621359,highway=bus_stop,
6095916598,26.1440404,91.7649298,highway=bus_stop,
6095918789,26.1413344,91.7646239,highway=bus_stop,
6095918790,26.1445478,91.7666848,highway=bus_stop,
6102407875,26.4807925,94.012835,railway=level_crossing,
6102883266,25.7488231,93.1842783,railway=level_crossing,
6102883277,25.7487651,93.1862309,railway=level_crossing,
6102925048,26.7040501,94.2468768,railway=level_crossing,
6104814987,25.1862505,92.019282,highway=bus_stop,
6104834485,25.1839145,92.0318692,highway=bus_stop,
6105240892,26.7013494,92.2363667,traffic_calming,rumble_strip
6105240893,26.6982143,92.2648084,traffic_calming,rumble_strip
6105240894,26.6977893,92.389097,traffic_calming,rumble_strip
6105240895,26.704339,92.495871,traffic_calming,rumble_strip
6105240896,26.7044214,92.4978501,traffic_calming,rumble_strip
6105240897,26.7037912,92.5339714,traffic_calming,rumble_strip
6105240898,26.7062401,92.5360876,traffic_calming,rumble_strip
6105240899,26.7071625,92.5368199,traffic_calming,rumble_strip
6105240900,26.7078159,92.5379869,traffic_calming,rumble_strip
6105240901,26.6437801,92.7787346,traffic_calming,bump
6105240902,26.6427518,92.7794214,traffic_calming,bump
6110287693,26.5134277,92.1338236,traffic_calming,rumble_strip
6110287694,26.5120856,92.1320665,traffic_calming,rumble_strip
6112375047,26.4815974,91.2354353,railway=level_crossing,
6124482796,26.6230035,94.2679953,railway=level_crossing,
6128048100,26.1082778,89.8411968,railway=level_crossing,
6128048390,26.0254613,89.976372,railway=level_crossing,
6132273386,26.1415516,91.7571289,highway=bus_stop,
6132275948,26.0714856,93.8230842,railway=level_crossing,
6132275959,26.7926654,92.2979584,railway=level_crossing,
6132275960,26.1689767,89.7860078,railway=level_crossing,
6132276455,26.813659,92.4089056,railway=level_crossing,
6132276457,27.4597547,95.0395891,railway=level_crossing,
6132276468,26.4307686,90.0130643,railway=level_crossing,
6132276481,27.4780638,95.2978428,railway=level_crossing,
6132277013,27.3912907,95.6162632,railway=level_crossing,
6132277335,27.4567463,95.5655436,railway=level_crossing,
6132277367,27.0813628,94.7703117,railway=level_crossing,
6132277373,25.9854813,90.8901828,railway=level_crossing,
6132277690,26.809854,92.5702815,railway=level_crossing,
6132277693,27.4620816,95.3513936,railway=level_crossing,
6132277699,26.7323486,92.175734,railway=level_crossing,
6132277711,27.3052542,95.6559177,railway=level_crossing,
6132277716,26.8052867,92.3571795,railway=level_crossing,
6132277723,27.290634,95.744196,railway=level_crossing,
6132277733,26.9530227,94.7858766,railway=level_crossing,
6132277739,27.4866233,95.4284326,railway=level_crossing,
6132277775,27.425189,94.470879,railway=level_crossing,
6132277905,25.9838121,90.873101,railway=level_crossing,
6132277924,26.8411133,94.5941459,railway=level_crossing,
6132277926,26.6222834,94.266556,railway=level_crossing,
6132277927,27.5548846,95.5403982,railway=level_crossing,
6132277986,27.4863668,95.3776308,railway=level_crossing,
6132277991,27.4618839,95.5440276,railway=level_crossing,
6132278003,27.4605517,95.5494391,railway=level_crossing,
6132278007,27.4098203,95.3238453,railway=level_crossing,
6132278046,26.4857869,91.2212244,railway=level_crossing,
6132278116,27.5558116,95.5414364,railway=level_crossing,
6132278131,25.81445,93.626484,railway=level_crossing,
6132278138,26.7428618,92.0800643,railway=level_crossing,
6132278154,26.8191523,92.6635714,railway=level_crossing,
6132278180,27.5357442,95.498652,railway=level_crossing,
6132278181,27.4863197,95.3753552,railway=level_crossing,
6152585723,24.9523687,92.6572157,railway=level_crossing,
6152585829,25.0904075,92.7993652,railway=level_crossing,
6152585859,25.0565795,92.8004716,railway=level_crossing,
6154014534,24.9368557,92.5991235,railway=level_crossing,
6156206429,26.1425231,91.7867494,highway=bus_stop,
6159101767,26.1448989,91.7861771,highway=bus_stop,
6159117545,26.1445127,91.7751636,highway=bus_stop,
6159118735,26.1443663,91.7714091,highway=bus_stop,
6159118758,26.144383,91.7684012,highway=bus_stop,
6160665837,26.1116917,91.7492994,highway=crossing,marked
6162958042,26.4225096,92.8619206,railway=level_crossing,
6163796142,26.1329629,91.8065335,highway=bus_stop,
6163796143,26.1385645,91.7993794,highway=bus_stop,
6163807967,26.1411795,91.7961905,highway=bus_stop,
6163808334,26.1527936,91.7842727,highway=bus_stop,
6163808492,26.1454998,91.7864776,highway=bus_stop,
6177836726,26.1443859,91.7796789,highway=bus_stop,
6180987935,26.1449612,91.7857667,highway=crossing,
6180989788,26.1445031,91.7673241,traffic_calming,bump
6181004794,26.1481345,91.7726186,traffic_calming,bump
6181004809,26.1549205,91.7694922,traffic_calming,bump
6203746200,25.2102607,91.894007,highway=bus_stop,
6203901239,25.2951811,91.6758066,highway=bus_stop,
6205665187,26.1571115,91.69698,railway=level_crossing,
6205680458,26.1713337,91.7273389,railway=level_crossing,
6240997741,25.6837675,94.105724,highway=crossing,marked
6241280097,25.6916326,94.0915291,highway=crossing,marked
6241719674,24.8230882,92.6643756,railway=level_crossing,
6241720745,24.747997,92.5942012,railway=level_crossing,
6244828335,24.9640677,92.6921645,railway=level_crossing,
6246652918,25.3129949,93.1297352,railway=level_crossing,
6246652959,25.3022121,93.1381463,railway=level_crossing,
6251363629,27.4601694,95.5511098,railway=level_crossing,
6251363692,27.2361248,94.9193336,railway=level_crossing,
6251363744,27.0938786,94.7884705,railway=level_crossing,
6251363750,27.1301222,94.873133,railway=level_crossing,
6251363793,26.2936041,90.0460737,railway=level_crossing,
6251363814,27.4543343,94.2435994,railway=level_crossing,
6251363817,27.4962988,95.4564001,railway=level_crossing,
6251363829,27.0128735,94.6630365,railway=level_crossing,
6251363833,26.8151539,92.6329679,railway=level_crossing,
6251363870,25.8182114,93.6341409,railway=level_crossing,
6251363880,26.8000172,92.5191436,railway=level_crossing,
6251363884,27.4622719,95.5423522,railway=level_crossing,
6251363893,26.8090854,92.3703749,railway=level_crossing,
6251363894,26.2513268,89.7717808,railway=level_crossing,
6251363908,27.48273,95.3446988,railway=level_crossing,
6251363957,26.7385157,92.1540891,railway=level_crossing,
6251363969,27.4294807,94.4803046,railway=level_crossing,
6251363979,26.739684,92.0468463,railway=level_crossing,
6251364238,25.9871032,90.9027032,railway=level_crossing,
6251364254,27.4871156,95.3690524,railway=level_crossing,
6251364263,26.1303046,89.796618,railway=level_crossing,
6251364265,27.4869668,95.4324562,railway=level_crossing,
6251364279,27.4867135,95.3719957,railway=level_crossing,
6251364310,27.2908135,95.6997628,railway=level_crossing,
6251364317,26.1201303,92.1157169,railway=level_crossing,
6251364318,26.7436783,92.0888682,railway=level_crossing,
6251364327,26.850296,93.3402308,railway=level_crossing,
6251364336,26.1220719,92.1710766,railway=level_crossing,
6251364342,27.4782666,95.2937266,railway=level_crossing,
6251364345,27.4786359,95.2926796,railway=level_crossing,
6251364347,27.4786334,95.3290682,railway=level_crossing,
6251364349,27.4784463,95.2930978,railway=level_crossing,
6251364352,27.4782863,95.3288679,railway=level_crossing,
6251364367,25.9889695,90.9173337,railway=level_crossing,
6251364374,26.8132268,92.4155451,railway=level_crossing,
6251364589,27.4587702,95.0597104,railway=level_crossing,
6251364639,27.4761875,95.1240117,railway=level_crossing,
6251364640,27.4841046,95.4069614,railway=level_crossing,
6251364664,27.4838157,95.3842226,railway=level_crossing,
6251364679,26.9384435,94.7548672,railway=level_crossing,
6251364681,27.4591483,95.0483791,railway=level_crossing,
6251364917,27.4971718,95.2289529,railway=level_crossing,
6251364933,26.80181,92.4880045,railway=level_crossing,
6251364939,26.4506962,91.3619463,railway=level_crossing,
6251365316,26.8145433,92.3962198,railway=level_crossing,
6251365328,26.9353096,94.7615123,railway=level_crossing,
6251365337,27.1075536,94.8173456,railway=level_crossing,
6251365355,25.9882601,90.9117255,railway=level_crossing,
6251365361,26.8503084,93.3301735,railway=level_crossing,
6251365362,25.8114034,93.605147,railway=level_crossing,
6251365365,27.4569576,94.2351099,railway=level_crossing,
6251365596,27.4241259,94.4525599,railway=level_crossing,
6251365629,27.4589056,95.0678533,railway=level_crossing,
6251365638,27.4836175,95.4048554,railway=level_crossing,
6251365668,27.4748152,95.1486204,railway=level_crossing,
6251365687,26.4314091,90.0189663,railway=level_crossing,
6251365710,27.4835075,95.3933199,railway=level_crossing,
6251365713,25.9896398,90.9223707,railway=level_crossing,
6251365788,27.5395023,95.5079788,railway=level_crossing,
6251365797,27.4740894,95.1427092,railway=level_crossing,
6251365803,27.4987816,95.2235505,railway=level_crossing,
6251365813,27.4835358,95.3968937,railway=level_crossing,
6251365826,26.8155877,92.6358686,railway=level_crossing,
6251365829,27.2581949,95.3341992,railway=level_crossing,
6251365837,26.4979984,91.1400843,railway=level_crossing,
6251365848,27.4863323,95.374893,railway=level_crossing,
6251365875,26.8889139,94.699346,railway=level_crossing,
6251365881,27.5251966,95.4885853,railway=level_crossing,
6251366003,27.4089288,95.3230468,railway=level_crossing,
6251366005,26.8019505,92.4856775,railway=level_crossing,
6251366012,26.2512057,89.9542929,railway=level_crossing,
6251366016,27.4646586,95.5325483,railway=level_crossing,
6251366043,27.5365109,95.5006054,railway=level_crossing,
6251366048,26.9996375,94.6493399,railway=level_crossing,
6251366059,27.1165724,95.1746782,railway=level_crossing,
6251366062,27.464009,95.5352212,railway=level_crossing,
6251366071,27.4631375,95.5388311,railway=level_crossing,
6251366073,27.4870175,95.4352832,railway=level_crossing,
6251366075,27.4626948,95.5406835,railway=level_crossing,
6251366390,27.4861124,95.3786213,railway=level_crossing,
6251366392,27.4548788,94.2418792,railway=level_crossing,
6251366399,26.9364858,94.773885,railway=level_crossing,
6251366401,27.4574467,94.2335122,railway=level_crossing,
6251366408,27.4869882,95.4334553,railway=level_crossing,
6251366410,27.4829596,95.3455029,railway=level_crossing,
6251366415,27.4635569,95.5371021,railway=level_crossing,
6251366418,26.9507656,94.7288066,railway=level_crossing,
6251366429,27.4869222,95.3703792,railway=level_crossing,
6251366439,27.409276,95.3233571,railway=level_crossing,
6251366441,27.4868082,95.3712275,railway=level_crossing,
6251366444,26.9510587,94.7279065,railway=level_crossing,
6251366447,26.9763407,94.6830892,railway=level_crossing,
6251366453,27.5360514,95.4994609,railway=level_crossing,
6251366456,27.4870087,95.3697574,railway=level_crossing,
6251366459,27.5358854,95.4990419,railway=level_crossing,
6251366466,27.4870023,95.4339198,railway=level_crossing,
6251366473,27.5059732,95.4747666,railway=level_crossing,
6251366481,27.4632435,95.5383796,railway=level_crossing,
6251366604,27.4871523,95.3687443,railway=level_crossing,
6251366635,27.4839237,95.3839213,railway=level_crossing,
6251366640,27.4788467,95.2923013,railway=level_crossing,
6251366668,26.9331513,94.7714259,railway=level_crossing,
6251366669,27.0561317,94.9908861,railway=level_crossing,
6251366671,27.1734117,94.9111995,railway=level_crossing,
6251366676,26.5647107,94.1030962,railway=level_crossing,
6251366680,27.1294554,95.2024941,railway=level_crossing,
6251366683,26.9793973,94.678036,railway=level_crossing,
6251366698,26.0399302,93.8059368,railway=level_crossing,
6251366700,25.9258145,93.7330548,railway=level_crossing,
6251366703,27.0982573,95.135088,railway=level_crossing,
6251366704,27.2896015,95.6605772,railway=level_crossing,
6251366706,27.2969888,95.6575272,railway=level_crossing,
6251366708,27.1127893,94.8511403,railway=level_crossing,
6251366711,27.214138,95.3291617,railway=level_crossing,
6251366714,27.00518,94.8493859,railway=level_crossing,
6251366725,26.9502917,94.7301542,railway=level_crossing,
6251366728,26.8228006,94.5408915,railway=level_crossing,
6251366730,26.6149964,94.2439479,railway=level_crossing,
6251366737,27.3886202,95.3072135,railway=level_crossing,
6251366738,26.8008629,92.5046199,railway=level_crossing,
6251366739,27.3506937,95.3060414,railway=level_crossing,
6251366749,27.0800464,95.0957334,railway=level_crossing,
6251366752,27.1061663,94.8077482,railway=level_crossing,
6251366754,27.0678422,94.731862,railway=level_crossing,
6251366755,26.688588,91.9452753,railway=level_crossing,
6251366760,27.349524,94.1110035,railway=level_crossing,
6251366761,26.7956283,92.3137349,railway=level_crossing,
6251366773,26.7381057,92.0304649,railway=level_crossing,
6251366775,26.2561835,89.7706476,railway=level_crossing,
6251366781,26.7434068,92.1314279,railway=level_crossing,
6251366784,26.4579733,91.3122839,railway=level_crossing,
6251366799,26.1775791,91.9815482,railway=level_crossing,
6251366802,26.3329084,90.1071667,railway=level_crossing,
6251366806,26.4306087,90.008937,railway=level_crossing,
6251366811,26.2173033,89.7839742,railway=level_crossing,
6251366832,26.162874,89.7876739,railway=level_crossing,
6251366888,26.1278135,92.2188803,railway=level_crossing,
6251366890,26.1249436,92.1922195,railway=level_crossing,
6251366906,26.1197803,92.1585253,railway=level_crossing,
6251366917,26.4510643,91.5166572,railway=level_crossing,
6251366968,26.3004865,89.7606276,railway=level_crossing,
6252292932,24.3305912,93.6933979,highway=traffic_signals,
6262209775,24.8595692,92.7517038,railway=level_crossing,
6262209776,24.8596147,92.7517175,railway=level_crossing,
6263361634,24.8320872,93.0312934,railway=level_crossing,
6263361645,24.8299906,93.0280385,railway=level_crossing,
6263361648,24.8235894,93.0243327,railway=level_crossing,
6263364476,24.8253285,92.9079371,railway=level_crossing,
6263364589,24.823585,92.9124091,railway=level_crossing,
6263418433,24.8404741,92.8684422,railway=level_crossing,
6282064085,24.8153519,93.9396038,highway=bus_stop,
6283071285,24.247972,94.3036599,highway=bus_stop,
6284459601,27.5740834,95.5560078,railway=level_crossing,
6284459681,27.59158,95.5567811,railway=level_crossing,
6317779486,26.1858539,91.7490569,highway=bus_stop,
6334166205,25.7625868,93.1330079,railway=level_crossing,
6334166206,25.7614539,93.1327275,railway=level_crossing,
6334166208,25.7614587,93.1326659,railway=level_crossing,
6336366835,24.5244721,92.4252058,railway=level_crossing,
6336366838,24.5523248,92.4278162,railway=level_crossing,
6336366845,24.6221386,92.4006962,railway=level_crossing,
6338287871,24.4577976,92.5493207,railway=level_crossing,
6340536430,26.123594,91.7987391,highway=crossing,
6343720810,26.3474605,91.6800466,railway=level_crossing,
6343721284,26.3153951,91.70945,railway=level_crossing,
6346907897,26.1451188,92.2671163,railway=level_crossing,
6362705566,26.4079375,90.2805054,railway=level_crossing,
6362705567,26.4079808,90.2805054,railway=level_crossing,
6362990791,26.460721,90.4244372,railway=level_crossing,
6362990801,26.460675,90.4244946,railway=level_crossing,
6362990804,26.4606336,90.4245005,railway=level_crossing,
6362990805,26.4605913,90.4245085,railway=level_crossing,
6362990809,26.4605521,90.4245144,railway=level_crossing,
6362990875,26.438583,90.3464777,railway=level_crossing,
6384863587,26.589581,93.4005963,highway=bus_stop,
6396501986,25.5756911,91.8764906,highway=bus_stop,
6437704585,24.2483009,94.3034777,highway=bus_stop,
6590316185,24.5287359,93.8369026,highway=bus_stop,
6609056686,26.5105937,91.1764648,highway=bus_stop,
6609056687,26.4871554,90.6432018,highway=bus_stop,
6609058187,26.4835141,90.9679636,highway=bus_stop,
6627298134,26.3465718,90.6483633,railway=level_crossing,
6627298249,26.3772605,90.612058,railway=level_crossing,
6698537266,27.2357889,95.3334668,railway=level_crossing,
6698538064,27.4993039,95.2134796,railway=level_crossing,
6705996723,27.3017873,94.8954541,railway=level_crossing,
6708419792,27.2767336,95.3317216,railway=level_crossing,
6709242990,25.7510699,93.1720756,railway=level_crossing,
6709242992,25.7510388,93.1725546,railway=level_crossing,
6709243017,25.7509962,93.1725448,railway=level_crossing,
6709243019,25.7510264,93.1720716,railway=level_crossing,
6709243033,25.7509793,93.1720501,railway=level_crossing,
6709243034,25.7509563,93.1725381,railway=level_crossing,
6709243063,25.7508553,93.1728607,railway=level_crossing,
6709243075,25.7491468,93.1824135,railway=level_crossing,
6709371816,27.4990809,95.2124877,railway=level_crossing,
6709381064,27.4981232,95.2256373,railway=level_crossing,
6709381271,27.4994654,95.2192585,railway=level_crossing,
6709381272,27.4990275,95.2227398,railway=level_crossing,
6709381273,27.4988505,95.2232939,railway=level_crossing,
6709381293,27.4989825,95.2120487,railway=level_crossing,
6709381294,27.4979548,95.2076889,railway=level_crossing,
6712405204,27.4584501,95.0664616,railway=level_crossing,
6712405284,27.4610256,95.073374,railway=level_crossing,
6715074810,27.2466395,94.9155242,railway=level_crossing,
6715078791,27.2436388,94.9166156,railway=level_crossing,
6715089298,27.2598721,94.9107269,railway=level_crossing,
6715206087,27.2229667,94.9241108,railway=level_crossing,
6715287784,27.1981877,94.9323115,railway=level_crossing,
6715300640,27.2130926,94.9276716,railway=level_crossing,
6715305127,27.2070151,94.9298978,railway=level_crossing,
6715309104,27.1951979,94.9300821,railway=level_crossing,
6721696913,27.4769304,95.1168557,railway=level_crossing,
6721696937,27.4729426,95.1024199,railway=level_crossing,
6728629632,27.4623976,95.0770369,railway=level_crossing,
6728629653,27.4709383,95.0974079,railway=level_crossing,
6728629947,27.4663941,95.0863972,railway=level_crossing,
6734334604,27.4749236,95.1502624,railway=level_crossing,
6734334638,27.4747287,95.1621286,railway=level_crossing,
6735101208,27.2096692,94.9289361,railway=level_crossing,
6736634095,27.3308043,95.6511129,railway=level_crossing,
6736691209,27.3390646,94.973137,highway=crossing,unmarked
6738274845,27.4078325,95.3220846,railway=level_crossing,
6751955053,27.4841425,95.1746059,highway=crossing,unmarked
6759032297,27.1075457,94.8173352,railway=level_crossing,
6766542649,26.4510876,89.8409366,railway=level_crossing,
6766542650,26.4507012,89.8407777,railway=level_crossing,
6766542651,26.4475221,89.8504291,railway=level_crossing,
6766542654,26.4470767,89.8503596,railway=level_crossing,
6774020766,27.3517388,94.8361912,railway=level_crossing,
6774548385,27.3205023,94.8635883,railway=level_crossing,
6777024963,27.4406097,94.9050448,railway=level_crossing,
6777042703,27.4423448,94.9064076,railway=level_crossing,
6779041647,27.176452,95.3497098,railway=level_crossing,
6779041667,27.1765752,95.3498394,railway=level_crossing,
6779497787,27.4344019,94.8954499,railway=level_crossing,
6780469116,27.2076323,95.3235884,railway=level_crossing,
6780469117,27.1999838,95.3303839,railway=level_crossing,
6788469983,27.4801465,94.928598,railway=level_crossing,
6790159924,27.464398,94.9626356,railway=level_crossing,
6790159925,27.4643568,94.9626066,railway=level_crossing,
6792944657,27.4567274,95.0169807,railway=level_crossing,
6798288812,27.456155,94.9798314,railway=level_crossing,
6801416272,27.4591373,95.0477363,railway=level_crossing,
6801416278,27.4592166,95.0465622,railway=level_crossing,
6801416283,27.4593467,95.0458771,railway=level_crossing,
6801416912,27.4582516,95.030787,railway=level_crossing,
6801437789,27.459825,95.0400246,railway=level_crossing,
6806308279,27.1977847,95.3383409,railway=level_crossing,
6816873279,27.4739493,95.1382607,railway=level_crossing,
6816948540,27.4740666,95.142397,railway=level_crossing,
6817492098,27.4899553,95.1842503,railway=level_crossing,
6819551799,27.4866335,95.177961,railway=level_crossing,
6819623380,27.4938431,95.1908201,railway=level_crossing,
6819705638,27.4953833,95.1973621,railway=level_crossing,
6819705666,27.497341,95.2053449,railway=level_crossing,
6819734091,27.4962947,95.201028,railway=level_crossing,
6828586529,26.4762945,90.549356,railway=level_crossing,
6828586530,26.4762051,90.5492985,railway=level_crossing,
6831398669,26.4732987,90.5040897,railway=level_crossing,
6831398670,26.4997253,90.5132403,railway=level_crossing,
6835732684,26.4775186,90.5056932,railway=level_crossing,
6854699986,24.5016717,93.777412,highway=bus_stop,
6869198487,25.5697323,91.9131979,highway=bus_stop,
6927057328,27.3021126,95.3254593,railway=level_crossing,
6950220526,27.1940127,95.3688441,highway=crossing,unmarked
6959528087,25.5833383,91.908668,highway=bus_stop,
6959757762,25.5711889,91.9201024,highway=bus_stop,
6959952548,25.5759455,91.8829713,highway=bus_stop,
6960013887,25.5922109,91.8731298,highway=bus_stop,
6969847910,25.5609099,91.9061284,highway=bus_stop,
6975814549,25.5709065,91.897365,highway=bus_stop,
6975814567,25.568771,91.8993655,highway=bus_stop,
6975841848,25.556639,91.9115609,highway=bus_stop,
6979226885,26.760026,94.2100053,highway=bus_stop,
6979226886,26.7527053,94.1880336,highway=bus_stop,
6979300786,26.7591501,94.2050208,highway=bus_stop,
6979307185,26.8587847,94.2474954,highway=bus_stop,
6980041586,26.9154907,94.2969684,highway=bus_stop,
6991820485,27.0932074,94.2663898,highway=bus_stop,
6991820685,26.9799804,94.1574213,highway=bus_stop,
7007178027,26.5133255,93.9637217,highway=bus_stop,
7013351685,25.2171549,91.7329858,highway=bus_stop,
7018604538,26.4291278,91.6282313,highway=bus_stop,
7018624047,26.5044554,91.5977203,highway=bus_stop,
7018651315,26.4928,91.5981859,highway=bus_stop,
7034863441,26.5098413,93.9735966,highway=traffic_signals,
7058463714,24.1304031,91.3663936,railway=level_crossing,
7099388816,26.452525,90.5478618,railway=level_crossing,
7099895530,26.0726807,89.9632762,railway=level_crossing,
7102137584,26.2317623,91.9370784,railway=level_crossing,
7102200785,26.2318146,91.9370873,railway=level_crossing,
7102918672,26.2083116,91.963934,railway=level_crossing,
7102918673,26.2082992,91.9638372,railway=level_crossing,
7103125956,26.1497974,91.9796887,railway=level_crossing,
7103165318,26.1342475,92.0091151,railway=level_crossing,
7103165325,26.1419106,91.9916362,railway=level_crossing,
7103165332,26.1465628,91.981976,railway=level_crossing,
7103167325,26.1776167,91.9815007,railway=level_crossing,
7103167437,26.2235434,91.9570557,railway=level_crossing,
7103167438,26.223473,91.9570404,railway=level_crossing,
7103310093,26.1288685,92.0774167,railway=level_crossing,
7103310113,26.1243781,92.0394622,railway=level_crossing,
7103310114,26.1243325,92.0394696,railway=level_crossing,
7103310205,26.1341288,92.0090297,railway=level_crossing,
7103310242,26.1340682,92.0089743,railway=level_crossing,
7106700859,26.1420679,91.8496323,railway=level_crossing,
7106700867,26.1455308,91.8470054,railway=level_crossing,
7106700871,26.1470608,91.8418976,railway=level_crossing,
7106701661,26.1882266,91.8424691,railway=level_crossing,
7106701662,26.188277,91.8424493,railway=level_crossing,
7106704713,26.2044502,91.859123,railway=level_crossing,
7106704714,26.2044778,91.8590453,railway=level_crossing,
7106721855,26.1474668,91.8421313,railway=level_crossing,
7106721858,26.147517,91.8421487,railway=level_crossing,
7106721862,26.1474237,91.8421132,railway=level_crossing,
7106721880,26.1481968,91.8421969,railway=level_crossing,
7106744271,26.1795444,91.8306457,railway=level_crossing,
7106749006,26.1411732,91.8505518,railway=level_crossing,
7106749022,26.1484628,91.8710716,railway=level_crossing,
7106749029,26.1445678,91.8644675,railway=level_crossing,
7106749097,26.1426194,91.8493536,railway=level_crossing,
7106749107,26.1434164,91.8489486,railway=level_crossing,
7106749116,26.1450142,91.8469322,railway=level_crossing,
7106749117,26.1450853,91.8468407,railway=level_crossing,
7106749127,26.1467241,91.8417615,railway=level_crossing,
7106749133,26.1467958,91.8418009,railway=level_crossing,
7106749152,26.1588855,91.8330029,railway=level_crossing,
7106749154,26.1699083,91.8324954,railway=level_crossing,
7106749157,26.1794659,91.8307441,railway=level_crossing,
7106749850,26.182894,91.8382066,highway=crossing,
7106749866,26.1801749,91.8318171,highway=crossing,
7106749867,26.1802209,91.8317669,highway=crossing,
7106749868,26.1800713,91.8316606,highway=crossing,
7106749869,26.1801315,91.8316139,highway=crossing,
7106774416,26.1828067,91.8382659,highway=crossing,
7106774417,26.1829203,91.8385232,highway=crossing,
7106774418,26.1830089,91.8384735,highway=crossing,
7106798863,26.1811406,91.808069,railway=level_crossing,
7106798866,26.1810798,91.8080617,railway=level_crossing,
7106798869,26.1808211,91.8069737,railway=level_crossing,
7106820235,26.1826273,91.7889874,railway=level_crossing,
7106820246,26.1825828,91.7823394,railway=level_crossing,
7106820252,26.1826671,91.782316,railway=level_crossing,
7106820283,26.1825222,91.7943521,railway=level_crossing,
7106869206,26.181752,91.7962351,railway=level_crossing,
7107853244,26.1808731,91.7912464,railway=level_crossing,
7107865694,26.1806219,91.7918619,railway=level_crossing,
7107877113,26.1826589,91.7891248,railway=level_crossing,
7107877114,26.1827436,91.7891051,railway=level_crossing,
7107906674,26.1788058,91.7970975,railway=level_crossing,
7107907813,26.1807029,91.7885779,railway=level_crossing,
7107921282,26.1787709,91.7970282,railway=level_crossing,
7107923008,26.180726,91.7924254,railway=level_crossing,
7107923035,26.1800033,91.794021,railway=level_crossing,
7107930802,26.18065,91.7885498,railway=level_crossing,
7107930890,26.1789557,91.7961717,railway=level_crossing,
7107930908,26.1788399,91.7971308,railway=level_crossing,
7107930966,26.1789237,91.79616,railway=level_crossing,
7107931099,26.1778393,91.8013032,railway=level_crossing,
7107931101,26.1783761,91.8023895,railway=level_crossing,
7107931107,26.1788732,91.7971632,railway=level_crossing,
7107931112,26.1784904,91.8021655,railway=level_crossing,
7107983238,26.1824528,91.7823615,railway=level_crossing,
7107983255,26.1806572,91.7885536,railway=level_crossing,
7107983566,26.1807375,91.7885962,railway=level_crossing,
7108050201,26.182878,91.7619186,railway=level_crossing,
7108050202,26.1828337,91.76192,railway=level_crossing,
7108050209,26.1831157,91.7687083,railway=level_crossing,
7108050211,26.1830007,91.7685874,railway=level_crossing,
7108050212,26.1830634,91.7686494,railway=level_crossing,
7108050218,26.1832147,91.7720592,railway=level_crossing,
7108050219,26.1831413,91.7720551,railway=level_crossing,
7108050223,26.1832531,91.7720583,railway=level_crossing,
7110777764,26.1605353,91.7112416,railway=level_crossing,
7110777767,26.1727704,91.7320442,railway=level_crossing,
7110777768,26.1735068,91.7345616,railway=level_crossing,
7110777770,26.1796479,91.7415958,railway=level_crossing,
7112825622,26.1690292,91.7228431,railway=level_crossing,
7112825624,26.1690901,91.7228046,railway=level_crossing,
7112825631,26.1713836,91.7273341,railway=level_crossing,
7112825632,26.1723666,91.7308912,railway=level_crossing,
7112825639,26.172469,91.7308743,railway=level_crossing,
7112825640,26.1728011,91.7320302,railway=level_crossing,
7112825641,26.1735448,91.7345298,railway=level_crossing,
7112825643,26.17408,91.7361047,railway=level_crossing,
7112825654,26.1796803,91.7415512,railway=level_crossing,
7112920266,26.1570276,91.6969796,railway=level_crossing,
7112920279,26.1570784,91.696983,railway=level_crossing,
7112955597,26.1606082,91.7112129,railway=level_crossing,
7113022597,26.1573827,91.695021,railway=level_crossing,
7113022609,26.1698246,91.686345,railway=level_crossing,
7113022620,26.1661428,91.6872777,railway=level_crossing,
7113022643,26.1700206,91.6762479,railway=level_crossing,
7113022646,26.1703639,91.6806082,railway=level_crossing,
7113022648,26.1702739,91.6793172,railway=level_crossing,
7113022649,26.170076,91.6776278,railway=level_crossing,
7113022650,26.1699788,91.6762561,railway=level_crossing,
7113022659,26.1704173,91.6805948,railway=level_crossing,
7113022662,26.1618083,91.6884461,railway=level_crossing,
7122745379,26.1124967,91.6513369,railway=level_crossing,
7122787801,26.1396226,91.6683735,railway=level_crossing,
7122890545,26.104663,91.6203815,railway=level_crossing,
7122890558,26.0993691,91.6145663,railway=level_crossing,
7122890570,26.097982,91.6123973,railway=level_crossing,
7122890579,26.1046627,91.6203268,railway=level_crossing,
7122915789,26.0993323,91.6145676,railway=level_crossing,
7123060312,26.0875295,91.6005593,railway=level_crossing,
7123060313,26.087594,91.6005127,railway=level_crossing,
7123060316,26.0809354,91.5929941,railway=level_crossing,
7123060324,26.0809234,91.5930943,railway=level_crossing,
7123204013,26.0713008,91.5809036,railway=level_crossing,
7123305975,26.0695825,91.5471485,railway=level_crossing,
7123305976,26.0701343,91.5614017,railway=level_crossing,
7123383839,26.0689052,91.5291906,railway=level_crossing,
7123383842,26.0692832,91.5392715,railway=level_crossing,
7123383843,26.0693506,91.5392875,railway=level_crossing,
7124914122,26.0773864,91.4934005,railway=level_crossing,
7124914130,26.0777151,91.4980277,railway=level_crossing,
7124914250,26.0780273,91.506797,railway=level_crossing,
7124932334,26.0765389,91.4832619,railway=level_crossing,
7124967596,26.0779339,91.4692288,railway=level_crossing,
7129320180,26.0631474,91.3877431,railway=level_crossing,
7129320281,26.0721216,91.4206943,railway=level_crossing,
7129362282,26.0585839,91.3746931,railway=level_crossing,
7129362283,26.062185,91.3812089,railway=level_crossing,
7129385685,26.0631981,91.3877369,railway=level_crossing,
7129385692,26.0640197,91.3928665,railway=level_crossing,
7129385693,26.0721834,91.4206859,railway=level_crossing,
7129385694,26.0717137,91.4194044,railway=level_crossing,
7129385695,26.0740235,91.4263994,railway=level_crossing,
7129385696,26.0741251,91.4280455,railway=level_crossing,
7129423127,26.0780885,91.506795,railway=level_crossing,
7129423128,26.0782383,91.5038808,railway=level_crossing,
7129423129,26.0777745,91.4980161,railway=level_crossing,
7129423130,26.0774253,91.4934221,railway=level_crossing,
7129423131,26.0769257,91.48739,railway=level_crossing,
7129423133,26.0762951,91.475849,railway=level_crossing,
7129423134,26.0779982,91.4692366,railway=level_crossing,
7141394231,25.9818184,90.8386895,railway=level_crossing,
7141394234,25.9815479,90.8496224,railway=level_crossing,
7141394252,25.9885589,90.9140238,railway=level_crossing,
7141409155,26.0281559,91.3296207,railway=level_crossing,
7141409173,26.0273726,91.3276418,railway=level_crossing,
7141409174,26.0282114,91.3295911,railway=level_crossing,
7141410892,26.0431566,91.3552355,railway=level_crossing,
7141430092,26.0273024,91.327674,railway=level_crossing,
7141799418,26.011416,91.2808689,railway=level_crossing,
7141800211,26.0000961,91.2342874,railway=level_crossing,
7147298527,25.9854264,91.1536289,railway=level_crossing,
7147298528,25.9853372,91.153608,railway=level_crossing,
7147298572,25.9942032,91.1736605,railway=level_crossing,uncontrolled
7147303922,25.9942881,91.1736716,railway=level_crossing,
7147304325,25.9986633,91.2024498,railway=level_crossing,
7149393897,25.987019,90.9748542,railway=level_crossing,
7149393898,25.9870952,90.9748911,railway=level_crossing,
7149393903,25.9851493,90.9992258,railway=level_crossing,
7149393909,25.9821097,91.0348253,railway=level_crossing,
7149393912,25.9818321,91.0380732,railway=level_crossing,
7149393914,25.9808525,91.0535289,railway=level_crossing,
7149393921,25.9796411,91.1005157,railway=level_crossing,
7149393922,25.9797004,91.1055878,railway=level_crossing,
7149393923,25.9806894,91.1150861,railway=level_crossing,
7149434094,25.9852651,91.1370742,railway=level_crossing,
7149434095,25.9852174,91.1370742,railway=level_crossing,
7149742437,25.9818883,91.0380766,railway=level_crossing,
7149763817,25.9797062,91.1004996,railway=level_crossing,
7149763818,25.9797834,91.1056146,railway=level_crossing,
7149763860,25.9825451,91.1186205,railway=level_crossing,
7149763861,25.982476,91.1187523,railway=level_crossing,
7149772938,25.9809649,91.053569,railway=level_crossing,
7149772942,25.9801615,91.0650241,railway=level_crossing,
7158971660,26.4883884,90.596718,railway=level_crossing,
7159379627,26.4763438,90.5493781,railway=level_crossing,
7160038502,26.4678858,90.5155105,railway=level_crossing,
7160038568,26.4694734,90.517948,railway=level_crossing,
7160058645,26.4683629,90.5154401,railway=level_crossing,
7160070290,26.4681336,90.5077368,railway=level_crossing,
7161323274,26.4684171,90.4894109,railway=level_crossing,
7161327425,26.4626021,90.4448504,railway=level_crossing,
7161327426,26.4633779,90.4450285,railway=level_crossing,
7161329392,26.4666481,90.4769788,railway=level_crossing,
7161329393,26.4673561,90.4770776,railway=level_crossing,
7205397686,26.1195938,91.8223247,highway=bus_stop,
7205900885,26.1591908,91.8181716,highway=bus_stop,
7216407685,24.8157494,93.9381827,highway=bus_stop,
7236260155,27.1966836,94.0079112,railway=level_crossing,
7254489372,26.9965023,92.6450117,railway=level_crossing,
7254739632,26.818028,92.6531112,railway=level_crossing,
7274012086,24.8229712,93.4765193,highway=bus_stop,
7274012088,24.8480341,93.6262796,highway=bus_stop,
7274012090,24.8067316,93.6482298,highway=bus_stop,
7274014287,24.8177595,93.7492113,highway=bus_stop,
7368236931,26.4309944,90.0189139,railway=level_crossing,
7368236932,26.4311847,90.0129548,railway=level_crossing,
7368236933,26.4309957,90.008859,railway=level_crossing,
7387068383,27.2888862,95.3297006,railway=level_crossing,
7387112085,27.2868441,95.3300468,railway=level_crossing,
7387112089,27.2908506,95.3293801,railway=level_crossing,
7387124536,27.2785153,95.3314208,railway=level_crossing,
7424838743,25.9136972,93.7162367,highway=crossing,unmarked
7424849914,25.9106958,93.7206937,highway=crossing,
7424906597,25.9076955,93.7034871,highway=crossing,
7424906598,25.9091499,93.7050199,highway=crossing,
7424944976,25.9107255,93.7022406,highway=crossing,
7557095645,24.2642048,91.3847343,railway=level_crossing,
7557095678,24.2350349,91.3742395,railway=level_crossing,
7557107378,24.2160682,91.3651248,railway=level_crossing,
7557115560,24.2004956,91.35993,railway=level_crossing,
7557116892,24.1989836,91.3594276,railway=level_crossing,
7557116969,24.2191245,91.3665739,railway=level_crossing,
7557116975,24.1060738,91.3595906,railway=level_crossing,
7557116994,24.2633085,91.3845013,railway=level_crossing,
7557117026,24.2385423,91.375926,railway=level_crossing,
7557117031,24.1294202,91.3663114,railway=level_crossing,
7557117082,24.25004,91.3812154,railway=level_crossing,
7557117087,24.1608912,91.3607892,railway=level_crossing,
7557117160,24.2269615,91.3703788,railway=level_crossing,
7557117182,24.2811034,91.392535,railway=level_crossing,
7557117211,24.244772,91.3789379,railway=level_crossing,
7557117216,24.1549547,91.3620124,railway=level_crossing,
7557117271,24.1753754,91.3577752,railway=level_crossing,
7557117327,24.197718,91.3590245,railway=level_crossing,
7557117504,24.2637069,91.3846002,railway=level_crossing,
7557117537,24.2362176,91.3748056,railway=level_crossing,
7557117594,24.2450653,91.3790815,railway=level_crossing,
7557117598,24.1594287,91.3610775,railway=level_crossing,
7557117618,24.2137962,91.3643527,railway=level_crossing,
7557117642,24.2627086,91.3843463,railway=level_crossing,
7557117672,24.2250316,91.3694284,railway=level_crossing,
7557117678,24.1182645,91.3644478,railway=level_crossing,
7557117694,24.2756986,91.3890133,railway=level_crossing,
7557117725,24.2426772,91.3779298,railway=level_crossing,
7557117730,24.1533979,91.3623274,railway=level_crossing,
7557117781,24.2542169,91.3822537,railway=level_crossing,
7557117785,24.1713295,91.3586166,railway=level_crossing,
7557117917,24.2166704,91.3653852,railway=level_crossing,
7557118038,24.2029725,91.3607722,railway=level_crossing,
7557118082,24.260818,91.3838849,railway=level_crossing,
7557118113,24.2219722,91.3679531,railway=level_crossing,
7557118119,24.1124234,91.3621317,railway=level_crossing,
7557118135,24.2695896,91.3863132,railway=level_crossing,
7557118167,24.2423138,91.377746,railway=level_crossing,
7557118172,24.1479556,91.363532,railway=level_crossing,
7557118227,24.1657711,91.3597947,railway=level_crossing,
7557118703,24.2560028,91.3826839,railway=level_crossing,
7557118734,24.2204102,91.3671816,railway=level_crossing,
7557118740,24.1101878,91.3612355,railway=level_crossing,
7557118757,24.2650176,91.3849352,railway=level_crossing,
7557118789,24.2409236,91.3770707,railway=level_crossing,
7557118795,24.1424355,91.364602,railway=level_crossing,
7557118850,24.1632344,91.3603208,railway=level_crossing,
7557118906,24.1880365,91.3558429,railway=level_crossing,
7557118924,24.206262,91.361856,railway=level_crossing,
7557118949,24.281864,91.3938353,railway=level_crossing,
7557118981,24.2449616,91.3790421,railway=level_crossing,
7557118986,24.1571536,91.3615399,railway=level_crossing,
7557119040,24.1799871,91.3568604,railway=level_crossing,
7577977178,26.4537705,92.9251767,railway=level_crossing,
7629465986,26.1801736,91.8290546,railway=level_crossing,
7629465987,26.1801501,91.8292007,railway=level_crossing,
7629466006,26.1790652,91.8024258,railway=level_crossing,
7629466007,26.1790239,91.8024259,railway=level_crossing,
7629466008,26.1789893,91.8024258,railway=level_crossing,
7629466009,26.1789581,91.8024287,railway=level_crossing,
7629466010,26.1796265,91.7966931,railway=level_crossing,
7629466011,26.1796484,91.7966927,railway=level_crossing,
7629466012,26.1793547,91.7956199,railway=level_crossing,
7629466013,26.1794312,91.7956222,railway=level_crossing,
7629466014,26.1794842,91.7956232,railway=level_crossing,
7629466015,26.179529,91.7956237,railway=level_crossing,
7629466016,26.1795758,91.795627,railway=level_crossing,
7629466017,26.1796019,91.7956303,railway=level_crossing,
7692785398,26.7113033,92.7308321,railway=level_crossing,
7694307986,27.7277479,91.7238207,highway=crossing,
7704095360,26.1186041,92.1227767,railway=level_crossing,
7704097778,26.1201878,92.1157239,railway=level_crossing,
7704098579,26.1173574,92.1454187,railway=level_crossing,
7704098966,26.1258164,92.0900712,railway=level_crossing,
7704102922,26.0928466,91.9503904,railway=level_crossing,
7704105685,26.1579178,91.9774972,railway=level_crossing,
7704105734,26.1578897,91.9774036,railway=level_crossing,
7704105753,26.1657178,91.9754235,railway=level_crossing,
7704108493,26.121347,92.1670699,railway=level_crossing,
7704108544,26.1197209,92.1585387,railway=level_crossing,
7704108552,26.1231782,92.1771607,railway=level_crossing,
7720604998,24.7023507,92.3436523,railway=level_crossing,
7720608957,24.2430375,92.1452526,railway=level_crossing,
7726116013,26.1430578,91.8118406,highway=crossing,
7781820595,27.1173466,93.8542162,railway=level_crossing,
7781843190,27.0416388,93.8323356,railway=level_crossing,
7806848656,27.6037944,95.5570758,railway=level_crossing,
7806859974,27.6060047,95.5571455,railway=level_crossing,
7806861010,27.6117515,95.5573547,railway=level_crossing,
7806861045,27.6050398,95.5571133,railway=level_crossing,
7806861151,27.6408077,95.5596124,railway=level_crossing,
7902870739,26.4754826,90.5239912,railway=level_crossing,
7902870740,26.4754344,90.5239885,railway=level_crossing,
7902870741,26.4747774,90.5272392,railway=level_crossing,
7902870782,26.4753943,90.5263906,railway=level_crossing,
7902870783,26.4753635,90.5265202,railway=level_crossing,
7902870784,26.4753406,90.5267625,railway=level_crossing,
7902908012,26.4509277,90.3710249,railway=level_crossing,
7902908013,26.4512772,90.3708413,railway=level_crossing,
7902908018,26.4425417,90.3561569,railway=level_crossing,
7902908019,26.4470329,90.363141,railway=level_crossing,
7902908020,26.4465709,90.3623485,railway=level_crossing,
7902908021,26.4358159,90.3425652,railway=level_crossing,
7902908022,26.4355036,90.3427412,railway=level_crossing,
7902908023,26.4354651,90.3427706,railway=level_crossing,
7902908024,26.4373939,90.3462449,railway=level_crossing,
7902908025,26.4375289,90.3462811,railway=level_crossing,
7902908026,26.4376502,90.3463208,railway=level_crossing,
7902908027,26.4383289,90.3465146,railway=level_crossing,
7924690220,26.8112549,92.5788881,railway=level_crossing,
7924690225,26.8108066,92.5752914,railway=level_crossing,
7924690231,26.8114437,92.5804245,railway=level_crossing,
7924690242,26.7384558,92.2184405,railway=level_crossing,
7924690243,26.7366272,92.2129126,railway=level_crossing,
7924690254,26.7238866,91.9828442,railway=level_crossing,
7924690255,26.7241698,91.9835303,railway=level_crossing,
7924690256,26.7251879,91.9864284,railway=level_crossing,
7924690258,26.7259538,91.988629,railway=level_crossing,
7924690276,26.6006413,91.8091424,railway=level_crossing,
7924690277,26.6005915,91.8092038,railway=level_crossing,
7924690278,26.6030023,91.8120313,railway=level_crossing,
7924690279,26.6030345,91.8119992,railway=level_crossing,
7924690280,26.6029717,91.8120539,railway=level_crossing,
7924690444,26.7289935,91.9973979,railway=level_crossing,
7924690445,26.7273936,91.9926866,railway=level_crossing,
7924690447,26.5659496,91.7676665,railway=level_crossing,
7924690467,26.4559415,91.6302332,railway=level_crossing,
7924690468,26.4562669,91.6307603,railway=level_crossing,
7924690469,26.4581662,91.6338682,railway=level_crossing,
7924690470,26.4584564,91.6343167,railway=level_crossing,
7924690471,26.4588815,91.6350074,railway=level_crossing,
7924690472,26.4551387,91.6288959,railway=level_crossing,
7924690620,26.811383,92.5804475,railway=level_crossing,
7924690621,26.8114991,92.5804207,railway=level_crossing,
7924690622,26.8113682,92.5788543,railway=level_crossing,
7924690623,26.8112025,92.5789061,railway=level_crossing,
7924690624,26.8106231,92.5745145,railway=level_crossing,
7924690625,26.810597,92.57458,railway=level_crossing,
7924690626,26.810541,92.5745856,railway=level_crossing,
7924690627,26.8104665,92.5746197,railway=level_crossing,
7924690628,26.8106864,92.5753205,railway=level_crossing,
7924690629,26.8106349,92.5753353,railway=level_crossing,
7924690630,26.8105775,92.5753567,railway=level_crossing,
7924690632,26.8103536,92.5734578,railway=level_crossing,
7924690633,26.8102938,92.5734765,railway=level_crossing,
7924690634,26.8100339,92.5714593,railway=level_crossing,
7924690635,26.8097694,92.569675,railway=level_crossing,
7924690636,26.8096797,92.5690358,railway=level_crossing,
7924690637,26.8096391,92.5687987,railway=level_crossing,
7924690638,26.8095037,92.5679908,railway=level_crossing,
7924690639,26.8094394,92.5676266,railway=level_crossing,
7924690640,26.8086116,92.5624147,railway=level_crossing,
7924690641,26.8078159,92.5566954,railway=level_crossing,
7924690642,26.806826,92.5501102,railway=level_crossing,
7924690643,26.8058795,92.5442301,railway=level_crossing,
7924690644,26.8050568,92.5388171,railway=level_crossing,
7924690645,26.8040106,92.532069,railway=level_crossing,
7924690646,26.8032829,92.5293888,railway=level_crossing,
7924690647,26.7999698,92.520054,railway=level_crossing,
7924690648,26.8004743,92.5230886,railway=level_crossing,
7924690649,26.8017088,92.4905089,railway=level_crossing,
7924690650,26.8014598,92.4933882,railway=level_crossing,
7924690651,26.8041241,92.4729199,railway=level_crossing,
7924690653,26.8090739,92.4545391,railway=level_crossing,
7924690654,26.8090308,92.4545177,railway=level_crossing,
7924690655,26.8105043,92.4494181,railway=level_crossing,
7924690656,26.810558,92.4493811,railway=level_crossing,
7924690657,26.8104443,92.4494677,railway=level_crossing,
7924690658,26.8111582,92.4463976,railway=level_crossing,
7924690659,26.8113095,92.4441511,railway=level_crossing,
7924690660,26.8117753,92.4376046,railway=level_crossing,
7924690661,26.8122075,92.4310255,railway=level_crossing,
7924690662,26.8125714,92.4255967,railway=level_crossing,
7924690663,26.8129161,92.4202725,railway=level_crossing,
7924690664,26.8139064,92.4050342,railway=level_crossing,
7924690665,26.8141226,92.4018216,railway=level_crossing,
7924690666,26.8146969,92.3898139,railway=level_crossing,
7924690667,26.8130884,92.3841083,railway=level_crossing,
7924690668,26.8115595,92.3787652,railway=level_crossing,
7924690669,26.8119378,92.3801374,railway=level_crossing,
7924690670,26.8096747,92.372348,railway=level_crossing,
7924690671,26.8056745,92.3586407,railway=level_crossing,
7924690672,26.800355,92.338677,railway=level_crossing,
7924690673,26.8004163,92.3390446,railway=level_crossing,
7924690674,26.800547,92.3397112,railway=level_crossing,
7924690675,26.8003744,92.3388388,railway=level_crossing,
7924690676,26.8002559,92.3381143,railway=level_crossing,
7924690677,26.8001848,92.3377767,railway=level_crossing,
7924690678,26.7999444,92.3365287,railway=level_crossing,
7924690679,26.7998597,92.3361228,railway=level_crossing,
7924690680,26.798414,92.3284074,railway=level_crossing,
7924690681,26.798089,92.3268257,railway=level_crossing,
7924690682,26.7977639,92.3250011,railway=level_crossing,
7924690683,26.7976488,92.3244435,railway=level_crossing,
7924690684,26.79751,92.3236128,railway=level_crossing,
7924690685,26.7943076,92.306755,railway=level_crossing,
7924690686,26.7878276,92.2899902,railway=level_crossing,
7924690687,26.7887572,92.2907128,railway=level_crossing,
7924690688,26.7878894,92.2899274,railway=level_crossing,
7924690689,26.7831042,92.2860923,railway=level_crossing,
7924690690,26.7830645,92.2861605,railway=level_crossing,
7924690691,26.7817633,92.285049,railway=level_crossing,
7924690692,26.7773784,92.2810977,railway=level_crossing,
7924690693,26.7713783,92.2728244,railway=level_crossing,
7924690694,26.7711346,92.2724878,railway=level_crossing,
7924690695,26.7667441,92.266531,railway=level_crossing,
7924690696,26.765142,92.2643785,railway=level_crossing,
7924690697,26.7618889,92.2598081,railway=level_crossing,
7924690698,26.760771,92.2582169,railway=level_crossing,
7924690699,26.7600478,92.2572674,railway=level_crossing,
7924690700,26.7581953,92.2543304,railway=level_crossing,
7924690701,26.7564466,92.2501373,railway=level_crossing,
7924690702,26.7534881,92.2456205,railway=level_crossing,
7924690703,26.752217,92.2440672,railway=level_crossing,
7924690704,26.7491673,92.2402118,railway=level_crossing,
7924690705,26.745511,92.2356051,railway=level_crossing,
7924690706,26.7453493,92.2354388,railway=level_crossing,
7924690707,26.7450793,92.2351017,railway=level_crossing,
7924690708,26.7443408,92.2341287,railway=level_crossing,
7924690709,26.739658,92.2223228,railway=level_crossing,
7924690710,26.7384094,92.2184484,railway=level_crossing,
7924690711,26.7383656,92.2184674,railway=level_crossing,
7924690712,26.7365854,92.2129245,railway=level_crossing,
7924690713,26.7365443,92.2129455,railway=level_crossing,
7924690714,26.7351493,92.2085162,railway=level_crossing,
7924690715,26.7320304,92.198937,railway=level_crossing,
7924690716,26.7317729,92.1981973,railway=level_crossing,
7924690717,26.7313289,92.1968356,railway=level_crossing,
7924690718,26.7306673,92.1949659,railway=level_crossing,
7924690719,26.7293062,92.1877704,railway=level_crossing,
7924690720,26.7292703,92.1875397,railway=level_crossing,
7924690721,26.7292487,92.1872393,railway=level_crossing,
7924690722,26.7292187,92.1864468,railway=level_crossing,
7924690723,26.7394905,92.1500959,railway=level_crossing,
7924690724,26.7406457,92.1446469,railway=level_crossing,
7924690725,26.7411719,92.1420497,railway=level_crossing,
7924690726,26.742457,92.1360201,railway=level_crossing,
7924690727,26.7457176,92.1214107,railway=level_crossing,
7924690728,26.7455897,92.1218933,railway=level_crossing,
7924690729,26.7461825,92.119276,railway=level_crossing,
7924690730,26.7464501,92.1173586,railway=level_crossing,
7924690731,26.7462977,92.1147014,railway=level_crossing,
7924690732,26.7461978,92.1136583,railway=level_crossing,
7924690733,26.7454978,92.1063776,railway=level_crossing,
7924690734,26.7444714,92.0954007,railway=level_crossing,
7924690735,26.7444259,92.0953859,railway=level_crossing,
7924690736,26.7443696,92.0953605,railway=level_crossing,
7924690737,26.7440846,92.0919541,railway=level_crossing,
7924690738,26.7440738,92.0918119,railway=level_crossing,
7924690739,26.7440451,92.0914793,railway=level_crossing,
7924690740,26.7440127,92.0911843,railway=level_crossing,
7924690741,26.7430407,92.0816777,railway=level_crossing,
7924690742,26.7424678,92.075327,railway=level_crossing,
7924690743,26.7419414,92.0697404,railway=level_crossing,
7924690744,26.7407414,92.0574329,railway=level_crossing,
7924690745,26.7387842,92.0369746,railway=level_crossing,
7924690746,26.7375669,92.0253226,railway=level_crossing,
7924690747,26.7356098,92.0165706,railway=level_crossing,
7924690748,26.7349678,92.0146313,railway=level_crossing,
7924690749,26.7336143,92.0108038,railway=level_crossing,
7924690750,26.7323184,92.0073263,railway=level_crossing,
7924690751,26.7312619,92.0041801,railway=level_crossing,
7924690752,26.7309535,92.0031486,railway=level_crossing,
7924690753,26.7305529,92.0018694,railway=level_crossing,
7924690754,26.7277788,91.9938093,railway=level_crossing,
7924690755,26.7260085,91.9885263,railway=level_crossing,
7924690756,26.7259733,91.988576,railway=level_crossing,
7924690757,26.7259292,91.9886285,railway=level_crossing,
7924690758,26.7252573,91.9863823,railway=level_crossing,
7924690759,26.7252202,91.9864055,railway=level_crossing,
7924690760,26.7242599,91.9835056,railway=level_crossing,
7924690761,26.7242184,91.9835103,railway=level_crossing,
7924690762,26.7239762,91.9828041,railway=level_crossing,
7924690763,26.7239363,91.9828213,railway=level_crossing,
7924690764,26.7221297,91.9796956,railway=level_crossing,
7924690765,26.7210437,91.9783505,railway=level_crossing,
7924690766,26.7185178,91.9757749,railway=level_crossing,
7924690767,26.7183721,91.975625,railway=level_crossing,
7924690768,26.7147818,91.9719949,railway=level_crossing,
7924690769,26.7136365,91.9708604,railway=level_crossing,
7924690770,26.7083629,91.9654715,railway=level_crossing,
7924690771,26.7089813,91.9660528,railway=level_crossing,
7924690772,26.7021343,91.9591337,railway=level_crossing,
7924690773,26.6959149,91.9527608,railway=level_crossing,
7924690774,26.6823493,91.9389474,railway=level_crossing,
7924690775,26.6859831,91.9426259,railway=level_crossing,
7924690776,26.6806518,91.9371978,railway=level_crossing,
7924690777,26.679335,91.9358797,railway=level_crossing,
7924690778,26.6789029,91.9354738,railway=level_crossing,
7924690779,26.6773133,91.933803,railway=level_crossing,
7924690780,26.6760652,91.9325618,railway=level_crossing,
7924690781,26.6730696,91.9294995,railway=level_crossing,
7924690782,26.6722866,91.9287143,railway=level_crossing,
7924690783,26.6721341,91.9285341,railway=level_crossing,
7924690784,26.6706986,91.9270908,railway=level_crossing,
7924690785,26.6702444,91.9266546,railway=level_crossing,
7924690786,26.6697258,91.9261046,railway=level_crossing,
7924690787,26.6694512,91.925822,railway=level_crossing,
7924690788,26.668797,91.9251828,railway=level_crossing,
7924690789,26.6685136,91.9248873,railway=level_crossing,
7924690790,26.6645691,91.9208434,railway=level_crossing,
7924690791,26.6625506,91.9187967,railway=level_crossing,
7924690792,26.6616344,91.9178828,railway=level_crossing,
7924690793,26.6595225,91.9150248,railway=level_crossing,
7924690797,26.6564808,91.8989973,railway=level_crossing,
7924690798,26.6564359,91.8990438,railway=level_crossing,
7924690799,26.6563842,91.8990969,railway=level_crossing,
7924690800,26.6556409,91.893885,railway=level_crossing,
7924690801,26.6520728,91.886712,railway=level_crossing,
7924690802,26.6515744,91.8857599,railway=level_crossing,
7924690803,26.6493759,91.8814641,railway=level_crossing,
7924690804,26.6490775,91.8809293,railway=level_crossing,
7924690805,26.6480418,91.8788885,railway=level_crossing,
7924690806,26.6425536,91.8682988,railway=level_crossing,
7924690807,26.6432418,91.8695855,railway=level_crossing,
7924690808,26.6411763,91.8656123,railway=level_crossing,
7924690809,26.6388814,91.861209,railway=level_crossing,
7924690810,26.6373979,91.8582948,railway=level_crossing,
7924690811,26.6339299,91.8518159,railway=level_crossing,
7924690812,26.6322148,91.8483892,railway=level_crossing,
7924690813,26.6285994,91.8428331,railway=level_crossing,
7924690814,26.6244728,91.8377722,railway=level_crossing,
7924690815,26.6249872,91.838394,railway=level_crossing,
7924690816,26.6230424,91.8360878,railway=level_crossing,
7924690817,26.6213346,91.8339792,railway=level_crossing,
7924690818,26.620373,91.8328392,railway=level_crossing,
7924690819,26.619071,91.8312407,railway=level_crossing,
7924690820,26.6145532,91.8259406,railway=level_crossing,
7924690821,26.615112,91.8265937,railway=level_crossing,
7924690822,26.6122703,91.8230881,railway=level_crossing,
7924690823,26.6113806,91.8220527,railway=level_crossing,
7924690824,26.6089178,91.8190809,railway=level_crossing,
7924690825,26.6085845,91.8187094,railway=level_crossing,
7924690826,26.6076282,91.8175849,railway=level_crossing,
7924690827,26.6072631,91.8171296,railway=level_crossing,
7924690828,26.6041049,91.8133389,railway=level_crossing,
7924690829,26.6041422,91.8133086,railway=level_crossing,
7924690830,26.6040833,91.8133655,railway=level_crossing,
7924690831,26.600617,91.8091664,railway=level_crossing,
7924690832,26.5967946,91.8045996,railway=level_crossing,
7924690833,26.5980298,91.8060199,railway=level_crossing,
7924690834,26.5934225,91.800532,railway=level_crossing,
7924690835,26.5907094,91.7972642,railway=level_crossing,
7924690836,26.5917436,91.7985311,railway=level_crossing,
7924690837,26.5895612,91.7958986,railway=level_crossing,
7924690838,26.5846846,91.7900446,railway=level_crossing,
7924690839,26.5790789,91.7832988,railway=level_crossing,
7924690840,26.5768514,91.7806822,railway=level_crossing,
7924690841,26.5745658,91.7779112,railway=level_crossing,
7924690842,26.5713833,91.7741282,railway=level_crossing,
7924690843,26.5716545,91.7744496,railway=level_crossing,
7924690844,26.5719552,91.7748084,railway=level_crossing,
7924690845,26.5621817,91.7631859,railway=level_crossing,
7924690846,26.5556562,91.7552771,railway=level_crossing,
7924690847,26.55341,91.752564,railway=level_crossing,
7924690848,26.5458622,91.7435203,railway=level_crossing,
7924690849,26.547711,91.7456648,railway=level_crossing,
7924690850,26.5426409,91.7396352,railway=level_crossing,
7924690851,26.5395995,91.736147,railway=level_crossing,
7924690852,26.5393127,91.735805,railway=level_crossing,
7924690853,26.5388532,91.7352551,railway=level_crossing,
7924690854,26.5382266,91.7344372,railway=level_crossing,
7924690855,26.534235,91.7296779,railway=level_crossing,
7924690856,26.5291165,91.723621,railway=level_crossing,
7924690857,26.5291549,91.7235801,railway=level_crossing,
7924690858,26.5291882,91.7235459,railway=level_crossing,
7924690859,26.5269446,91.7208416,railway=level_crossing,
7924690860,26.5268972,91.7208771,railway=level_crossing,
7924690861,26.5268607,91.7208999,railway=level_crossing,
7924690862,26.526273,91.720205,railway=level_crossing,
7924690863,26.5263121,91.7201614,railway=level_crossing,
7924690864,26.5263537,91.7201405,railway=level_crossing,
7924690865,26.5257758,91.7194407,railway=level_crossing,
7924690866,26.5257377,91.7194824,railway=level_crossing,
7924690867,26.5257181,91.7195194,railway=level_crossing,
7924690868,26.5256613,91.7195915,railway=level_crossing,
7924690869,26.5252761,91.7190026,railway=level_crossing,
7924690870,26.5253011,91.7189523,railway=level_crossing,
7924690871,26.5253406,91.7188935,railway=level_crossing,
7924690872,26.5244884,91.7180534,railway=level_crossing,
7924690873,26.524546,91.717977,railway=level_crossing,
7924690874,26.4765202,91.6605918,railway=level_crossing,
7924690876,26.4661887,91.6469039,railway=level_crossing,
7924690877,26.4602242,91.6370587,railway=level_crossing,
7924690879,26.4633383,91.6421784,railway=level_crossing,
7924690880,26.4635845,91.642586,railway=level_crossing,
7924690882,26.4598058,91.6364006,railway=level_crossing,
7924690883,26.4603168,91.6372043,railway=level_crossing,
7924690884,26.4626195,91.641009,railway=level_crossing,
7924690885,26.460531,91.63758,railway=level_crossing,
7924690886,26.4594124,91.6357946,railway=level_crossing,
7924690887,26.4533268,91.6259151,railway=level_crossing,
7924690888,26.4532512,91.6257928,railway=level_crossing,
7924690889,26.4531061,91.6255168,railway=level_crossing,
7924690890,26.4529356,91.6252343,railway=level_crossing,
7924690891,26.4527299,91.6248934,railway=level_crossing,
7924690892,26.4525452,91.6245873,railway=level_crossing,
7924690893,26.4523038,91.6241872,railway=level_crossing,
7924690894,26.4521089,91.6238641,railway=level_crossing,
7924690895,26.4515361,91.6229533,railway=level_crossing,
7924690896,26.4505264,91.6216193,railway=level_crossing,
7924690897,26.4504595,91.6215329,railway=level_crossing,
7924690898,26.4494598,91.6204463,railway=level_crossing,
7924690899,26.4489871,91.6199684,railway=level_crossing,
7924690924,26.450886,91.6008058,railway=level_crossing,
7924690925,26.4508462,91.6007931,railway=level_crossing,
7924690926,26.4507913,91.6007755,railway=level_crossing,
7924690927,26.4507112,91.6007473,railway=level_crossing,
7924690928,26.4511111,91.5936839,railway=level_crossing,
7924690929,26.4511109,91.5904625,railway=level_crossing,
7924690930,26.4511108,91.5888934,railway=level_crossing,
7924690931,26.4511108,91.5877455,railway=level_crossing,
7924690932,26.4511107,91.5869193,railway=level_crossing,
7924690933,26.4511107,91.586112,railway=level_crossing,
7924690934,26.4511528,91.5719355,railway=level_crossing,
7924690935,26.4511575,91.5712283,railway=level_crossing,
7924690936,26.451144,91.5643664,railway=level_crossing,
7924690937,26.4511168,91.5427925,railway=level_crossing,
7942039600,26.9051994,94.7255847,railway=level_crossing,
7942039601,26.904687,94.7247734,railway=level_crossing,
7942039604,26.9452495,94.7429918,railway=level_crossing,
7942039605,26.9403326,94.7509293,railway=level_crossing,
7942039606,26.9327955,94.7644098,railway=level_crossing,
7942039607,27.0052331,94.85303,railway=level_crossing,
7942039608,27.0053435,94.8573663,railway=level_crossing,
7942039609,27.0054035,94.8602657,railway=level_crossing,
7942039610,27.0054065,94.8604079,railway=level_crossing,
7942039611,27.0054489,94.8630675,railway=level_crossing,
7942039612,27.0055052,94.8656882,railway=level_crossing,
7942039614,27.0056019,94.8701887,railway=level_crossing,
7942039615,27.0055997,94.8700854,railway=level_crossing,
7942039617,27.005768,94.8779177,railway=level_crossing,
7942039618,27.0057796,94.8784555,railway=level_crossing,
7942039619,27.1462432,95.2389655,railway=level_crossing,
7942039620,27.1461257,95.2387108,railway=level_crossing,
7942039623,27.1445464,95.2351956,railway=level_crossing,
7942039624,27.1440967,95.2341997,railway=level_crossing,
7942039625,27.1373375,95.2196551,railway=level_crossing,
7942039626,27.1362813,95.2173555,railway=level_crossing,
7942039627,27.1334012,95.2110848,railway=level_crossing,
7942039628,27.1332071,95.2106621,railway=level_crossing,
7942039629,27.1327128,95.209586,railway=level_crossing,
7942039630,27.1310454,95.2059557,railway=level_crossing,
7942039631,27.1271455,95.1975064,railway=level_crossing,
7942039632,27.1260043,95.1950425,railway=level_crossing,
7942039636,27.1221739,95.1867722,railway=level_crossing,
7942039637,27.1220556,95.1865167,railway=level_crossing,
7942039638,27.1217738,95.1859083,railway=level_crossing,
7942039639,27.1211003,95.1844541,railway=level_crossing,
7942039643,27.1182194,95.1782341,railway=level_crossing,
7942039644,27.1169028,95.1753916,railway=level_crossing,
7942039645,27.116127,95.1737064,railway=level_crossing,
7942039646,27.1145859,95.170401,railway=level_crossing,
7942039647,27.1127136,95.1662589,railway=level_crossing,
7942039648,27.1123541,95.1654903,railway=level_crossing,
7942039649,27.111602,95.1638337,railway=level_crossing,
7942039652,27.108065,95.1561916,railway=level_crossing,
7942039653,27.1077135,95.1554385,railway=level_crossing,
7942039654,27.1066658,95.1531944,railway=level_crossing,
7942039655,27.1063179,95.1524492,railway=level_crossing,
7942039656,27.106183,95.1521602,railway=level_crossing,
7942039660,27.1048207,95.1492423,railway=level_crossing,
7942039661,27.1037965,95.147046,railway=level_crossing,
7942039663,27.1002476,95.1393483,railway=level_crossing,
7942039664,27.0999455,95.138693,railway=level_crossing,
7942039665,27.0996919,95.1381431,railway=level_crossing,
7942039666,27.0946684,95.1272922,railway=level_crossing,
7942039667,27.0944371,95.1267924,railway=level_crossing,
7942039668,27.0934002,95.1245523,railway=level_crossing,
7942039669,27.0910511,95.1194773,railway=level_crossing,
7942039670,27.0899943,95.1171941,railway=level_crossing,
7942039671,27.0902772,95.1178051,railway=level_crossing,
7942039672,27.0863903,95.109419,railway=level_crossing,
7942039673,27.0861902,95.1089883,railway=level_crossing,
7942039674,27.0835039,95.1032056,railway=level_crossing,
7942039675,27.080929,95.097663,railway=level_crossing,
7942039676,27.0808087,95.0974041,railway=level_crossing,
7942039677,27.0795317,95.0946236,railway=level_crossing,
7942039678,27.078442,95.0922448,railway=level_crossing,
7942039679,27.0780627,95.0914259,railway=level_crossing,
7942039680,27.0777571,95.090805,railway=level_crossing,
7942039681,27.0757659,95.0864661,railway=level_crossing,
7942039682,27.0729618,95.0804111,railway=level_crossing,
7942039683,27.0704014,95.0711301,railway=level_crossing,
7942039684,27.0698963,95.0684033,railway=level_crossing,
7942039686,27.069625,95.0668201,railway=level_crossing,
7942039690,27.0691297,95.0640128,railway=level_crossing,
7942039693,27.0678861,95.0570531,railway=level_crossing,
7942039696,27.0660982,95.0470469,railway=level_crossing,
7942039697,27.0653311,95.0427538,railway=level_crossing,
7942039698,27.0620544,95.0242699,railway=level_crossing,
7942039699,27.0618159,95.0229255,railway=level_crossing,
7942039700,27.0615828,95.0216115,railway=level_crossing,
7942039710,27.0596783,95.0108763,railway=level_crossing,
7942039712,27.0593548,95.0090531,railway=level_crossing,
7942039713,27.059098,95.0076055,railway=level_crossing,
7942039714,27.0590011,95.0070595,railway=level_crossing,
7942039715,27.0589221,95.0066141,railway=level_crossing,
7942039716,27.0583686,95.0034941,railway=level_crossing,
7942039717,27.0578643,95.0006521,railway=level_crossing,
7942039718,27.0568591,94.9949858,railway=level_crossing,
7942039719,27.0567393,94.994311,railway=level_crossing,
7942039720,27.0565801,94.9934132,railway=level_crossing,
7942039721,27.0564224,94.9925248,railway=level_crossing,
7942039722,27.0563454,94.9920904,railway=level_crossing,
7942039723,27.0560194,94.9902919,railway=level_crossing,
7942039724,27.0555006,94.987547,railway=level_crossing,
7942039725,27.0548349,94.9840252,railway=level_crossing,
7942039726,27.054657,94.9831461,railway=level_crossing,
7942039727,27.0547975,94.9838472,railway=level_crossing,
7942039728,27.0541432,94.9801655,railway=level_crossing,
7942039731,27.0491977,94.9709596,railway=level_crossing,
7942039732,27.040516,94.9631483,railway=level_crossing,
7942039734,27.035403,94.9556572,railway=level_crossing,
7942039739,27.0317136,94.9481646,railway=level_crossing,
7942039742,27.0293945,94.9434346,railway=level_crossing,
7942039743,27.0257421,94.9364596,railway=level_crossing,
7942039744,27.0255831,94.9362074,railway=level_crossing,
7942039745,27.0241272,94.9340208,railway=level_crossing,
7942039747,27.0194785,94.9269582,railway=level_crossing,
7942039748,27.0172294,94.9235149,railway=level_crossing,
7942039749,27.0174466,94.9238489,railway=level_crossing,
7942039750,27.0061099,94.8931054,railway=level_crossing,
7942039757,27.0057964,94.8792379,railway=level_crossing,
7942039759,26.9422255,94.7780533,railway=level_crossing,
7942039761,26.9418093,94.7777517,railway=level_crossing,
7942039765,26.9405758,94.776848,railway=level_crossing,
7942039766,26.9390201,94.7757214,railway=level_crossing,
7942039767,26.9377994,94.7748492,railway=level_crossing,
7942039768,26.9358341,94.7734124,railway=level_crossing,
7942039770,26.9351726,94.7729225,railway=level_crossing,
7942039771,26.9317347,94.7704022,railway=level_crossing,
7942039773,26.1666272,91.6870337,railway=level_crossing,
7942039774,26.1692648,91.683086,railway=level_crossing,
7942039775,26.1693014,91.6831101,railway=level_crossing,
7942039776,26.1695098,91.6827231,railway=level_crossing,
7942039777,26.1694714,91.682697,railway=level_crossing,
7942039778,26.1703078,91.6793109,railway=level_crossing,
7942039779,26.1697545,91.6861519,railway=level_crossing,
7942039780,26.1697701,91.6862106,railway=level_crossing,
7942039781,26.1697939,91.6862899,railway=level_crossing,
7942039782,26.1686691,91.6866371,railway=level_crossing,
7942039783,26.1686433,91.6865932,railway=level_crossing,
7942039792,26.1827496,91.7921274,railway=level_crossing,
7942039801,26.1816962,91.7482977,railway=level_crossing,
7942039802,26.1817277,91.7482915,railway=level_crossing,
7942039803,26.1817647,91.7482934,railway=level_crossing,
7942039804,26.1818192,91.7483044,railway=level_crossing,
7942039808,26.1824167,91.7567037,railway=level_crossing,
7942039809,26.1823941,91.7566994,railway=level_crossing,
7942039810,26.1823422,91.75669,railway=level_crossing,
7942039811,26.1823156,91.7566838,railway=level_crossing,
7942039825,26.1565086,91.6801005,railway=level_crossing,
7942039826,26.1565747,91.6801018,railway=level_crossing,
7942039827,26.1566322,91.6801215,railway=level_crossing,
7942039828,26.1566263,91.6801221,railway=level_crossing,
7942039829,26.1568044,91.6864895,railway=level_crossing,
7942039830,26.1567697,91.6865201,railway=level_crossing,
7942039831,26.1567101,91.686552,railway=level_crossing,
7942039832,26.1566574,91.6865881,railway=level_crossing,
7942039833,26.1576499,91.6940019,railway=level_crossing,
7942039834,26.1569495,91.6939153,railway=level_crossing,
7942039835,26.156994,91.6939098,railway=level_crossing,
7942039836,26.1570371,91.6939109,railway=level_crossing,
7942039837,26.1571469,91.6937467,railway=level_crossing,
7942039838,26.1572169,91.693996,railway=level_crossing,
7942039839,26.1588571,91.691348,railway=level_crossing,
7942194982,26.3625232,90.1625685,railway=level_crossing,
7942306123,27.303992,95.3247783,railway=level_crossing,
7942306124,27.303731,95.3248777,railway=level_crossing,
7942306125,27.3030278,95.3251454,railway=level_crossing,
7942306141,27.0648547,95.0400792,railway=level_crossing,
7942306147,27.1947093,95.3125107,railway=level_crossing,
7942306148,27.1996661,95.3167847,railway=level_crossing,
7942306149,27.209091,95.3248366,railway=level_crossing,
7942306150,27.2020724,95.3223099,railway=level_crossing,
7942306151,27.2023461,95.3212323,railway=level_crossing,
7942306152,27.1992107,95.3330049,railway=level_crossing,
7942306154,27.1970119,95.3399993,railway=level_crossing,
7942306155,27.1959615,95.3410077,railway=level_crossing,
7942306156,27.1949789,95.3418996,railway=level_crossing,
7942306157,27.194269,95.3425749,railway=level_crossing,
7942306158,27.1908321,95.3458382,railway=level_crossing,
7942306159,27.1923559,95.3443873,railway=level_crossing,
7942306160,27.1924286,95.3443256,railway=level_crossing,
7942306161,27.1920863,95.3446475,railway=level_crossing,
7942306162,27.191862,95.3448433,railway=level_crossing,
7942306163,27.1914777,95.3451966,railway=level_crossing,
7942306164,27.1911523,95.3455313,railway=level_crossing,
7942306165,27.1904461,95.3462018,railway=level_crossing,
7942306166,27.1871379,95.3492325,railway=level_crossing,
7942306167,27.1860734,95.3496512,railway=level_crossing,
7942306168,27.1852726,95.3499113,railway=level_crossing,
7942306169,27.1849095,95.3498835,railway=level_crossing,
7942306170,27.1845978,95.3498414,railway=level_crossing,
7942306171,27.1841021,95.3497044,railway=level_crossing,
7942306172,27.1835246,95.3498089,railway=level_crossing,
7942306173,27.1811687,95.3487729,railway=level_crossing,
7942306174,27.1749744,95.3509974,railway=level_crossing,
7942306490,27.153999,95.2558087,railway=level_crossing,
7942306491,27.1517057,95.250811,railway=level_crossing,
7942306495,27.1531736,95.2539029,railway=level_crossing,
7942306504,27.161717,95.272571,railway=level_crossing,
7942306505,27.1637806,95.2770375,railway=level_crossing,
7942388004,27.3863424,94.7832459,railway=level_crossing,
7942388064,27.2145725,95.3295338,railway=level_crossing,
7942388065,27.2144735,95.3294489,railway=level_crossing,
7942388066,27.2139214,95.3289762,railway=level_crossing,
7942433981,26.4425524,92.6325824,railway=level_crossing,
7942434522,26.4674299,92.5343772,railway=level_crossing,
7942434894,26.3464072,92.7596745,railway=level_crossing,
7942434916,26.3379319,92.744149,railway=level_crossing,
7942434941,26.4277537,92.6965904,railway=level_crossing,
7942441805,26.3766471,92.6836761,railway=level_crossing,
7942441815,26.3867724,92.7000143,railway=level_crossing,
7942441837,26.4640013,92.5843023,railway=level_crossing,
7942441862,26.4521145,92.6036901,railway=level_crossing,
7942441912,26.4585523,92.4923308,railway=level_crossing,
7942441933,26.4558312,92.4771749,railway=level_crossing,
7942442011,26.4629542,92.5015704,railway=level_crossing,
7942442019,26.4512057,92.4405196,railway=level_crossing,
7942454218,26.3376541,92.7365913,railway=level_crossing,
7942454421,26.3390994,92.7480152,railway=level_crossing,
7942454633,26.4212013,92.7148516,railway=level_crossing,
7942454727,26.4238014,92.7011069,railway=level_crossing,
7942454770,26.4309996,92.6933477,railway=level_crossing,
7967833849,24.375815,92.1873314,railway=level_crossing,
7967833859,24.3886805,92.2104194,railway=level_crossing,
7967833860,24.3930686,92.2195204,railway=level_crossing,
7973185768,25.7493051,93.1784955,highway=street_lamp,
7991022843,24.4938897,92.5872819,railway=level_crossing,
7991022844,24.5171755,92.597253,railway=level_crossing,
7991022845,24.5328101,92.6060266,railway=level_crossing,
7991022847,24.5455675,92.6131517,railway=level_crossing,
8010147843,26.4510283,91.4969268,railway=level_crossing,
8010147844,26.4510744,91.5552001,railway=level_crossing,
8010147845,26.4510806,91.5521843,railway=level_crossing,
8010147846,26.444294,91.6146055,railway=level_crossing,
8010147847,26.4519754,91.6236428,railway=level_crossing,
8010147848,26.4567404,91.6315452,railway=level_crossing,
8010147853,26.4728904,91.6561909,railway=level_crossing,
8010147854,26.475806,91.6597259,railway=level_crossing,
8010147855,26.4768892,91.6610282,railway=level_crossing,
8010147856,26.4792827,91.6638588,railway=level_crossing,
8010147857,26.4849503,91.6705685,railway=level_crossing,
8010147858,26.4911286,91.6779343,railway=level_crossing,
8010147859,26.5003536,91.688885,railway=level_crossing,
8010147860,26.501423,91.6902865,railway=level_crossing,
8010147861,26.5037184,91.6930834,railway=level_crossing,
8010147862,26.5084709,91.6987777,railway=level_crossing,
8010147863,26.5098861,91.7004734,railway=level_crossing,
8010147864,26.5128255,91.7039955,railway=level_crossing,
8010147865,26.5130026,91.7042077,railway=level_crossing,
8010147866,26.5133701,91.704648,railway=level_crossing,
8010147867,26.5136282,91.7049572,railway=level_crossing,
8010147868,26.5140452,91.705457,railway=level_crossing,
8010147869,26.5153105,91.7069731,railway=level_crossing,
8010147870,26.5169214,91.7090167,railway=level_crossing,
8010147871,26.5182767,91.7105274,railway=level_crossing,
8010147872,26.5200322,91.7126311,railway=level_crossing,
8010147873,26.5209694,91.7137541,railway=level_crossing,
8010147874,26.5215623,91.7144646,railway=level_crossing,
8010147875,26.5221104,91.7151214,railway=level_crossing,
8010147876,26.522979,91.7161622,railway=level_crossing,
8010147877,26.4953804,90.7286983,railway=level_crossing,
8010147880,26.4872532,90.5925059,railway=level_crossing,
8010173188,26.4765388,90.5556547,railway=level_crossing,
8010173189,26.4681056,90.5420011,railway=level_crossing,
8010173190,26.4405113,90.5623056,railway=level_crossing,
8010173191,26.4376387,90.5661174,railway=level_crossing,
8010173193,26.4291406,90.575405,railway=level_crossing,
8010173196,26.4192606,90.5803051,railway=level_crossing,
8010173210,26.3772192,90.6120027,railway=level_crossing,
8010173214,26.3665995,90.6265164,railway=level_crossing,
8010173215,26.3666517,90.6265703,railway=level_crossing,
8010173217,26.3344461,90.6462334,railway=level_crossing,
8010173220,26.3158466,90.6370396,railway=level_crossing,
8010173221,26.3127508,90.6346027,railway=level_crossing,
8010173222,26.3108969,90.6331472,railway=level_crossing,
8010173223,26.3072994,90.6303245,railway=level_crossing,
8010173224,26.3055677,90.6289658,railway=level_crossing,
8010173225,26.3047503,90.6283245,railway=level_crossing,
8010173226,26.3011835,90.6255262,railway=level_crossing,
8010173227,26.294697,90.6211511,railway=level_crossing,
8010173228,26.2825883,90.6133014,railway=level_crossing,
8010173229,26.2761042,90.6088784,railway=level_crossing,
8010173230,26.2740733,90.6055877,railway=level_crossing,
8010173231,26.2739767,90.605281,railway=level_crossing,
8010173232,26.2735531,90.602742,railway=level_crossing,
8010173233,26.2735462,90.6016879,railway=level_crossing,
8010173234,26.2729089,90.5953641,railway=level_crossing,
8010173235,26.2718928,90.5939113,railway=level_crossing,
8010173236,26.2683084,90.591607,railway=level_crossing,
8010173237,26.2660079,90.5902667,railway=level_crossing,
8010173238,26.2664285,90.5905101,railway=level_crossing,
8010173239,26.2652006,90.5897995,railway=level_crossing,
8010173240,26.2644148,90.5893448,railway=level_crossing,
8010173241,26.263396,90.5887552,railway=level_crossing,
8010173242,26.2625351,90.5882562,railway=level_crossing,
8010173243,26.2620571,90.5879787,railway=level_crossing,
8010173244,26.2617433,90.5877966,railway=level_crossing,
8010173245,26.2610137,90.5873731,railway=level_crossing,
8010173246,26.2602726,90.586943,railway=level_crossing,
8010173247,26.2593177,90.5863887,railway=level_crossing,
8010173248,26.25893,90.5861637,railway=level_crossing,
8010173249,26.2581753,90.5857257,railway=level_crossing,
8010173250,26.2576378,90.5854137,railway=level_crossing,
8010173251,26.2570562,90.5850761,railway=level_crossing,
8010173252,26.2562964,90.5846352,railway=level_crossing,
8010173253,26.2560574,90.5844964,railway=level_crossing,
8010173254,26.2564138,90.5847033,railway=level_crossing,
8010173255,26.2557334,90.5843083,railway=level_crossing,
8010173256,26.2552103,90.5840048,railway=level_crossing,
8010173257,26.2549922,90.5838782,railway=level_crossing,
8010173258,26.2534578,90.5829885,railway=level_crossing,
8010173259,26.2530597,90.5827578,railway=level_crossing,
8010173260,26.2525714,90.5824748,railway=level_crossing,
8010173261,26.2522956,90.5823149,railway=level_crossing,
8010173262,26.251937,90.5821071,railway=level_crossing,
8010173263,26.2509116,90.5815129,railway=level_crossing,
8010173264,26.2494337,90.5806564,railway=level_crossing,
8010173265,26.2473999,90.5794777,railway=level_crossing,
8010173266,26.2370882,90.5736254,railway=level_crossing,
8010173267,26.2370513,90.5736606,railway=level_crossing,
8010173268,26.1850809,90.5590619,railway=level_crossing,
8010173269,26.1803713,90.5558198,railway=level_crossing,
8010173270,26.1790826,90.554399,railway=level_crossing,
8010173271,26.1775061,90.552661,railway=level_crossing,
8010173272,26.1696768,90.5458756,railway=level_crossing,
8010173279,26.1526493,90.5761516,railway=level_crossing,
8010173287,26.1138473,90.6391912,railway=level_crossing,
8010173288,26.1138953,90.6392765,railway=level_crossing,
8010175052,26.7983116,94.5569405,railway=level_crossing,
8010175053,26.7893107,94.5658331,railway=level_crossing,
8010175054,26.7912697,94.5639186,railway=level_crossing,
8010175055,26.766398,94.5884094,railway=level_crossing,
8010175057,26.7327914,94.6175471,railway=level_crossing,
8010175058,26.7328981,94.6174182,railway=level_crossing,
8010179952,26.3846728,91.6246342,railway=level_crossing,
8010179953,26.1933604,91.6834949,railway=level_crossing,
8010179959,26.2188434,91.6992884,railway=level_crossing,
8010179963,26.3999576,91.6213046,railway=level_crossing,
8010179964,26.412835,91.618507,railway=level_crossing,
8010179970,26.4510469,91.5071137,railway=level_crossing,
8010179971,26.4510392,91.5029218,railway=level_crossing,
8010179972,26.4509625,91.4770401,railway=level_crossing,
8010179973,26.4509674,91.467464,railway=level_crossing,
8010179977,26.4508963,91.4329657,railway=level_crossing,
8010179978,26.4508874,91.4276072,railway=level_crossing,
8010179979,26.4508683,91.4221155,railway=level_crossing,
8010179981,26.4510875,91.4170189,railway=level_crossing,
8010179988,26.450722,91.3701619,railway=level_crossing,
8010179998,26.4592009,91.3082915,railway=level_crossing,
8010180004,26.4689965,91.2757796,railway=level_crossing,
8010180009,26.4779103,91.2471341,railway=level_crossing,
8010180011,26.4850016,91.2238114,railway=level_crossing,
8010180014,26.4880417,91.2138028,railway=level_crossing,
8010180015,26.4890772,91.2106645,railway=level_crossing,
8010180016,26.4901579,91.2068369,railway=level_crossing,
8010180017,26.4925562,91.1989222,railway=level_crossing,
8010180019,26.497256,91.1720355,railway=level_crossing,
8010180020,26.4979277,91.1433195,railway=level_crossing,
8010180021,26.498219,91.1323414,railway=level_crossing,
8010180022,26.4978752,91.1174437,railway=level_crossing,
8010180023,26.49853,91.1093367,railway=level_crossing,
8010180024,26.4987816,91.1067961,railway=level_crossing,
8010180025,26.4992594,91.0897664,railway=level_crossing,
8010180026,26.4995487,91.0807723,railway=level_crossing,
8010180027,26.4995953,91.0788765,railway=level_crossing,
8010180028,26.4996239,91.0775425,railway=level_crossing,
8010180029,26.4997049,91.0744752,railway=level_crossing,
8010180030,26.4998306,91.0688401,railway=level_crossing,
8010180031,26.5004108,91.0428773,railway=level_crossing,
8010180032,26.5003056,91.0406602,railway=level_crossing,
8010180033,26.5006511,91.0240249,railway=level_crossing,
8010180051,26.5009103,90.9354262,railway=level_crossing,
8010180054,26.4989482,90.9228401,railway=level_crossing,
8010180055,26.4986358,90.9215359,railway=level_crossing,
8010180057,26.4973646,90.9095717,railway=level_crossing,
8010180069,26.4903958,90.8584622,railway=level_crossing,
8010180070,26.4896248,90.8528673,railway=level_crossing,
8010180072,26.4886941,90.8465576,railway=level_crossing,
8010180073,26.4878991,90.8445916,railway=level_crossing,
8010180074,26.4868311,90.8421727,railway=level_crossing,
8010180075,26.486488,90.8408234,railway=level_crossing,
8010180076,26.4858303,90.836123,railway=level_crossing,
8010180077,26.4859171,90.8328891,railway=level_crossing,
8010180081,26.4933208,90.8131625,railway=level_crossing,
8010180093,26.4939437,90.7383366,railway=level_crossing,
8010180119,26.521393,90.5291344,railway=level_crossing,
8010180120,26.5213579,90.5291167,railway=level_crossing,
8010180121,26.5134331,90.5196119,railway=level_crossing,
8010180122,26.4985218,90.5126818,railway=level_crossing,
8010180123,26.4969767,90.512183,railway=level_crossing,
8010180124,26.4962802,90.5120039,railway=level_crossing,
8010180125,26.4822516,90.5075159,railway=level_crossing,
8010180126,26.4795222,90.5064693,railway=level_crossing,
8010180127,26.4764586,90.5053154,railway=level_crossing,
8010180128,26.4760811,90.5051706,railway=level_crossing,
8010180129,26.4754273,90.5049197,railway=level_crossing,
8010180130,26.4751685,90.5048204,railway=level_crossing,
8010180131,26.4743452,90.5045045,railway=level_crossing,
8010180133,26.4715377,90.5115753,railway=level_crossing,
8010180138,26.4714699,90.5111762,railway=level_crossing,
8010180139,26.4714492,90.5111914,railway=level_crossing,
8010180140,26.471313,90.5112402,railway=level_crossing,
8010180141,26.4712315,90.5113128,railway=level_crossing,
8010180142,26.4711898,90.5113341,railway=level_crossing,
8010180145,26.4728166,90.5214304,railway=level_crossing,
8010180146,26.4688779,90.5135808,railway=level_crossing,
8010180148,26.4670225,90.5113116,railway=level_crossing,
8010180149,26.4668213,90.5118067,railway=level_crossing,
8010180150,26.4667674,90.5118189,railway=level_crossing,
8010180151,26.4642842,90.514295,railway=level_crossing,
8010180152,26.4694736,90.5205753,railway=level_crossing,
8010180153,26.4695108,90.5205105,railway=level_crossing,
8010180154,26.4696063,90.5203795,railway=level_crossing,
8010180155,26.4679323,90.5155017,railway=level_crossing,
8010180156,26.4678454,90.5155155,railway=level_crossing,
8010180157,26.4677937,90.5155244,railway=level_crossing,
8010180158,26.4676217,90.5155547,railway=level_crossing,
8010180159,26.4675796,90.5155582,railway=level_crossing,
8010180160,26.467522,90.51557,railway=level_crossing,
8010180161,26.4674526,90.5155822,railway=level_crossing,
8010180162,26.4673739,90.5155938,railway=level_crossing,
8021798314,24.1574937,92.0430126,railway=level_crossing,
8046985013,26.5020356,90.9729383,railway=level_crossing,
8046985014,26.502118,90.9729531,railway=level_crossing,
8047152591,26.4532958,91.625865,railway=level_crossing,
8047153116,26.4154392,91.6179412,railway=level_crossing,
8047153418,26.4161791,91.6177804,railway=level_crossing,
8047159460,26.3943549,91.6225217,railway=level_crossing,
8088591474,26.1426957,91.7941398,highway=crossing,
8088613902,26.1364396,91.8016234,highway=crossing,
8088613903,26.1366009,91.8018239,highway=crossing,
8088613912,26.1474719,91.7877787,highway=crossing,
8088613913,26.1344925,91.8045259,highway=crossing,
8088613914,26.145451,91.7866822,highway=crossing,
8088613915,26.1351778,91.8036477,highway=crossing,
8088613916,26.1352794,91.8035175,highway=crossing,
8088621317,26.13603,91.8025555,highway=crossing,
8088621318,26.147198,91.7885356,highway=crossing,
8088621319,26.1363133,91.8021924,highway=crossing,
8088621320,26.1464682,91.7894309,highway=crossing,
8088621323,26.1367944,91.8015774,highway=crossing,
8088621324,26.1439344,91.7922545,highway=crossing,
8088621327,26.1443294,91.7920965,highway=crossing,
8088621328,26.1371498,91.8011437,highway=crossing,
8088621331,26.1376789,91.8004904,highway=crossing,
8088621334,26.1391765,91.7981813,highway=crossing,
8088621335,26.1390508,91.7983393,highway=crossing,
8088621336,26.138796,91.7986597,highway=crossing,
8088621337,26.1384462,91.7990996,highway=crossing,
8088621338,26.1386683,91.7988203,highway=crossing,
8088621339,26.1375488,91.8002279,highway=crossing,
8088621340,26.1403262,91.7967357,highway=crossing,
8088621341,26.1408067,91.7961548,highway=crossing,
8088621344,26.1414803,91.7956695,highway=crossing,
8088621348,26.144066,91.7920487,highway=crossing,
8088621349,26.1439173,91.792215,highway=crossing,
8088621351,26.1400033,91.7912552,highway=crossing,
8088621352,26.1397217,91.7911967,highway=crossing,
8088621355,26.1401948,91.7916786,highway=crossing,
8088621356,26.1402482,91.7918422,highway=crossing,
8088621357,26.1413276,91.7951047,highway=crossing,
8088621359,26.1410797,91.7950199,highway=crossing,
8088621360,26.1410001,91.7938872,highway=crossing,
8088621362,26.1406235,91.7937356,highway=crossing,
8093170601,25.6695263,94.1060731,highway=bus_stop,
8093170602,25.6717148,94.1071083,highway=bus_stop,
8093170603,25.6741694,94.1086632,highway=bus_stop,
8093170604,25.6771479,94.109457,highway=bus_stop,
8093170605,25.6823067,94.1075002,highway=bus_stop,
8093170606,25.6827439,94.1069256,highway=bus_stop,
8093170607,25.6888607,94.0986169,highway=bus_stop,
8093170608,25.6857645,94.1020079,highway=bus_stop,
8093170609,25.6610474,94.101263,highway=bus_stop,
8093170610,25.6585216,94.0991508,highway=bus_stop,
8093170611,25.657305,94.099887,highway=bus_stop,
8097073415,26.1396123,91.7898387,highway=crossing,
8097220602,26.1383691,91.7904367,highway=crossing,
8097220607,26.1366055,91.7914288,highway=crossing,
8097220608,26.1355485,91.7920235,highway=crossing,
8097220609,26.1351467,91.7922495,highway=crossing,
8097220610,26.1360352,91.7917497,highway=crossing,
8097220611,26.1353668,91.7921257,highway=crossing,
8097220612,26.1376692,91.7908304,highway=crossing,
8097265321,26.1236085,91.7987675,highway=crossing,
8097265322,26.1235706,91.7986943,highway=crossing,
8121598289,27.4238806,94.4481364,railway=level_crossing,
8121598580,27.4251996,94.4709689,railway=level_crossing,
8121598825,27.4238663,94.4437444,railway=level_crossing,
8121607226,27.4536003,94.5050844,railway=level_crossing,
8121607329,27.4681981,94.520288,railway=level_crossing,
8121607684,27.4433151,94.4944202,railway=level_crossing,
8121612996,27.499993,94.553513,railway=level_crossing,
8158383639,26.1934718,91.7529262,highway=street_lamp,
8158383640,26.1928931,91.7519958,highway=street_lamp,
8158383641,26.1948735,91.7552682,highway=street_lamp,
8158383642,26.1915702,91.7523106,highway=street_lamp,
8158383643,26.1939503,91.7537503,highway=street_lamp,
8158383644,26.1932189,91.7525397,highway=street_lamp,
8158383645,26.1925681,91.7519917,highway=street_lamp,
8158383646,26.1945058,91.7545989,highway=street_lamp,
8158383647,26.1936275,91.7531883,highway=street_lamp,
8158383648,26.1930453,91.752166,highway=street_lamp,
8158383649,26.1919223,91.7521804,highway=street_lamp,
8158383650,26.1941691,91.7540731,highway=street_lamp,
8158383651,26.1934141,91.7528152,highway=street_lamp,
8158383652,26.1928531,91.7519708,highway=street_lamp,
8158383653,26.1947167,91.7549429,highway=street_lamp,
8158383654,26.1937648,91.7534527,highway=street_lamp,
8158383655,26.1932509,91.752582,highway=street_lamp,
8158383656,26.1923126,91.752063,highway=street_lamp,
8158383657,26.1943652,91.7544029,highway=street_lamp,
8158383658,26.1982154,91.7707018,highway=street_lamp,
8158383659,26.1936133,91.75314,highway=street_lamp,
8158383660,26.1930361,91.752138,highway=street_lamp,
8158383661,26.1917455,91.7522408,highway=street_lamp,
8158383662,26.1940927,91.7539513,highway=street_lamp,
8158383663,26.1933783,91.7527078,highway=street_lamp,
8158383664,26.1927298,91.7519057,highway=street_lamp,
8158383665,26.1946191,91.7547982,highway=street_lamp,
8158383666,26.1937141,91.7533442,highway=street_lamp,
8158383667,26.193109,91.7523342,highway=street_lamp,
8158383668,26.192103,91.7521265,highway=street_lamp,
8158383669,26.1942169,91.7541766,highway=street_lamp,
8219472408,25.9897469,90.9368636,railway=level_crossing,
8219499525,25.9901881,90.9306326,railway=level_crossing,
8219562790,26.5021608,90.9729568,railway=level_crossing,
8235208735,26.521248,90.5275818,railway=level_crossing,
8235324821,26.5130487,90.5194239,railway=level_crossing,
8237450291,26.4611796,90.4305003,railway=level_crossing,
8237450292,26.4609046,90.4305187,railway=level_crossing,
8237450293,26.4609242,90.4288478,railway=level_crossing,
8237450294,26.4611133,90.428888,railway=level_crossing,
8237450295,26.4608517,90.4261742,railway=level_crossing,
8237450296,26.4608022,90.4261773,railway=level_crossing,
8237450297,26.4596311,90.4164526,railway=level_crossing,
8237450298,26.4595877,90.4164634,railway=level_crossing,
8237450299,26.459573,90.4164766,railway=level_crossing,
8237450300,26.128295,92.0790161,railway=level_crossing,
8237450301,26.1478369,91.9808002,railway=level_crossing,
8237450302,26.1478493,91.9808419,railway=level_crossing,
8237450303,26.1512083,91.9795754,railway=level_crossing,
8237450304,26.1512454,91.9796259,railway=level_crossing,
8237450305,26.1512726,91.9796661,railway=level_crossing,
8237450306,26.1512998,91.9797078,railway=level_crossing,
8237450307,26.1513306,91.9797516,railway=level_crossing,
8237450308,26.157951,91.9776413,railway=level_crossing,
8237450309,26.157941,91.9775831,railway=level_crossing,
8237450310,26.1599692,91.9769345,railway=level_crossing,
8237450311,26.1599392,91.9768518,railway=level_crossing,
8237450312,26.1599393,91.9768432,railway=level_crossing,
8237450313,26.1699858,91.9767316,railway=level_crossing,
8237450314,26.1700184,91.9766696,railway=level_crossing,
8237476517,26.1998547,91.9786105,railway=level_crossing,
8237476518,26.1998075,91.9785976,railway=level_crossing,
8237476519,26.1997644,91.9785935,railway=level_crossing,
8237476520,26.199717,91.9785873,railway=level_crossing,
8237476523,26.2295973,91.9153434,railway=level_crossing,
8237476524,26.2295504,91.9153748,railway=level_crossing,
8237476525,26.2268237,91.9108533,railway=level_crossing,
8237476526,26.2267835,91.9109057,railway=level_crossing,
8237476527,26.2262953,91.909998,railway=level_crossing,
8237476528,26.2262166,91.9099901,railway=level_crossing,
8237476529,26.2185018,91.8964388,railway=level_crossing,
8237476530,26.2184687,91.8964849,railway=level_crossing,
8237476531,26.2147775,91.8819953,railway=level_crossing,
8237476532,26.2147251,91.8820191,railway=level_crossing,
8237476533,26.210434,91.8735126,railway=level_crossing,
8237476534,26.2103835,91.8735103,railway=level_crossing,
8237476535,26.2103283,91.873495,railway=level_crossing,
8237476536,26.2102637,91.8734993,railway=level_crossing,
8237476537,26.2012476,91.8531955,railway=level_crossing,
8237476538,26.2012149,91.8532236,railway=level_crossing,
8237476539,26.1978979,91.8503309,railway=level_crossing,
8237476540,26.1978622,91.8503592,railway=level_crossing,
8237476541,26.1948841,91.8483692,railway=level_crossing,
8237476542,26.194855,91.8484099,railway=level_crossing,
8237476543,26.1302403,92.0108275,railway=level_crossing,
8237476544,26.1347389,92.0054079,railway=level_crossing,
8237476545,26.1347647,92.005373,railway=level_crossing,
8237476546,26.1349639,92.0051093,railway=level_crossing,
8237476547,26.1796092,91.9849284,railway=level_crossing,
8237476548,26.1795409,91.9849609,railway=level_crossing,
8237476549,26.1868842,91.9916701,railway=level_crossing,
8237476550,26.186966,91.9916119,railway=level_crossing,
8237476558,26.150894,91.8341669,railway=level_crossing,
8237476559,26.1510537,91.8340558,railway=level_crossing,
8237476560,26.1517059,91.8336905,railway=level_crossing,
8237476561,26.1519297,91.8335971,railway=level_crossing,
8237476562,26.1573838,91.8330586,railway=level_crossing,
8237476563,26.1581361,91.8330498,railway=level_crossing,
8237476564,26.159545,91.8329738,railway=level_crossing,
8237476565,26.1598049,91.8329623,railway=level_crossing,
8237476566,26.160377,91.832937,railway=level_crossing,
8237476567,26.1607585,91.8329202,railway=level_crossing,
8237476568,26.160879,91.8329149,railway=level_crossing,
8237476569,26.161229,91.8328994,railway=level_crossing,
8237476570,26.1614966,91.8328876,railway=level_crossing,
8237476571,26.163243,91.8328105,railway=level_crossing,
8237476572,26.1637983,91.8327859,railway=level_crossing,
8237476573,26.1641696,91.8327699,railway=level_crossing,
8237476574,26.1665617,91.8326681,railway=level_crossing,
8237476575,26.1674263,91.8326314,railway=level_crossing,
8237476576,26.1710136,91.8324268,railway=level_crossing,
8237476577,26.1834489,91.8377704,railway=level_crossing,
8237476578,26.1833588,91.8377242,railway=level_crossing,
8237476581,26.1805902,91.8285501,railway=level_crossing,
8237476582,26.1805462,91.8285423,railway=level_crossing,
8237476583,26.1804942,91.8285333,railway=level_crossing,
8237476584,26.1804832,91.8285355,railway=level_crossing,
8237476585,26.1804379,91.8285228,railway=level_crossing,
8237476586,26.1818564,91.7485883,railway=level_crossing,
8237476587,26.1818056,91.7485949,railway=level_crossing,
8237476588,26.1798717,91.7896553,railway=level_crossing,
8237476589,26.1798362,91.7896435,railway=level_crossing,
8237476605,26.1800675,91.8096993,railway=level_crossing,
8237476606,26.1800864,91.8096858,railway=level_crossing,
8237490870,26.191162,91.6851611,railway=level_crossing,
8237490873,26.1848756,91.6825557,railway=level_crossing,
8237490897,26.1945939,91.6860741,railway=level_crossing,
8237490898,26.1947551,91.6860902,railway=level_crossing,
8387758670,25.5147703,91.8768405,highway=bus_stop,
8460435809,25.6687076,94.1059218,highway=bus_stop,
8464271124,26.4509333,91.4706975,railway=level_crossing,
8464271164,26.4635285,91.6425966,railway=level_crossing,
8464271166,26.4632752,91.642176,railway=level_crossing,
8464271167,26.4662159,91.6468178,railway=level_crossing,
8464271169,26.4661432,91.6469384,railway=level_crossing,
8464271175,26.4636286,91.64256,railway=level_crossing,
8464271176,26.4633824,91.6421548,railway=level_crossing,
8464271177,26.4625711,91.6410342,railway=level_crossing,
8464271178,26.4626582,91.6409673,railway=level_crossing,
8464271179,26.6283997,91.842569,railway=level_crossing,
8464271180,24.8679897,92.5624164,railway=level_crossing,
8464271181,24.8679197,92.5624445,railway=level_crossing,
8464271183,24.8500594,92.5020509,railway=level_crossing,
8468782559,26.4753182,90.5235763,railway=level_crossing,
8486779600,27.1631525,95.2757704,railway=level_crossing,
8486779601,27.1631909,95.2757583,railway=level_crossing,
8486779602,27.1632308,95.2757327,railway=level_crossing,
8488566978,27.4824963,95.3439549,railway=level_crossing,
8488566979,27.4824629,95.34397,railway=level_crossing,
8488569682,27.4830103,95.3454929,railway=level_crossing,
8488569683,27.4827744,95.3447087,railway=level_crossing,
8490132905,27.289555,95.7013265,railway=level_crossing,
8490139517,27.2836732,95.71698,railway=level_crossing,
8490139518,27.2845544,95.718436,railway=level_crossing,
8490139519,27.2849526,95.7190939,railway=level_crossing,
8490139520,27.2912733,95.7360427,railway=level_crossing,
8490144820,27.4785685,95.327513,railway=level_crossing,
8490144821,27.4785079,95.3275215,railway=level_crossing,
8490144822,27.4784498,95.3282251,railway=level_crossing,
8490144823,27.4784445,95.3280686,railway=level_crossing,
8490144824,27.4779093,95.3263166,railway=level_crossing,
8490144832,27.4784748,95.3289551,railway=level_crossing,
8490144833,27.4785799,95.3290338,railway=level_crossing,
8490144834,27.4786839,95.3290758,railway=level_crossing,
8490144835,27.4786734,95.3290715,railway=level_crossing,
8500995130,27.4830719,95.4559767,railway=level_crossing,
8500995152,27.4879365,95.4425434,railway=level_crossing,
8500995154,27.4858397,95.4436677,railway=level_crossing,
8500995155,27.4874388,95.4415232,railway=level_crossing,
8500995156,27.4870323,95.4360457,railway=level_crossing,
8500995157,27.4870282,95.4358359,railway=level_crossing,
8500995158,27.4870085,95.4344813,railway=level_crossing,
8501031339,26.8195719,94.5350473,railway=level_crossing,
8501237667,27.1390945,93.926672,railway=level_crossing,
8501237668,27.1424571,93.9309332,railway=level_crossing,
8501237669,27.1490972,93.9392813,railway=level_crossing,
8501237680,27.1221475,93.8721755,railway=level_crossing,
8501237681,27.1221272,93.8723573,railway=level_crossing,
8501237682,27.1229313,93.8754271,railway=level_crossing,
8501321652,27.3708512,94.8220249,railway=level_crossing,
8501432820,25.8189377,93.5088905,railway=level_crossing,
8501432917,27.4763864,95.3255299,railway=level_crossing,
8501432928,27.4760756,95.3255169,railway=level_crossing,
8501432957,27.4670824,94.9386841,railway=level_crossing,
8501432958,27.4670731,94.9386931,railway=level_crossing,
8501432959,27.4671364,94.9386314,railway=level_crossing,
8501432960,27.4669134,94.9388528,railway=level_crossing,
8501432961,27.4670074,94.938761,railway=level_crossing,
8501432962,27.4669738,94.9387938,railway=level_crossing,
8501432963,27.4668567,94.9389083,railway=level_crossing,
8501432964,27.4671512,94.9386169,railway=level_crossing,
8501432965,27.4671903,94.9385787,railway=level_crossing,
8501432966,27.4672218,94.9385479,railway=level_crossing,
8501453883,26.7514044,94.219416,railway=level_crossing,
8501551591,26.4722542,90.5236671,railway=level_crossing,
8646975390,26.5000975,90.6983277,highway=crossing,
8677605071,26.4973218,91.1720476,railway=level_crossing,
8677605093,26.4969762,91.1715709,railway=level_crossing,
8681130619,26.5048579,93.9621489,railway=level_crossing,
8690516256,26.3998464,90.2605999,railway=level_crossing,
8690516257,26.4000561,90.2604892,railway=level_crossing,
8690657723,26.984551,94.6561441,railway=level_crossing,
8721787077,27.7658608,93.0207022,highway=crossing,unmarked
8809919935,25.301989,91.58172,highway=crossing,
8857728343,25.2863914,94.4739406,highway=crossing,
8890829879,27.7615539,94.9736626,railway=level_crossing,
8891192283,27.4870595,95.4374582,railway=level_crossing,
8891192285,27.2924326,95.6584006,railway=level_crossing,
8891192289,27.2883414,95.6713766,railway=level_crossing,
8898435067,25.2981072,91.5828079,highway=crossing,
8927118432,25.5556041,91.8708528,highway=crossing,
8961919706,26.1894553,92.3680784,railway=level_crossing,
8964722051,26.4662326,92.5185475,railway=level_crossing,
8964722275,26.4684192,92.5655831,railway=level_crossing,
8994729837,26.2385039,92.532908,railway=level_crossing,
8994729841,26.2235041,92.5198063,railway=level_crossing,
8994764343,26.2220284,92.5190323,railway=level_crossing,
9051862740,26.8642266,93.5069153,railway=level_crossing,
9051862741,26.86205,93.5135526,railway=level_crossing,
9051862742,26.8598931,93.5210478,railway=level_crossing,
9051862748,27.199971,94.0292547,railway=level_crossing,
9051872190,27.1197663,93.8633868,railway=level_crossing,
9051872218,27.1198121,93.863367,railway=level_crossing,
9051872962,27.1206294,93.8663032,railway=level_crossing,
9051872989,27.1184062,93.8584655,railway=level_crossing,
9051873000,27.1176227,93.8552878,railway=level_crossing,
9051873015,27.1197157,93.8633943,railway=level_crossing,
9051873027,27.1175777,93.8553024,railway=level_crossing,
9051873045,27.120524,93.8664144,railway=level_crossing,
9051873052,27.1185026,93.8584405,railway=level_crossing,
9051873085,27.1184568,93.8584546,railway=level_crossing,
9051873168,27.1205539,93.8663808,railway=level_crossing,
9085278753,25.5983143,94.3929866,highway=crossing,marked
9085280751,25.6027421,94.3973825,highway=crossing,marked
9085441444,25.6012191,94.3938842,highway=crossing,marked
9092968622,25.5957785,94.3898652,highway=crossing,
9092980020,25.598303,94.3925969,highway=crossing,marked
9112296262,25.6090821,94.4032327,highway=crossing,unmarked
9112304042,25.6100436,94.4042358,highway=crossing,
9115781023,25.5958552,94.3897181,highway=crossing,
9122814281,26.16057,92.6552336,railway=level_crossing,
9123120991,26.3275351,92.6770967,railway=level_crossing,
9123120992,26.330391,92.6806688,railway=level_crossing,
9123120993,26.3326622,92.6835798,railway=level_crossing,
9123120996,26.3368714,92.6863682,railway=level_crossing,
9123121002,26.340193,92.6878384,railway=level_crossing,
9123121011,26.3489035,92.700827,railway=level_crossing,
9123121013,26.3459682,92.7074661,railway=level_crossing,
9123121015,26.3429465,92.7125117,railway=level_crossing,
9123121019,26.3209983,92.6538412,railway=level_crossing,
9123121020,26.3210299,92.653776,railway=level_crossing,
9123121022,26.3243041,92.6557988,railway=level_crossing,
9123121023,26.3348741,92.6613826,railway=level_crossing,
9123121024,26.3460872,92.6673597,railway=level_crossing,
9123121025,26.3633427,92.6765838,railway=level_crossing,
9123121026,26.3621813,92.6759761,railway=level_crossing,
9123121027,26.3611141,92.6753574,railway=level_crossing,
9123121222,26.3840495,92.6933404,railway=level_crossing,
9150496761,26.9963477,94.646522,railway=level_crossing,
9150496764,26.994676,94.6450737,railway=level_crossing,
9150543992,27.4763971,95.3254594,railway=level_crossing,
9150572851,27.4782569,95.324334,railway=level_crossing,
9150572865,27.4776699,95.3218235,railway=level_crossing,
9150814762,27.0341987,94.6711001,railway=level_crossing,
9179359612,26.1463335,91.7865098,highway=crossing,
9214911182,27.4840748,95.1744577,railway=level_crossing,
9447210886,26.208705,91.6863225,highway=crossing,marked
9447210887,26.2088139,91.6862971,highway=crossing,marked
9447210893,26.2087126,91.6858045,highway=crossing,marked
9449519587,26.1249791,92.1922128,railway=level_crossing,
9527564894,26.8501665,93.3811912,railway=level_crossing,
9584780284,27.5905069,94.7148022,railway=level_crossing,uncontrolled
9589298006,27.5708538,94.6880112,railway=level_crossing,
9594044699,26.8117932,92.837847,railway=level_crossing,
9625543437,26.2138257,91.6941474,railway=level_crossing,
9625543438,26.2916434,91.7025571,railway=level_crossing,
9625543439,26.2638517,91.6942738,railway=level_crossing,
9625543440,26.2657369,91.6948426,railway=level_crossing,
9625543441,26.2457332,91.6891817,railway=level_crossing,
9641191197,27.5906183,94.7146656,railway=level_crossing,uncontrolled
9643151805,26.1753946,91.8322202,railway=level_crossing,
9643458829,26.1682304,91.8325972,railway=level_crossing,
9643458877,26.1623272,91.8328509,railway=level_crossing,
9656215543,27.4834694,95.3873885,railway=level_crossing,
9656215607,27.4835023,95.3997803,railway=level_crossing,
9656215642,27.4835354,95.3968406,railway=level_crossing,
9656220426,27.4874838,95.3662744,railway=level_crossing,
9656220428,27.4874207,95.3667196,railway=level_crossing,
9656220466,27.4870071,95.3697087,railway=level_crossing,
9656230471,27.4851443,95.3809136,railway=level_crossing,
9656230502,27.4835581,95.3849691,railway=level_crossing,
9667827956,25.877547,93.7213986,railway=level_crossing,
9667858827,25.8779117,93.7223431,railway=level_crossing,
9669471151,25.7581706,93.6476041,railway=level_crossing,
9669660800,25.8442377,93.6834977,railway=level_crossing,
9669689204,25.8402128,93.6772777,railway=level_crossing,
9669737920,25.9310867,93.7343491,railway=level_crossing,
9669769260,25.9794969,93.7623321,railway=level_crossing,
9669920280,25.7798035,93.7604245,railway=level_crossing,
9669990308,25.8417967,93.6803975,railway=level_crossing,
9674203295,25.9573221,93.7604282,railway=level_crossing,
9676870372,25.7734256,93.7467549,railway=level_crossing,
9680136358,27.4501241,95.3508018,railway=level_crossing,
9685087334,24.1016374,91.3578368,railway=level_crossing,
9691148454,26.3440148,92.7101898,railway=level_crossing,
9691148829,26.3378493,92.7234077,railway=level_crossing,
9691148910,26.3394805,92.7199208,railway=level_crossing,
9691151228,26.3412321,92.7161765,railway=level_crossing,
9691151231,26.3409159,92.7168524,railway=level_crossing,
9694422492,27.2399996,95.3336057,railway=level_crossing,
9696575730,27.4875396,95.1795114,railway=level_crossing,
9696575732,27.4878661,95.1800763,railway=level_crossing,
9696575762,27.4853824,95.1759335,railway=level_crossing,
9696610979,27.4945,95.1932409,railway=level_crossing,
9696765934,27.4942751,95.1921404,railway=level_crossing,
9697413590,27.2549529,95.33405,railway=level_crossing,
9699529752,27.459612,95.0696647,railway=level_crossing,
9699641278,27.459667,95.0431033,railway=level_crossing,
9699908271,27.1924151,95.3688498,highway=crossing,
9699969743,27.4678132,95.0896786,railway=level_crossing,
9699984030,27.459167,95.0371757,railway=level_crossing,
9700109038,27.4573958,95.0241986,railway=level_crossing,
9702363959,27.2108033,94.9285031,railway=level_crossing,
9702419131,27.2118356,94.9281447,railway=level_crossing,
9702716591,27.2297366,94.9216636,railway=level_crossing,
9704548115,27.4557779,95.0128439,railway=level_crossing,
9704570565,27.4561456,95.0145671,railway=level_crossing,
9704610818,27.4556506,95.0120462,railway=level_crossing,
9704610831,27.4554678,95.0109557,railway=level_crossing,
9704610833,27.4549129,95.0078327,railway=level_crossing,
9704610839,27.4547923,95.0073089,railway=level_crossing,
9704623607,27.4545967,95.0064155,railway=level_crossing,
9704715343,27.4575263,94.9767616,railway=level_crossing,
9704869752,27.4543435,94.9878062,railway=level_crossing,
9704920335,27.1066382,94.8110028,railway=level_crossing,
9704977224,27.193348,95.343451,railway=level_crossing,
9704993889,27.1957478,95.3412017,railway=level_crossing,
9708375854,27.1908268,94.9262781,railway=level_crossing,
9708493254,27.1101321,94.8354913,railway=level_crossing,
9708508145,27.1366859,94.8794505,railway=level_crossing,
9708527416,27.1380384,94.8806206,railway=level_crossing,
9708530379,27.124666,94.8662169,railway=level_crossing,
9708542154,27.1281671,94.8706547,railway=level_crossing,
9708647661,27.4669138,94.9379101,railway=level_crossing,
9708768655,27.1963579,94.9310669,railway=level_crossing,
9708779671,27.1633635,94.9025205,railway=level_crossing,
9709455756,26.5897297,93.7923328,railway=level_crossing,
9712993210,24.9080443,92.5799274,railway=level_crossing,
9713224539,24.8363581,92.7084303,railway=level_crossing,
9713243024,24.9662188,92.6988274,railway=level_crossing,
9713326927,24.84001,92.7170729,railway=level_crossing,
9713483879,24.868059,92.5700839,railway=level_crossing,
9713619251,24.8399198,92.717115,railway=level_crossing,
9713853538,24.8680392,92.5668992,railway=level_crossing,
9713853539,24.8679951,92.5668743,railway=level_crossing,
9717062618,24.862988,92.7782438,railway=level_crossing,
9717105154,24.823863,92.6437563,railway=level_crossing,
9717133460,24.8913526,92.5763012,railway=level_crossing,
9717287675,25.0120644,92.748622,railway=level_crossing,
9717325108,24.8429759,92.8619436,railway=level_crossing,
9717389207,24.8510049,92.7632514,railway=level_crossing,
9717546373,24.8711918,92.5797571,railway=level_crossing,
9717605036,27.4446282,94.9082101,railway=level_crossing,
9717662560,24.8421388,92.7696293,railway=level_crossing,
9717709923,24.8565295,92.8265135,railway=level_crossing,
9719897285,24.8536406,92.5218692,railway=level_crossing,
9720329140,24.836006,92.880114,railway=level_crossing,
9721892897,24.8176725,92.9741119,railway=level_crossing,
9722203758,24.8469257,93.0502853,railway=level_crossing,
9722372140,24.8168264,93.012017,railway=level_crossing,
9725817749,24.821427,92.9397223,railway=level_crossing,
9725868647,24.803989,93.1085756,railway=level_crossing,
9726347637,24.8135299,93.0751648,railway=level_crossing,
9726443627,24.8124729,93.0772419,railway=level_crossing,
9728690302,24.8329917,93.0343123,railway=level_crossing,
9730129472,24.5676719,92.4120408,railway=level_crossing,
9730129486,26.6668982,94.1182783,railway=level_crossing,
9730129492,27.4526696,94.9995984,railway=level_crossing,
9730174082,26.1220239,92.1710814,railway=level_crossing,
9730174235,26.6694716,93.9854307,railway=level_crossing,
9730174265,26.1614652,92.6809323,railway=level_crossing,
9730174298,25.834107,93.4358642,railway=level_crossing,
9730174356,24.9399153,92.6009917,railway=level_crossing,
9730174398,24.8587296,92.5444615,railway=level_crossing,
9730174415,26.1616045,92.6709239,railway=level_crossing,
9730174486,24.6743172,92.566438,railway=level_crossing,
9730174512,26.0182605,93.7728406,railway=level_crossing,
9730174572,24.8587855,92.5444427,railway=level_crossing,
9730174587,26.2016209,92.6054516,railway=level_crossing,
9730174599,24.7534367,92.3692214,railway=level_crossing,
9730174625,24.6881549,92.5694036,railway=level_crossing,
9730174645,26.8203253,92.6788914,railway=level_crossing,
9730174889,26.1212934,92.167081,railway=level_crossing,
9730174932,27.1996895,95.3167436,railway=level_crossing,
9730175015,26.6669156,94.1187291,railway=level_crossing,
9730175045,24.5580915,92.6174847,railway=level_crossing,
9730175077,26.1231339,92.1771742,railway=level_crossing,
9730175094,26.818718,92.6779081,railway=level_crossing,
9730175176,26.2042902,92.5419083,railway=level_crossing,
9730175178,25.8339706,93.4358836,railway=level_crossing,
9730175256,24.9438713,92.6051168,railway=level_crossing,
9730175699,26.8190345,92.6789401,railway=level_crossing,
9730175737,26.1171872,92.14527,railway=level_crossing,
9730175833,24.9399548,92.6009468,railway=level_crossing,
9730175863,26.8187491,92.6779101,railway=level_crossing,
9730176147,26.8261107,92.6794106,railway=level_crossing,
9730176170,24.9025516,92.5772878,railway=level_crossing,
9730176327,26.6562275,94.3131891,railway=level_crossing,
9730176412,26.8185305,92.6779599,railway=level_crossing,
9730176458,26.8185767,92.6779483,railway=level_crossing,
9730176613,27.4825763,95.1731124,railway=level_crossing,
9730176701,26.1257715,92.0900515,railway=level_crossing,
9730176707,27.445332,95.3505021,railway=level_crossing,
9730176732,27.4395083,95.3493249,railway=level_crossing,
9730176804,26.3530715,90.6465889,railway=level_crossing,
9730176942,27.465829,95.0851592,railway=level_crossing,
9730176993,26.5850148,93.7931989,railway=level_crossing,
9730177040,27.4501252,95.3507562,railway=level_crossing,
9730177063,26.8186146,92.6779403,railway=level_crossing,
9730177157,27.4433788,95.3504196,railway=level_crossing,
9730177175,26.2638801,91.6942051,railway=level_crossing,
9730177352,24.8680174,92.5623672,railway=level_crossing,
9730177363,24.5581161,92.6175229,railway=level_crossing,
9730177375,27.4398475,95.3495089,railway=level_crossing,
9730177426,26.824936,92.6793183,railway=level_crossing,
9730177453,24.8679736,92.5624316,railway=level_crossing,
9730177502,26.4970733,91.1721592,railway=level_crossing,
9730177508,24.8669112,92.5600574,railway=level_crossing,
9730177594,26.4969621,91.1715409,railway=level_crossing,
9730177701,24.5580649,92.6174489,railway=level_crossing,
9730177974,24.9437995,92.6051556,railway=level_crossing,
9730178069,25.3750625,93.1211007,railway=level_crossing,
9730178129,26.8249498,92.6793748,railway=level_crossing,
9730178136,26.2043131,92.5204906,railway=level_crossing,
9730178165,26.2024155,92.6025981,railway=level_crossing,
9730178222,26.003781,92.8494748,railway=level_crossing,
9730178314,26.8200744,92.6788741,railway=level_crossing,
9730178390,25.3749918,93.1210557,railway=level_crossing,
9730178451,26.8188299,92.6778893,railway=level_crossing,
9730178844,24.814713,92.9914667,railway=level_crossing,
9730178975,24.9398973,92.6010543,railway=level_crossing,
9730179029,26.8187886,92.677896,railway=level_crossing,
9730179036,26.6682936,94.1095586,railway=level_crossing,
9730179053,26.2005164,92.5490006,railway=level_crossing,
9760942734,25.9816026,90.8496071,railway=level_crossing,
9760942743,27.0691769,94.7408035,railway=level_crossing,
9760942744,27.0689529,94.7393026,railway=level_crossing,
9760942754,27.0626474,94.7056631,railway=level_crossing,
9760942757,27.0623442,94.703693,railway=level_crossing,
9760942762,27.0615361,94.698278,railway=level_crossing,
9760942771,27.0589697,94.6884568,railway=level_crossing,
9760942781,27.0397692,94.6733583,railway=level_crossing,
9760989176,27.1314146,93.7111786,railway=level_crossing,
9760989177,27.1314509,93.711114,railway=level_crossing,
9760989178,27.131492,93.7110584,railway=level_crossing,
9760989184,26.4629694,94.0016064,railway=level_crossing,
9760989185,26.4631206,94.0012334,railway=level_crossing,
9761002908,26.7490749,93.0647161,railway=level_crossing,
9761002909,26.7489357,93.0619765,railway=level_crossing,
9761002910,26.7485665,93.0563009,railway=level_crossing,
9761002913,26.7475477,93.0394389,railway=level_crossing,
9761002918,26.7573751,93.0047876,railway=level_crossing,
9761002919,26.7575704,93.0038542,railway=level_crossing,
9761002922,26.7614906,92.9869603,railway=level_crossing,
9761002927,26.7789558,92.943838,railway=level_crossing,
9761002928,26.7953957,92.9171404,railway=level_crossing,
9761002929,26.7962508,92.9157665,railway=level_crossing,
9761002933,26.7979552,92.9130281,railway=level_crossing,
9761002935,26.7984337,92.9122592,railway=level_crossing,
9761002936,26.7996457,92.9102907,railway=level_crossing,
9761002937,26.7998301,92.9099885,railway=level_crossing,
9761002938,26.8001751,92.9094231,railway=level_crossing,
9761002945,26.8096844,92.8938622,railway=level_crossing,
9761002946,26.8125675,92.8585822,railway=level_crossing,
9761002947,26.8135472,92.831144,railway=level_crossing,
9761002948,26.8154106,92.8252309,railway=level_crossing,
9761002949,26.817047,92.8196799,railway=level_crossing,
9761002950,26.8172692,92.8182733,railway=level_crossing,
9761002951,26.8175473,92.8134212,railway=level_crossing,
9761002952,26.8177898,92.8075142,railway=level_crossing,
9761002953,26.8180144,92.8020446,railway=level_crossing,
9761002954,26.8182547,92.7961936,railway=level_crossing,
9761002955,26.8184797,92.7907132,railway=level_crossing,
9761002956,26.8185486,92.7890346,railway=level_crossing,
9761002957,26.8186,92.7876656,railway=level_crossing,
9761002958,26.8186913,92.7853458,railway=level_crossing,
9761002959,26.8187154,92.7847909,railway=level_crossing,
9761002960,26.8288758,92.7882587,railway=level_crossing,
9761002961,26.8347471,92.7860549,railway=level_crossing,
9761002962,26.8416795,92.7834541,railway=level_crossing,
9761002963,26.8882017,92.7985007,railway=level_crossing,
9761002964,26.8997498,92.8007372,railway=level_crossing,
9761002965,26.8944765,92.7997191,railway=level_crossing,
9761002977,26.9619628,92.7851327,railway=level_crossing,
9761003021,26.9777377,92.7454941,railway=level_crossing,
9761003022,26.9778745,92.7395222,railway=level_crossing,
9761003023,26.9779503,92.7362158,railway=level_crossing,
9761003024,26.9779713,92.7352985,railway=level_crossing,
9761003025,26.9779865,92.7346351,railway=level_crossing,
9761003026,26.9780301,92.7327303,railway=level_crossing,
9761003027,26.9780808,92.7305187,railway=level_crossing,
9761003028,26.9782367,92.7234078,railway=level_crossing,
9761003029,26.9783733,92.7172895,railway=level_crossing,
9761003030,26.9784219,92.7146717,railway=level_crossing,
9761003031,26.9784532,92.7129831,railway=level_crossing,
9761003032,26.9786794,92.7085605,railway=level_crossing,
9761003033,26.979168,92.7044077,railway=level_crossing,
9761003034,26.9792823,92.7034044,railway=level_crossing,
9761003035,26.9801619,92.6956784,railway=level_crossing,
9761003053,24.8568173,93.0850934,railway=level_crossing,
9761003081,24.8567534,92.7444226,railway=level_crossing,
9761003082,24.8567904,92.7443819,railway=level_crossing,
9761003083,24.8568281,92.7443405,railway=level_crossing,
9761003195,25.0307934,92.770826,railway=level_crossing,
9761003239,26.4509978,91.4329624,railway=level_crossing,
9761003250,26.1495037,92.702497,railway=level_crossing,
9761003251,26.1495663,92.7025017,railway=level_crossing,
9761003310,26.9782662,92.7221148,railway=level_crossing,
9761003311,26.9783528,92.7183952,railway=level_crossing,
9761003312,26.9814219,92.6850045,railway=level_crossing,
9761003313,26.9828895,92.6747,railway=level_crossing,
9761003319,26.9866428,92.6623875,railway=level_crossing,
9761003320,26.9834357,92.6729518,railway=level_crossing,
9761003321,26.9837005,92.6720559,railway=level_crossing,
9761003322,26.9838387,92.6715882,railway=level_crossing,
9761003323,26.9842251,92.6704313,railway=level_crossing,
9761003324,26.9850964,92.6674829,railway=level_crossing,
9761003325,26.9859414,92.6646677,railway=level_crossing,
9761003326,26.9880852,92.6585964,railway=level_crossing,
9761003327,26.9884048,92.6579902,railway=level_crossing,
9761003328,26.988951,92.6569545,railway=level_crossing,
9761003329,26.9892339,92.6564179,railway=level_crossing,
9761003330,26.990413,92.654182,railway=level_crossing,
9761003331,26.9917918,92.6515671,railway=level_crossing,
9761003332,26.9926477,92.6499438,railway=level_crossing,
9761003333,26.9927893,92.6496753,railway=level_crossing,
9761003334,26.9935964,92.6481447,railway=level_crossing,
9761003339,26.8188574,92.6778679,railway=level_crossing,
9761003340,26.6535973,94.3082936,railway=level_crossing,
9761003341,26.6530555,94.3075455,railway=level_crossing,
9761003342,26.6534819,94.3084065,railway=level_crossing,
9761003343,26.6529314,94.3076557,railway=level_crossing,
9761003344,26.6533446,94.3085409,railway=level_crossing,
9761003345,26.6527898,94.3077813,railway=level_crossing,
9761003346,26.6534022,94.3084845,railway=level_crossing,
9761003347,26.6528497,94.3077282,railway=level_crossing,
9761003348,25.7506248,93.1721981,railway=level_crossing,
9761003349,25.750765,93.1720055,railway=level_crossing,
9761003350,25.7508151,93.1720165,railway=level_crossing,
9761003351,25.7508617,93.1720288,railway=level_crossing,
9761003352,25.7509111,93.1720407,railway=level_crossing,
9761003353,25.7509592,93.1720483,railway=level_crossing,
9761003387,25.5002576,93.1061718,railway=level_crossing,
9761003734,25.7583208,93.3069733,railway=level_crossing,
9761003743,25.7581674,93.3069867,railway=level_crossing,
9761003752,25.3750258,93.1210761,railway=level_crossing,
9761003756,25.376464,93.1185856,railway=level_crossing,
9761003761,24.8680366,92.5653886,railway=level_crossing,
9761003762,24.861567,92.550578,railway=level_crossing,
9761003763,26.8091276,92.4545611,railway=level_crossing,
9761003861,25.9986939,92.85632,railway=level_crossing,
9761003863,25.9986455,92.8562781,railway=level_crossing,
9761003864,25.9986199,92.8562524,railway=level_crossing,
9761003865,25.9985726,92.856213,railway=level_crossing,
9761003869,26.0038873,92.8495786,railway=level_crossing,
9761003870,26.003851,92.8495431,railway=level_crossing,
9761003871,26.0037468,92.8494414,railway=level_crossing,
9761003872,26.1076018,92.7425403,railway=level_crossing,
9761003873,26.1075846,92.7424901,railway=level_crossing,
9761003874,26.1075619,92.7424601,railway=level_crossing,
9761003875,26.1075261,92.742435,railway=level_crossing,
9761003880,26.764457,94.4635845,railway=level_crossing,
9761003881,26.7422994,94.4388026,railway=level_crossing,
9761003884,25.0965892,92.8269992,railway=level_crossing,
9761003885,25.0964461,92.8265427,railway=level_crossing,
9761003894,24.8316403,92.7901612,railway=level_crossing,
9761003895,24.8315644,92.7901489,railway=level_crossing,
9761003896,24.8315834,92.791085,railway=level_crossing,
9761003897,24.8316567,92.7910945,railway=level_crossing,
9761003924,26.8186216,92.7869521,railway=level_crossing,
9761003925,26.9781487,92.7275557,railway=level_crossing,
9761003928,26.9735841,92.7572126,railway=level_crossing,
9761004020,26.8212725,94.5364741,railway=level_crossing,
9761004031,25.8205413,93.5199143,railway=level_crossing,
9761004032,25.8205381,93.5199142,railway=level_crossing,
9761004033,25.8204948,93.5198889,railway=level_crossing,
9761004034,25.8204368,93.5198611,railway=level_crossing,
9761004035,25.8200813,93.5176748,railway=level_crossing,
9761004036,25.8201349,93.5176913,railway=level_crossing,
9761004037,25.8201828,93.5176972,railway=level_crossing,
9761004038,25.8190816,93.5112584,railway=level_crossing,
9761004046,25.8194638,93.5068954,railway=level_crossing,
9761004053,25.7562493,93.1315836,railway=level_crossing,
9761004054,25.7563538,93.1316629,railway=level_crossing,
9761004055,25.7573024,93.1318569,railway=level_crossing,
9761004056,25.7573537,93.1318131,railway=level_crossing,
9761004058,26.6676375,94.1135162,railway=level_crossing,
9761004067,26.669107,94.0717939,railway=level_crossing,
9761004075,26.6711918,94.0637079,railway=level_crossing,
9761004076,26.6714904,94.0628744,railway=level_crossing,
9761004077,26.6729884,94.0586932,railway=level_crossing,
9761004079,26.6736463,94.0568022,railway=level_crossing,
9761004104,26.6685987,94.0454512,railway=level_crossing,
9761004105,26.6685416,94.0434135,railway=level_crossing,
9761004121,26.6671056,94.0166373,railway=level_crossing,
9761004122,26.6683453,94.0031776,railway=level_crossing,
9761004123,26.6684597,94.0019257,railway=level_crossing,
9761004124,26.6688555,93.9972518,railway=level_crossing,
9761004125,26.668829,93.9975393,railway=level_crossing,
9761004126,26.6694679,93.9906148,railway=level_crossing,
9761004145,26.323172,92.6634492,railway=level_crossing,
9761004160,26.2015805,92.6054276,railway=level_crossing,
9761004164,26.2021595,92.6039995,railway=level_crossing,
9761004187,26.202199,92.6040144,railway=level_crossing,
9761004229,26.3917796,92.8202824,railway=level_crossing,
9761004240,26.1603854,92.659586,railway=level_crossing,
9761004241,26.1604189,92.6596095,railway=level_crossing,
9761004242,26.1603347,92.6595678,railway=level_crossing,
9761004243,26.1602715,92.6595589,railway=level_crossing,
9761004244,26.1601745,92.6613807,railway=level_crossing,
9761004245,26.1603251,92.6613913,railway=level_crossing,
9761004246,26.1602906,92.6613905,railway=level_crossing,
9761004247,26.1605106,92.6551785,railway=level_crossing,
9761004248,26.1606467,92.6553331,railway=level_crossing,
9761004249,26.1606137,92.6552814,railway=level_crossing,
9761004254,24.8568569,92.5373613,railway=level_crossing,
9761004302,26.8519946,93.5559411,railway=level_crossing,
9761004318,24.737758,92.590876,railway=level_crossing,
9761004319,24.7445568,92.5935685,railway=level_crossing,
9761004320,24.7621578,92.5966288,railway=level_crossing,
9761004321,24.7667354,92.5974965,railway=level_crossing,
9761004324,24.8261297,92.6345705,railway=level_crossing,
9761004331,24.8661813,92.5984477,railway=level_crossing,
9761004332,24.8661752,92.598504,railway=level_crossing,
9761004333,24.8661727,92.5985557,railway=level_crossing,
9761004341,24.8500276,92.4350946,railway=level_crossing,
9761004342,24.8481108,92.4290394,railway=level_crossing,
9761004346,24.7654219,92.3738847,railway=level_crossing,
9761004347,24.7623288,92.3727698,railway=level_crossing,
9761004348,24.7598935,92.3718919,railway=level_crossing,
9761004349,24.7571659,92.370901,railway=level_crossing,
9761004350,24.7504972,92.3639474,railway=level_crossing,
9761004351,24.7491148,92.3614611,railway=level_crossing,
9761004352,24.8582482,92.354632,railway=level_crossing,
9761004354,24.833775,92.3091756,railway=level_crossing,
9761004355,24.8267753,92.3049669,railway=level_crossing,
9761004356,24.8193678,92.2861729,railway=level_crossing,
9761004357,24.8193871,92.2860967,railway=level_crossing,
9761004358,24.8237024,92.2894659,railway=level_crossing,
9761004359,24.8263116,92.2982806,railway=level_crossing,
9761004360,24.8257174,92.300284,railway=level_crossing,
9761004361,24.8307082,92.3079305,railway=level_crossing,
9761004362,24.8317984,92.3081067,railway=level_crossing,
9761004363,24.8358182,92.3114706,railway=level_crossing,
9761004364,24.8368328,92.3140346,railway=level_crossing,
9761004365,24.8371794,92.3150178,railway=level_crossing,
9761004366,24.8373492,92.3154817,railway=level_crossing,
9761004367,24.8376816,92.3163892,railway=level_crossing,
9761004368,24.8393287,92.3187911,railway=level_crossing,
9761004369,24.8466949,92.3253945,railway=level_crossing,
9761004375,24.8553206,92.332338,railway=level_crossing,
9761004390,24.8559658,92.3350282,railway=level_crossing,
9761004397,24.8557102,92.3493843,railway=level_crossing,
9761004398,24.8591062,92.3564028,railway=level_crossing,
9761004399,24.8605064,92.3614461,railway=level_crossing,
9761004400,24.8607726,92.3627667,railway=level_crossing,
9761004401,24.8561494,92.3784882,railway=level_crossing,
9761004402,24.8551483,92.3790443,railway=level_crossing,
9761004403,24.8546623,92.3793142,railway=level_crossing,
9761004404,24.8544879,92.3794111,railway=level_crossing,
9761004405,24.853395,92.3800181,railway=level_crossing,
9761004422,24.856784,92.4586201,railway=level_crossing,
9761004423,24.8568088,92.457791,railway=level_crossing,
9761004426,24.85667,92.4636813,railway=level_crossing,
9761004427,24.8566143,92.4655976,railway=level_crossing,
9761004429,24.8497529,92.5003543,railway=level_crossing,
9761004440,24.8496675,92.499872,railway=level_crossing,
9761004441,24.853329,92.5201876,railway=level_crossing,
9761004442,24.8546047,92.527387,railway=level_crossing,
9761004443,24.8578386,92.5410526,railway=level_crossing,
9761004444,24.8583526,92.5430882,railway=level_crossing,
9761004445,24.8584047,92.5430792,railway=level_crossing,
9761004446,24.8616561,92.5507793,railway=level_crossing,
9761004447,24.8616616,92.5507727,railway=level_crossing,
9761004448,24.8617241,92.5507134,railway=level_crossing,
9761004449,24.8617588,92.5506575,railway=level_crossing,
9761004450,24.8617863,92.55061,railway=level_crossing,
9761004451,24.8618149,92.550572,railway=level_crossing,
9761004452,24.8618606,92.5505457,railway=level_crossing,
9761004453,24.8618712,92.550515,railway=level_crossing,
9761004454,24.8618071,92.5504171,railway=level_crossing,
9761004455,24.8617933,92.5504274,railway=level_crossing,
9761004456,24.8617514,92.5504591,railway=level_crossing,
9761004457,24.8617149,92.5504843,railway=level_crossing,
9761004458,24.8616761,92.5505115,railway=level_crossing,
9761004459,24.861628,92.5505444,railway=level_crossing,
9761004460,24.8669562,92.5600206,railway=level_crossing,
9761004461,24.8669722,92.5600109,railway=level_crossing,
9761004462,24.8670146,92.5599807,railway=level_crossing,
9761004463,24.8670662,92.5599581,railway=level_crossing,
9761004464,24.8670755,92.5599525,railway=level_crossing,
9761004465,24.8671133,92.5599336,railway=level_crossing,
9761004485,24.8679929,92.5653972,railway=level_crossing,
9761004486,24.8679961,92.5707069,railway=level_crossing,
9761004487,24.8680615,92.5706854,railway=level_crossing,
9761004488,24.8679962,92.5717033,railway=level_crossing,
9761004489,24.8679963,92.5718911,railway=level_crossing,
9761004490,24.8680985,92.5716458,railway=level_crossing,
9761004491,24.8681012,92.5717986,railway=level_crossing,
9761004492,24.8681039,92.5719514,railway=level_crossing,
9761004493,24.8679965,92.5734473,railway=level_crossing,
9761004494,24.8681325,92.5735803,railway=level_crossing,
9761004495,24.868138,92.5738911,railway=level_crossing,
9761004496,24.8679966,92.5740277,railway=level_crossing,
9761004497,24.8679966,92.5744279,railway=level_crossing,
9761004498,24.8860931,92.5757947,railway=level_crossing,
9761004505,24.9026114,92.5774094,railway=level_crossing,
9761004506,24.9025786,92.5773474,railway=level_crossing,
9761004507,24.9248385,92.5879935,railway=level_crossing,
9761004508,24.9421634,92.6031218,railway=level_crossing,
9761004509,24.9421921,92.6030667,railway=level_crossing,
9761004510,24.9422351,92.6030338,railway=level_crossing,
9761004511,24.9423416,92.6031378,railway=level_crossing,
9761004512,24.9423123,92.6031841,railway=level_crossing,
9761004513,24.9422879,92.6032391,railway=level_crossing,
9761004514,24.9524241,92.6226544,railway=level_crossing,
9761004607,24.9525373,92.6581589,railway=level_crossing,
9761004985,25.095503,92.8233769,railway=level_crossing,
9761005032,26.4539772,92.9251608,railway=level_crossing,
9761005059,27.4747514,95.1071995,railway=level_crossing,
9761005060,27.4724264,95.1012397,railway=level_crossing,
9761005061,25.7625931,93.1328898,railway=level_crossing,
9761005071,25.7655462,93.1321716,railway=level_crossing,
9761005083,26.9870725,92.6609877,railway=level_crossing,
9761005102,26.81901,92.7798736,railway=level_crossing,
9761005113,24.8255144,92.6385863,railway=level_crossing,
9761005139,24.8229771,92.9145138,railway=level_crossing,
9761005140,24.8222577,92.923573,railway=level_crossing,
9761005163,26.3973947,92.823702,railway=level_crossing,
9761005171,26.4031481,92.8281016,railway=level_crossing,
9761005172,26.4117394,92.8423593,railway=level_crossing,
9761005173,26.4088789,92.8376431,railway=level_crossing,
9761005174,26.4153283,92.8482765,railway=level_crossing,
9761005176,26.4232933,92.8639985,railway=level_crossing,
9761005177,26.4244071,92.8670141,railway=level_crossing,
9761005178,26.4241741,92.8663953,railway=level_crossing,
9761005179,26.4257971,92.8707067,railway=level_crossing,
9761005180,26.4266224,92.8728991,railway=level_crossing,
9761005181,26.4295203,92.8806835,railway=level_crossing,
9761005182,26.4291559,92.8797118,railway=level_crossing,
9761005183,26.4297988,92.8814261,railway=level_crossing,
9761005184,26.4380988,92.9006042,railway=level_crossing,
9761005185,26.4385808,92.901515,railway=level_crossing,
9761005186,26.4415875,92.9072287,railway=level_crossing,
9761005187,26.4439575,92.9117072,railway=level_crossing,
9761005199,24.50502,92.4283359,railway=level_crossing,
9761005212,24.51384,92.4265409,railway=level_crossing,
9761005214,24.5160486,92.4260607,railway=level_crossing,
9761005215,24.5188343,92.4253835,railway=level_crossing,
9761005217,24.5211416,92.4248061,railway=level_crossing,
9761005232,24.5361072,92.4273806,railway=level_crossing,
9761005240,24.546548,92.4284566,railway=level_crossing,
9761005245,24.5539443,92.4269488,railway=level_crossing,
9761005246,24.5546768,92.4264944,railway=level_crossing,
9761005247,24.5549047,92.426353,railway=level_crossing,
9761005248,24.5570835,92.4250197,railway=level_crossing,
9761005249,24.5583164,92.4242851,railway=level_crossing,
9761005285,24.5730125,92.4076923,railway=level_crossing,
9761005286,24.5735925,92.4072524,railway=level_crossing,
9761005298,24.5832876,92.4001923,railway=level_crossing,
9761005302,24.5846741,92.4001696,railway=level_crossing,
9761005311,24.5928621,92.3998368,railway=level_crossing,
9761005313,24.5943564,92.3992154,railway=level_crossing,
9761005317,24.5970692,92.3981202,railway=level_crossing,
9761005320,24.6010919,92.3962064,railway=level_crossing,
9761005324,24.6042172,92.3953414,railway=level_crossing,
9761005332,24.6163966,92.3982683,railway=level_crossing,
9761005335,24.6198213,92.3998998,railway=level_crossing,
9761005337,24.6208098,92.4004311,railway=level_crossing,
9761005340,24.6237154,92.400725,railway=level_crossing,
9761005341,24.6266834,92.4010176,railway=level_crossing,
9761005343,24.6307225,92.4020613,railway=level_crossing,
9761005345,24.6368212,92.4036667,railway=level_crossing,
9761005366,24.64848,92.4093822,railway=level_crossing,
9761005369,24.6504156,92.4099464,railway=level_crossing,
9761005372,24.6533626,92.4111798,railway=level_crossing,
9761005373,24.6543448,92.4116086,railway=level_crossing,
9761005375,24.6582657,92.4132868,railway=level_crossing,
9761005402,24.6625026,92.4031386,railway=level_crossing,
9761005404,24.6630669,92.4008829,railway=level_crossing,
9761005409,24.6641126,92.3965283,railway=level_crossing,
9761005421,24.6657786,92.3904088,railway=level_crossing,
9761005422,24.6668485,92.3861729,railway=level_crossing,
9761005430,24.6695469,92.380376,railway=level_crossing,
9761005442,24.6712197,92.3749777,railway=level_crossing,
9761005446,24.6728989,92.3722723,railway=level_crossing,
9761005447,24.6763552,92.3640827,railway=level_crossing,
9761005449,24.6763572,92.3638891,railway=level_crossing,
9761005450,24.6763662,92.3630186,railway=level_crossing,
9761005458,24.6765235,92.3493414,railway=level_crossing,
9761005459,24.6765407,92.3465116,railway=level_crossing,
9761005469,26.2016584,92.5162395,railway=level_crossing,
9761005470,26.2018996,92.5163847,railway=level_crossing,
9761005471,26.2016954,92.5162579,railway=level_crossing,
9761005472,26.2017166,92.516269,railway=level_crossing,
9761005480,26.2098444,92.4514557,railway=level_crossing,
9761005481,26.2097958,92.4514679,railway=level_crossing,
9761005482,26.2030494,92.4203846,railway=level_crossing,
9761005483,26.2029943,92.4203645,railway=level_crossing,
9761005484,26.2002816,92.4079194,railway=level_crossing,
9761005485,26.2003274,92.4079026,railway=level_crossing,
9761005486,26.195425,92.385421,railway=level_crossing,barrier=hal
9761005527,26.1278655,92.2188681,railway=level_crossing,
9761005540,26.1991006,92.4023339,railway=level_crossing,
9761005544,26.2099568,92.4519673,railway=level_crossing,
9761005552,26.2017096,92.4933244,railway=level_crossing,
9761005553,26.1950259,92.3836763,railway=level_crossing,
9761005555,26.1718447,92.3052939,railway=level_crossing,
9761005559,26.1915308,92.3738831,railway=level_crossing,
9761005567,26.1946449,92.382511,railway=level_crossing,
9761005573,26.7881203,92.9289378,railway=level_crossing,
9761005574,26.7884859,92.9283391,railway=level_crossing,
9761005575,26.7888765,92.9276993,railway=level_crossing,
9761005576,26.7889059,92.9277292,railway=level_crossing,
9761005590,26.8654941,92.7927711,railway=level_crossing,
9761005594,26.8551305,92.7874748,railway=level_crossing,
9761005595,26.851221,92.782411,railway=level_crossing,
9761005610,26.8514529,92.7826963,railway=level_crossing,
9761005611,26.8191717,92.7752831,railway=level_crossing,
9761005612,26.8191218,92.7752804,railway=level_crossing,
9761005613,26.8190729,92.7752744,railway=level_crossing,
9761005620,26.8194199,92.6672114,railway=level_crossing,
9761005621,26.8187711,92.6752146,railway=level_crossing,
9761005622,26.8184673,92.677995,railway=level_crossing,
9761005623,26.8184884,92.6779779,railway=level_crossing,
9761005624,26.8204441,92.6788998,railway=level_crossing,
9761005625,26.8212473,92.6788708,railway=level_crossing,
9761005626,26.8215765,92.6788659,railway=level_crossing,
9761005627,26.8225048,92.678919,railway=level_crossing,
9761005628,26.82322,92.6790594,railway=level_crossing,
9761005629,26.8233836,92.6790956,railway=level_crossing,
9761005630,26.8236575,92.6791563,railway=level_crossing,
9761005631,26.8237962,92.679187,railway=level_crossing,
9761005632,26.8249277,92.6792688,railway=level_crossing,
9761005646,26.8254201,92.7351218,railway=level_crossing,
9761005647,26.8214375,92.7577596,railway=level_crossing,
9761005648,26.8199968,92.7618384,railway=level_crossing,
9761005649,26.8195769,92.7643958,railway=level_crossing,
9761005653,26.8189872,92.7775747,railway=level_crossing,
9761005654,26.8190333,92.777575,railway=level_crossing,
9761005655,26.8190816,92.7775724,railway=level_crossing,
9761005656,26.4512633,92.4339119,railway=level_crossing,
9761005657,26.4512791,92.4320957,railway=level_crossing,
9761005658,26.4512834,92.4316103,railway=level_crossing,
9761005659,26.4512892,92.4309397,railway=level_crossing,
9761005662,26.4512603,92.427989,railway=level_crossing,
9761005663,26.4663786,92.5791719,railway=level_crossing,
9761005671,26.4659604,92.5800066,railway=level_crossing,
9761005672,26.4648833,92.582316,railway=level_crossing,
9761005673,26.4645331,92.5831019,railway=level_crossing,
9761005674,26.4618358,92.5891548,railway=level_crossing,
9761005675,26.4601014,92.5930656,railway=level_crossing,
9761005676,26.458489,92.5958423,railway=level_crossing,
9761005677,26.4568657,92.5978075,railway=level_crossing,
9761005678,26.455335,92.5997,railway=level_crossing,
9761005679,26.4546514,92.6005451,railway=level_crossing,
9761005680,26.4538435,92.6015439,railway=level_crossing,
9761005681,26.4537755,92.601628,railway=level_crossing,
9761005682,26.4536718,92.6017561,railway=level_crossing,
9761005683,26.453602,92.6018426,railway=level_crossing,
9761005684,26.4534885,92.6019829,railway=level_crossing,
9761005685,26.4532958,92.602221,railway=level_crossing,
9761005686,26.4525613,92.6031292,railway=level_crossing,
9761005687,26.4510989,92.6049051,railway=level_crossing,
9761005688,26.449874,92.6064141,railway=level_crossing,
9761005689,26.4470054,92.6099483,railway=level_crossing,
9761005690,26.4462195,92.6109165,railway=level_crossing,
9761005691,26.4458626,92.6113562,railway=level_crossing,
9761005692,26.4455716,92.6117147,railway=level_crossing,
9761005693,26.4453782,92.611953,railway=level_crossing,
9761005694,26.4443922,92.6131677,railway=level_crossing,
9761005695,26.4451623,92.6122189,railway=level_crossing,
9761005696,26.4447568,92.6127185,railway=level_crossing,
9761005697,26.4444574,92.6130874,railway=level_crossing,
9761005698,26.4440996,92.6135281,railway=level_crossing,
9761005711,26.4433656,92.6261053,railway=level_crossing,
9761005712,26.4415989,92.6405593,railway=level_crossing,
9761005713,26.4381074,92.6690979,railway=level_crossing,
9761005714,26.4370928,92.6774762,railway=level_crossing,
9761005715,26.4369623,92.678423,railway=level_crossing,
9761005718,26.4359548,92.685205,railway=level_crossing,
9761005754,26.4161854,92.7408795,railway=level_crossing,
9761005755,26.4203219,92.73748,railway=level_crossing,
9761005772,25.9821676,91.0347902,railway=level_crossing,
9761005778,25.990257,90.9306085,railway=level_crossing,
9761005800,25.9817508,90.8386758,railway=level_crossing,
9761005834,26.9988317,94.6486322,railway=level_crossing,
9761005835,26.9977602,94.647722,railway=level_crossing,
9761005836,26.9976595,94.6476364,railway=level_crossing,
9761005837,26.9975435,94.6475379,railway=level_crossing,
9761005838,26.9974394,94.6474494,railway=level_crossing,
9761005839,26.9972634,94.6472999,railway=level_crossing,
9761005840,26.9970008,94.6470768,railway=level_crossing,
9761005841,26.9971497,94.6472033,railway=level_crossing,
9761005842,26.9967596,94.6468719,railway=level_crossing,
9761005854,27.2072583,94.9298101,railway=level_crossing,
9761005855,27.2105606,94.9285912,railway=level_crossing,
9761005856,27.2112343,94.9283535,railway=level_crossing,
9761005857,27.2116755,94.9282003,railway=level_crossing,
9761005858,27.2120231,94.9280741,railway=level_crossing,
9761005859,27.2184636,94.9257348,railway=level_crossing,
9761005860,27.2189606,94.9255721,railway=level_crossing,
9761005863,27.2226291,94.9242326,railway=level_crossing,
9761005864,27.2230657,94.9240745,railway=level_crossing,
9761005879,27.31303,94.8780533,railway=level_crossing,
9761005880,27.3146536,94.874903,railway=level_crossing,
9761005881,27.3163252,94.8716774,railway=level_crossing,
9761005882,27.4013181,94.8627377,railway=level_crossing,
9761005893,27.4161384,94.8794419,railway=level_crossing,
9761005894,27.4172112,94.8801381,railway=level_crossing,
9761005895,27.4175067,94.8803298,railway=level_crossing,
9761005903,27.4308996,94.8892424,railway=level_crossing,
9761005911,27.4350878,94.8969412,railway=level_crossing,
9761005912,27.4360901,94.8991701,railway=level_crossing,
9761005913,27.4366829,94.9003254,railway=level_crossing,
9761005919,27.4440659,94.9077637,railway=level_crossing,
9761005920,27.4439252,94.907652,railway=level_crossing,
9761005921,27.4442363,94.907899,railway=level_crossing,
9761005922,27.4445614,94.9081571,railway=level_crossing,
9761005927,27.4489559,94.9116994,railway=level_crossing,
9761005931,27.4583029,94.9291045,railway=level_crossing,
9761005938,27.4305457,95.3416997,railway=level_crossing,
9761005939,27.4313456,95.3423904,railway=level_crossing,
9761005940,27.4315896,95.3425862,railway=level_crossing,
9761005941,27.4317863,95.3427556,railway=level_crossing,
9761005944,27.435383,95.3458343,railway=level_crossing,
9761005949,27.4372156,95.3474465,railway=level_crossing,
9761005950,27.4374326,95.3476225,railway=level_crossing,
9761005951,27.437735,95.3478929,railway=level_crossing,
9761005952,27.4445527,95.3505583,railway=level_crossing,
9761005953,27.4445445,95.3504607,railway=level_crossing,
9761005954,27.4453335,95.3505994,railway=level_crossing,
9761005955,27.4453295,95.350551,railway=level_crossing,
9761005956,27.4780515,95.2983174,railway=level_crossing,
9761005957,27.4780424,95.2985889,railway=level_crossing,
9761005958,27.4780377,95.2987297,railway=level_crossing,
9761005959,27.4780313,95.2989191,railway=level_crossing,
9761005960,27.4779532,95.3005783,railway=level_crossing,
9761005961,27.4779087,95.3014547,railway=level_crossing,
9761005962,27.477894,95.3017428,railway=level_crossing,
9761005963,27.4778886,95.3018491,railway=level_crossing,
9761005964,27.4778652,95.3023118,railway=level_crossing,
9761005965,27.4778524,95.3025622,railway=level_crossing,
9761005966,27.4778439,95.3027308,railway=level_crossing,
9761005967,27.4778332,95.3029413,railway=level_crossing,
9761005968,27.4778083,95.3034306,railway=level_crossing,
9761005969,27.4777928,95.3037358,railway=level_crossing,
9761005970,27.4777477,95.304523,railway=level_crossing,
9761005971,27.4777376,95.3046828,railway=level_crossing,
9761005972,27.4777072,95.3051622,railway=level_crossing,
9761005973,27.4776934,95.3053791,railway=level_crossing,
9761005974,27.4776784,95.3056162,railway=level_crossing,
9761005975,27.4776343,95.3061652,railway=level_crossing,
9761005976,27.4776054,95.3064559,railway=level_crossing,
9761005977,27.4775695,95.3068162,railway=level_crossing,
9761005978,27.4775514,95.3069986,railway=level_crossing,
9761005979,27.4775263,95.3072508,railway=level_crossing,
9761005980,27.4774925,95.3075897,railway=level_crossing,
9761005981,27.4773838,95.3086824,railway=level_crossing,
9761005982,27.4773585,95.3089365,railway=level_crossing,
9761005983,27.477338,95.3091424,railway=level_crossing,
9761005984,27.4772717,95.310109,railway=level_crossing,
9761005985,27.4772608,95.310317,railway=level_crossing,
9761005986,27.4771613,95.312167,railway=level_crossing,
9761005987,27.47681,95.3175643,railway=level_crossing,
9761005988,27.4768163,95.31771,railway=level_crossing,
9761005989,27.4785182,95.3257168,railway=level_crossing,
9761005990,27.4706785,95.3411981,railway=level_crossing,
9761005991,27.4706379,95.3414593,railway=level_crossing,
9761005992,27.4704958,95.3423821,railway=level_crossing,
9761005993,27.4703552,95.3432999,railway=level_crossing,
9761005994,27.4574944,95.3511429,railway=level_crossing,
9761005995,27.459115,95.3512235,railway=level_crossing,
9761005996,27.4593722,95.3512368,railway=level_crossing,
9761005997,27.4610383,95.3513294,railway=level_crossing,
9761005998,27.4634261,95.3514607,railway=level_crossing,
9761005999,27.4700971,95.3449694,railway=level_crossing,
9761006000,27.4697675,95.3470985,railway=level_crossing,
9761006035,27.4781511,95.2956378,railway=level_crossing,
9761006036,27.4800291,95.2904253,railway=level_crossing,
9761006048,27.4847234,95.2830997,railway=level_crossing,
9761006055,27.4856595,95.2816896,railway=level_crossing,
9761006082,27.4771222,95.3128664,railway=level_crossing,
9761006083,27.4770819,95.3135928,railway=level_crossing,
9761006084,27.4769895,95.3145678,railway=level_crossing,
9761006085,27.4769335,95.3149232,railway=level_crossing,
9761006086,27.4768848,95.3152424,railway=level_crossing,
9761006100,27.4993564,95.220659,railway=level_crossing,
9761006101,27.4995522,95.2182242,railway=level_crossing,
9761006102,27.499591,95.2176645,railway=level_crossing,
9761006103,27.4996279,95.2171336,railway=level_crossing,
9761006104,27.4996558,95.2167309,railway=level_crossing,
9761006105,27.4982072,95.2087442,railway=level_crossing,
9761006106,27.4981056,95.2083195,railway=level_crossing,
9761006107,27.4980281,95.2079953,railway=level_crossing,
9761006108,27.497916,95.2075457,railway=level_crossing,
9761006109,27.4971808,95.2046837,railway=level_crossing,
9761006110,27.4970506,95.2041467,railway=level_crossing,
9761006111,27.4968989,95.2035206,railway=level_crossing,
9761006112,27.4967346,95.202843,railway=level_crossing,
9761006113,27.4966285,95.202405,railway=level_crossing,
9761006114,27.496567,95.2021514,railway=level_crossing,
9761006115,27.4961448,95.2004602,railway=level_crossing,
9761006116,27.4960724,95.2001889,railway=level_crossing,
9761006117,27.4958302,95.1992103,railway=level_crossing,
9761006118,27.4956401,95.198446,railway=level_crossing,
9761006119,27.4950041,95.195658,railway=level_crossing,
9761006120,27.4936565,95.1902128,railway=level_crossing,
9761006130,27.4889002,95.1820574,railway=level_crossing,
9761006131,27.4882601,95.1808047,railway=level_crossing,
9761006132,27.4884278,95.1811078,railway=level_crossing,
9761006133,27.4884861,95.1812124,railway=level_crossing,
9761006134,27.487465,95.1793756,railway=level_crossing,
9761006135,27.4872418,95.1789958,railway=level_crossing,
9761006136,27.4871595,95.1788558,railway=level_crossing,
9761006137,27.4868803,95.1783809,railway=level_crossing,
9761006138,27.4863815,95.1775296,railway=level_crossing,
9761006139,27.4863088,95.177405,railway=level_crossing,
9761006140,27.4861769,95.1771792,railway=level_crossing,
9761006141,27.4859611,95.1768144,railway=level_crossing,
9761006142,27.4858736,95.1766693,railway=level_crossing,
9761006143,27.4857826,95.1765183,railway=level_crossing,
9761006144,27.4854783,95.1760676,railway=level_crossing,
9761006145,27.4852468,95.175766,railway=level_crossing,
9761006146,27.4850168,95.1754982,railway=level_crossing,
9761006147,27.4849217,95.1753873,railway=level_crossing,
9761006148,27.4845251,95.1749372,railway=level_crossing,
9761006149,27.4843541,95.174745,railway=level_crossing,
9761006150,27.4666438,95.0869795,railway=level_crossing,
9761006151,27.4661726,95.0859022,railway=level_crossing,
9761006152,27.465075,95.0834937,railway=level_crossing,
9761006153,27.4637967,95.0803306,railway=level_crossing,
9761006154,27.4637496,95.0803549,railway=level_crossing,
9761006155,27.4634278,95.0795928,railway=level_crossing,
9761006156,27.4634698,95.0795703,railway=level_crossing,
9761006157,27.4633167,95.0792142,railway=level_crossing,
9761006158,27.4632759,95.0792332,railway=level_crossing,
9761006159,27.4631538,95.0789439,railway=level_crossing,
9761006160,27.4631915,95.0789229,railway=level_crossing,
9761006161,27.4630725,95.0786461,railway=level_crossing,
9761006162,27.4630346,95.0786617,railway=level_crossing,
9761006163,27.4629611,95.0784877,railway=level_crossing,
9761006164,27.4629946,95.078465,railway=level_crossing,
9761006165,27.4628539,95.0781377,railway=level_crossing,
9761006166,27.4628195,95.0781523,railway=level_crossing,
9761006167,27.4623572,95.0770646,railway=level_crossing,
9761006168,27.4623752,95.0770556,railway=level_crossing,
9761006169,27.4605651,95.0721686,railway=level_crossing,
9761006170,27.4592133,95.0685865,railway=level_crossing,
9761006171,27.4586242,95.0671582,railway=level_crossing,
9761006173,27.4584528,95.0642171,railway=level_crossing,
9761006174,27.4584778,95.0634889,railway=level_crossing,
9761006177,27.4591791,95.0491327,railway=level_crossing,
9761006180,27.4596345,95.0434448,railway=level_crossing,
9761006181,27.4596964,95.0428426,railway=level_crossing,
9761006182,27.4597463,95.0423093,railway=level_crossing,
9761006183,27.4598142,95.041645,railway=level_crossing,
9761006184,27.4593341,95.0378656,railway=level_crossing,
9761006185,27.4592806,95.0376254,railway=level_crossing,
9761006186,27.4588975,95.0361418,railway=level_crossing,
9761006191,27.4577302,95.0277118,railway=level_crossing,
9761006192,27.4576772,95.0273776,railway=level_crossing,
9761006201,27.4570727,95.0194278,railway=level_crossing,
9761006202,27.4570277,95.019022,railway=level_crossing,
9761006203,27.4570192,95.0189122,railway=level_crossing,
9761006205,27.456861,95.0177457,railway=level_crossing,
9761006206,27.4563066,95.0152687,railway=level_crossing,
9761006213,27.4551229,95.0089361,railway=level_crossing,
9761006219,27.4543763,95.0056196,railway=level_crossing,
9761006220,27.4543313,95.0056626,railway=level_crossing,
9761006225,27.4537714,95.0037277,railway=level_crossing,
9761006226,27.4528011,95.0005514,railway=level_crossing,
9761006238,27.4536737,94.9917292,railway=level_crossing,
9761006242,27.4539974,94.9898333,railway=level_crossing,
9761006243,27.4540416,94.9895743,railway=level_crossing,
9761006326,27.472941,94.944723,railway=level_crossing,
9761018126,26.4391372,91.6129993,railway=level_crossing,
9774988653,26.4756509,90.54371,railway=level_crossing,
9805280059,26.6579242,94.3194699,railway=level_crossing,
9805280067,26.6544791,94.3110072,railway=level_crossing,
9805280068,26.6544982,94.3109651,railway=level_crossing,
9805280069,26.6545586,94.3109056,railway=level_crossing,
9805280070,26.6546556,94.3108463,railway=level_crossing,
9805280071,26.6546934,94.3108286,railway=level_crossing,
9805281105,26.660498,93.9372188,railway=level_crossing,
9805281117,26.0803282,93.827954,railway=level_crossing,
9805281118,26.089188,93.8316785,railway=level_crossing,
9805281119,26.1008391,93.8361359,railway=level_crossing,
9805281120,26.1012362,93.8362906,railway=level_crossing,
9805281121,26.1019158,93.8365554,railway=level_crossing,
9805281126,26.0069076,92.8467268,railway=level_crossing,
9805281127,26.0068645,92.8466926,railway=level_crossing,
9805281135,24.6058551,92.3198448,railway=level_crossing,
9805281232,24.570809,92.2936492,railway=level_crossing,
9805281233,24.5713866,92.2937048,railway=level_crossing,
9805281313,24.6081003,92.3209599,railway=level_crossing,
9805281323,24.6124688,92.3231159,railway=level_crossing,
9805281812,26.1239188,91.993922,railway=level_crossing,
9808357625,26.3470145,92.6678425,railway=level_crossing,
9808376768,26.3260342,92.6752084,railway=level_crossing,
9831789978,26.3622492,90.6359809,railway=level_crossing,
9831789983,26.362146,90.6358882,railway=level_crossing,
9831789990,26.3664828,90.6263977,railway=level_crossing,
9831790003,26.3769698,90.6117743,railway=level_crossing,
9834404367,26.2093351,90.1344343,railway=level_crossing,
9834406739,26.2433318,90.2488803,railway=level_crossing,
9848396258,25.761584,93.8202726,railway=level_crossing,
9848396259,25.7612492,93.8213136,railway=level_crossing,
9848396268,25.7790283,93.7590477,railway=level_crossing,
9848396269,25.773949,93.7488041,railway=level_crossing,
9848396270,25.7735061,93.74707,railway=level_crossing,
9848396271,25.7728377,93.7445894,railway=level_crossing,
9848396272,25.7724306,93.7428868,railway=level_crossing,
9848396273,25.7708517,93.7375925,railway=level_crossing,
9848396274,25.7707789,93.7374472,railway=level_crossing,
9848396275,25.769844,93.7358622,railway=level_crossing,
9848396283,25.7609796,93.7242935,railway=level_crossing,
9848453103,25.8115797,93.5980693,railway=level_crossing,
9848467676,25.9066125,93.7278713,railway=level_crossing,
9848477354,25.7015347,93.8549555,railway=level_crossing,
9848477382,25.7217915,93.856191,railway=level_crossing,
9848477385,25.7346276,93.8592864,railway=level_crossing,
9848477528,25.8116582,93.5980694,railway=level_crossing,
9848477529,25.8116183,93.598069,railway=level_crossing,
9914675393,26.7239625,94.1954393,highway=crossing,
9941635117,26.817068,92.6453391,railway=level_crossing,
9941737124,26.8249923,92.6870852,railway=level_crossing,
9941737125,26.8249455,92.6871414,railway=level_crossing,
9941747907,26.8234172,92.708698,railway=level_crossing,
9941782914,26.8011817,92.6985583,railway=level_crossing,
9941782930,26.8261259,92.6925567,railway=level_crossing,
9941836915,26.8060003,92.6929125,railway=level_crossing,
9942078458,26.7112814,92.7309915,railway=level_crossing,
9959194785,27.2095403,94.0479546,railway=level_crossing,
9959413465,27.2117514,94.052225,railway=level_crossing,
9987167944,27.2075981,94.0441704,railway=level_crossing,
9987213339,27.2142258,94.0570668,railway=level_crossing,
9987213363,27.2226655,94.073535,railway=level_crossing,
9989489385,27.3548902,94.1172121,railway=level_crossing,
9989489388,27.2499813,94.103748,railway=level_crossing,
9989489389,27.2520229,94.1068745,railway=level_crossing,
10005386852,27.1894934,93.9855105,railway=level_crossing,
10005396304,27.1999255,94.0290742,railway=level_crossing,
10005396305,27.1999022,94.02912,railway=level_crossing,
10005396603,27.1972651,94.018904,railway=level_crossing,
10005396708,27.1998718,94.0291796,railway=level_crossing,
10043678994,26.3855482,92.3208222,highway=crossing,marked
10074701704,26.7415994,94.2245518,railway=level_crossing,
10221464227,27.2664021,95.3857007,highway=bus_stop,
10221619977,27.2851552,95.3296054,highway=bus_stop,
10221694742,26.5894914,93.4007137,highway=bus_stop,
10234596329,26.5844052,93.3376542,traffic_calming,yes
10243876960,26.4777606,90.5600301,railway=level_crossing,
10262478782,27.7911457,92.0226809,highway=crossing,
10273089699,26.0328938,93.8020752,railway=level_crossing,
10285596745,26.7132385,94.2330545,railway=level_crossing,
10290078546,27.6916958,91.8714082,highway=crossing,
10290078547,27.6907158,91.8701768,highway=crossing,
10290078548,27.6908995,91.869649,highway=crossing,
10290078549,27.6908358,91.8699731,highway=crossing,
10290078550,27.6883853,91.8671395,highway=crossing,
10290910486,27.4589073,95.5564479,railway=level_crossing,
10291198436,27.4751927,95.4891272,railway=level_crossing,
10292509196,27.5790093,95.556254,railway=level_crossing,
10292561308,27.484331,95.2837055,railway=level_crossing,
10292613179,27.4805424,95.289628,railway=level_crossing,
10292624859,27.4823234,95.2868552,railway=level_crossing,
10292627783,27.4864028,95.2807002,railway=level_crossing,
10292661834,27.483767,95.2845898,railway=level_crossing,
10292733598,27.4811316,95.288713,railway=level_crossing,
10292820815,27.4893277,95.276842,railway=level_crossing,
10294417786,27.4171653,95.6101607,railway=level_crossing,
10294424941,27.4181043,95.6100617,railway=level_crossing,
10294441746,27.416539,95.6102268,railway=level_crossing,
10294462437,27.4664483,95.5250755,railway=level_crossing,
10294483764,27.3593269,95.6445831,railway=level_crossing,
10294483966,27.3663167,95.6405097,railway=level_crossing,
10294557306,27.6793963,95.5629233,railway=level_crossing,
10294601769,27.6721731,95.5632494,railway=level_crossing,
10294665728,27.4718212,95.5029929,railway=level_crossing,
10294734808,27.3621433,95.6429531,railway=level_crossing,
10294782958,27.3534599,95.6468987,railway=level_crossing,
10294842310,27.3628176,95.6425628,railway=level_crossing,
10294923916,27.4680924,95.51831,railway=level_crossing,
10294923920,27.4682139,95.517828,railway=level_crossing,
10294923927,27.4701168,95.5099872,railway=level_crossing,
10294923931,27.4703481,95.5090333,railway=level_crossing,
10294923934,27.4695506,95.5123223,railway=level_crossing,
10295000237,27.38043,95.6180271,railway=level_crossing,
10295000238,27.3804207,95.6179744,railway=level_crossing,
10295000239,27.3804148,95.6179318,railway=level_crossing,
10299876299,27.4551832,95.3510315,railway=level_crossing,
10299888099,27.4266418,95.3383363,railway=level_crossing,
10299956690,27.3840552,95.6169267,railway=level_crossing,
10299956691,27.3840598,95.6170233,railway=level_crossing,
10299989624,27.5382983,95.5050984,railway=level_crossing,
10299989635,27.5379435,95.5041868,railway=level_crossing,
10300138071,27.4161602,95.3293066,railway=level_crossing,
10300141139,27.4132863,95.3268309,railway=level_crossing,
10301637960,27.5976906,95.5569055,railway=level_crossing,
10301685596,27.6071896,95.5572025,railway=level_crossing,
10301757868,27.486496,95.42465,railway=level_crossing,
10301822793,27.4861113,95.4203436,railway=level_crossing,
10301880889,27.4802463,95.4681469,railway=level_crossing,
10301887448,27.4816622,95.462054,railway=level_crossing,
10301887478,27.4811457,95.4642765,railway=level_crossing,
10301887482,27.4808914,95.4653703,railway=level_crossing,
10301916530,27.4873638,95.3671214,railway=level_crossing,
10301916531,27.4872807,95.3677417,railway=level_crossing,
10301936651,27.0580524,93.8355965,railway=level_crossing,
10302090985,27.0939074,93.8348517,railway=level_crossing,
10302154894,27.1338105,93.768625,railway=level_crossing,
10302218393,27.4054582,95.6138535,railway=level_crossing,
10302255912,27.4028744,95.6151233,railway=level_crossing,
10302256137,27.4109374,95.61311,railway=level_crossing,
10302283855,27.4090915,95.6131968,railway=level_crossing,
10302283858,27.4072166,95.6132862,railway=level_crossing,
10302283864,27.4088536,95.6132073,railway=level_crossing,
10303730549,27.1346243,93.8058577,railway=level_crossing,
10303730554,27.1337237,93.8087763,railway=level_crossing,
10303782761,27.4941612,95.4511944,railway=level_crossing,
10304083016,27.089647,93.8371745,railway=level_crossing,
10304088119,27.0856283,93.8402464,railway=level_crossing,
10304290478,27.0646627,93.8390822,railway=level_crossing,
10304422801,27.0677804,93.8407261,railway=level_crossing,
10304514199,27.488001,95.362623,railway=level_crossing,
10307895911,26.7175424,94.2318654,railway=level_crossing,
10307917279,26.7285619,94.2268888,railway=level_crossing,
10307976713,26.71862,94.2314207,railway=level_crossing,
10307976723,26.7202469,94.2307386,railway=level_crossing,
10307977386,26.7075211,94.2363051,railway=level_crossing,
10308097341,27.0219444,93.8318041,railway=level_crossing,
10308097364,27.004399,93.8313307,railway=level_crossing,
10308473226,26.7061059,94.1650962,railway=level_crossing,
10308610654,26.7507038,94.2213719,railway=level_crossing,
10310211750,26.7384938,94.2255989,railway=level_crossing,
10310405227,25.984329,93.7632409,railway=level_crossing,
10310580842,26.733312,94.1915251,railway=level_crossing,
10310617129,25.9999206,93.7678981,railway=level_crossing,
10310617150,25.9963595,93.7668437,railway=level_crossing,
10312565443,25.8155067,93.5791523,railway=level_crossing,
10312576856,26.0056586,93.769556,railway=level_crossing,
10315950798,26.085929,93.8304003,railway=level_crossing,
10316051900,24.5930333,92.5755846,railway=level_crossing,
10316386172,26.0629344,93.818437,railway=level_crossing,
10316386182,26.0567668,93.8150854,railway=level_crossing,
10316400162,26.0582598,93.8158967,railway=level_crossing,
10316607911,25.8232286,93.5389294,railway=level_crossing,
10316722279,25.8224052,93.5317558,railway=level_crossing,
10536149291,24.7691512,92.598215,railway=level_crossing,
10538687281,26.0182195,93.7727335,railway=level_crossing,
10538689415,26.009467,93.7706691,railway=level_crossing,
10538694425,26.0216715,93.7865304,railway=level_crossing,
10539008016,24.6341002,92.550397,railway=level_crossing,
10539032786,24.6415814,92.5540215,railway=level_crossing,
10539056932,24.6437713,92.5552892,railway=level_crossing,
10539057096,24.6497984,92.5588376,railway=level_crossing,
10542228364,26.8567928,94.630681,railway=level_crossing,
10542263116,24.5852646,92.4003053,railway=level_crossing,
10542289843,24.6283467,92.4014627,railway=level_crossing,
10542310708,24.6843398,92.5685572,railway=level_crossing,
10542324250,26.5048067,93.9621088,railway=level_crossing,
10542357462,26.1451919,92.2670601,railway=level_crossing,
10542357463,26.1451639,92.2670882,railway=level_crossing,
10542358137,27.2883563,95.6713165,railway=level_crossing,
10542358138,27.2883349,95.6714195,railway=level_crossing,
10542358139,27.2883329,95.6714465,railway=level_crossing,
10542383509,24.6843328,92.5686537,railway=level_crossing,
10542559282,27.1996387,95.3168198,railway=level_crossing,
10542583351,26.2638075,91.6944277,railway=level_crossing,
10542583352,26.2638247,91.6943732,railway=level_crossing,
10542583353,26.2638279,91.6943607,railway=level_crossing,
10542583354,26.2638657,91.694239,railway=level_crossing,
10542790021,25.3854171,91.9537272,highway=crossing,
10542790022,25.3839833,91.9538718,highway=crossing,
10548110632,24.6887967,92.5695511,railway=level_crossing,
10548545287,24.625291,92.550182,railway=level_crossing,
10559160755,24.7035257,92.5723825,railway=level_crossing,
10559212014,24.6943083,92.5705833,railway=level_crossing,
10559245338,24.5963133,92.5682945,railway=level_crossing,
10560867747,26.0125645,93.7725418,railway=level_crossing,
10561436579,24.572144,92.6008175,railway=level_crossing,
10561481352,24.5825611,92.588323,railway=level_crossing,
10561481394,24.5808221,92.5907819,railway=level_crossing,
10561495217,24.5792619,92.592988,railway=level_crossing,
10561511470,24.5762337,92.5971736,railway=level_crossing,
10561511500,24.5782723,92.5943372,railway=level_crossing,
10562091454,26.7319837,94.1888591,railway=level_crossing,
10564140455,24.5479715,92.6145212,railway=level_crossing,
10564272362,25.3418109,92.0261667,highway=crossing,
10578274399,26.147126,91.7881993,highway=crossing,
10610579705,26.2434792,91.6885178,railway=level_crossing,
10613323825,26.2089291,91.8708635,railway=level_crossing,
10613323826,26.2088864,91.8708868,railway=level_crossing,
10613323827,26.2088445,91.8709102,railway=level_crossing,
10617852847,26.1227167,92.1039501,railway=level_crossing,
10617852848,26.12277,92.1039633,railway=level_crossing,
10617883343,26.1185325,92.1227377,railway=level_crossing,
10618056385,26.1299761,92.0625288,railway=level_crossing,
10618056386,26.1300516,92.0625221,railway=level_crossing,
10628420375,26.1319962,92.0110457,railway=level_crossing,
10629715659,26.1764672,91.9798293,railway=level_crossing,
10629715660,26.1764503,91.979894,railway=level_crossing,
10630358267,26.3020642,91.7056039,railway=level_crossing,
10656615142,26.4510128,91.4884067,railway=level_crossing,
10656650398,26.4510192,91.4919225,railway=level_crossing,
10656763870,26.451098,91.4770252,railway=level_crossing,
10674909301,26.5852312,93.3390287,traffic_calming,yes
10845765323,27.3050186,92.6131826,highway=crossing,
10845972505,27.3686711,92.5371595,highway=crossing,
10846136066,27.402926,92.5085914,highway=crossing,
10958953150,27.6975182,93.0364425,highway=crossing,
10958953367,27.7009065,93.0320697,highway=crossing,
10958953368,27.6966725,93.0370144,highway=crossing,
10958953369,27.6969431,93.0371256,highway=crossing,
10958953370,27.6985474,93.0343468,highway=crossing,
11054281833,26.1373087,91.8111577,highway=crossing,
11054281834,26.13789,91.8111716,highway=crossing,
11054281835,26.1413409,91.8114999,highway=crossing,
11054281836,26.1472312,91.811606,highway=crossing,
11054281837,26.1481738,91.8115607,highway=crossing,
11054281838,26.1488921,91.811533,highway=crossing,
11100203909,26.5936989,92.9753952,railway=level_crossing,
11122045978,26.250455,92.5523815,railway=level_crossing,
11122085578,26.264325,92.5806545,railway=level_crossing,
11127317682,26.2757649,92.6003863,railway=level_crossing,
11127344765,26.2203448,92.5189954,railway=level_crossing,
11163205854,26.452507,90.5476945,railway=level_crossing,
11171870531,26.7308491,94.4239564,railway=level_crossing,
11171870532,26.7828966,94.4821098,railway=level_crossing,
11189689144,26.3305486,92.659093,railway=level_crossing,
11193797047,26.1979331,92.4079781,highway=crossing,
11243074203,26.1398111,91.7977781,highway=crossing,
11243074204,26.1357014,91.8104952,highway=crossing,
11243074208,26.1398257,91.8113111,highway=crossing,
11243074209,26.1403589,91.8113626,highway=crossing,
11243074210,26.140854,91.811419,highway=crossing,
11243074211,26.1536301,91.8113853,highway=crossing,
11269504679,26.4199524,92.8558895,railway=level_crossing,
11274363217,26.1482565,91.7858348,highway=crossing,
11274363218,26.1481656,91.785871,highway=crossing,
11274363219,26.1443455,91.7649761,highway=crossing,
11274363220,26.1420216,91.7646962,highway=crossing,
11274363221,26.1437099,91.7647721,highway=crossing,
11295887244,26.4804014,92.5036091,highway=crossing,unmarked
11297349319,26.1314171,91.8027046,traffic_calming,hump
11337304491,26.4376925,90.5661663,railway=level_crossing,
11350446965,26.818342,94.5286964,railway=level_crossing,
11357444165,26.6713797,94.6456012,highway=crossing,uncontrolled
11357573410,26.3680039,92.7945914,railway=level_crossing,
11357589892,26.1380674,91.7996401,highway=bus_stop,
11357890977,26.1365868,91.8112034,highway=crossing,
11359595603,25.5003152,90.6899536,highway=crossing,road
11359598835,25.497708,90.6873259,highway=crossing,road
11378884569,26.1526761,91.7822782,highway=bus_stop,
11378891569,26.1357773,91.8028665,highway=bus_stop,
11381058769,26.1671209,91.7664232,highway=bus_stop,
11381108970,26.1442224,91.7922176,highway=bus_stop,
11386832729,26.1781408,91.7405226,railway=level_crossing,
11386832730,26.1781114,91.7405616,railway=level_crossing,
11393502069,26.1618762,91.7722147,highway=bus_stop,
11393518369,26.1469097,91.7888631,highway=bus_stop,
11395551269,26.1734102,91.7595108,highway=bus_stop,
11395558669,26.1694317,91.7638691,highway=bus_stop,
11508093330,26.4121859,90.2912661,railway=level_crossing,
11508767735,26.3926412,90.2421525,railway=level_crossing,uncontrolled
11508767736,26.3922635,90.2423439,highway=crossing,uncontrolled
11508767736,26.3922635,90.2423439,railway=level_crossing,uncontrolled
11564812890,26.6843981,94.1424522,railway=level_crossing,
11564812891,26.6744237,94.1285059,railway=level_crossing,
11564812892,26.6681639,94.1216308,railway=level_crossing,
11564812893,26.668136,94.121682,railway=level_crossing,
11597496749,26.4041197,90.0806134,railway=level_crossing,
11637748524,26.4177061,90.0527122,railway=level_crossing,
11637748525,26.4172137,90.0524084,railway=level_crossing,
11676656774,26.4124569,90.2911339,railway=level_crossing,
11700412313,26.2070681,90.1276232,railway=level_crossing,
11701125213,26.1750254,89.9751594,highway=crossing,
11728017378,26.4252807,90.0363815,railway=level_crossing,
11728017379,26.4248425,90.0362797,railway=level_crossing,
11728315322,26.4087612,90.0709335,railway=level_crossing,
11728315323,26.4090694,90.0709668,railway=level_crossing,
11747499830,25.568316,91.8810543,highway=bus_stop,
11765013376,26.3847079,91.6247526,railway=level_crossing,
11765019092,26.4941581,90.7383928,railway=level_crossing,
11765629121,26.1514893,91.7841476,highway=bus_stop,
11765637561,26.1637101,91.780595,highway=bus_stop,
11765665300,26.1596631,91.7820737,highway=bus_stop,
11765674361,26.1562792,91.7783007,highway=bus_stop,
11766128828,26.1840265,91.7746099,highway=bus_stop,
11766131595,26.1705645,91.7782937,highway=bus_stop,
11766141527,26.1850277,91.7543245,highway=bus_stop,
11766144839,26.1746941,91.7765533,highway=bus_stop,
11766154865,26.1836454,91.7715875,highway=bus_stop,
11766155159,26.183368,91.774067,highway=bus_stop,
11766156980,26.1849481,91.763327,highway=bus_stop,
11766160757,26.1806554,91.7752655,highway=bus_stop,
11766163706,26.1842823,91.7671716,highway=bus_stop,
11766165292,26.1804411,91.7461872,highway=bus_stop,
11766165796,26.1868403,91.7521398,highway=bus_stop,
11768217741,26.1479196,91.7872381,highway=crossing,
11768237054,26.1243434,91.7982505,highway=crossing,
11768237055,26.124365,91.7983123,highway=crossing,
11768257031,26.1235541,91.8177954,highway=crossing,
11768257032,26.1211192,91.816783,highway=crossing,
11768257033,26.1212696,91.8168178,highway=crossing,
11768802333,26.1792195,91.7515495,highway=bus_stop,
11768866354,26.1899462,91.7476002,highway=bus_stop,
11768875336,26.1883472,91.7428925,highway=bus_stop,
11770599645,26.1801436,91.746065,highway=bus_stop,
11770619624,26.1835961,91.7377679,highway=bus_stop,
11770628970,26.1783643,91.734587,highway=bus_stop,
11770628971,26.1693642,91.72242,highway=bus_stop,
11770639773,26.1882378,91.742889,highway=bus_stop,
11770642840,26.1899101,91.7477234,highway=bus_stop,
11770643880,26.1620879,91.7133926,highway=bus_stop,
11806076489,26.5091374,94.0348366,railway=level_crossing,
11809821430,26.4280717,89.9308662,railway=level_crossing,
11809821431,26.4277547,89.9307788,railway=level_crossing,
11809917397,26.420578,90.3112481,railway=level_crossing,
11809917398,26.419925,90.3116349,railway=level_crossing,
11834996059,26.488109,90.8446274,railway=level_crossing,
11835029669,26.4896766,90.8528917,railway=level_crossing,
11835029676,26.490453,90.8584437,railway=level_crossing,
11835029687,26.4926339,90.873848,railway=level_crossing,
11835029726,26.4924969,90.8738999,railway=level_crossing,
11835608507,26.4970448,91.1829773,railway=level_crossing,
11835610672,26.4691135,91.2758177,railway=level_crossing,
11835610691,26.4814748,91.2354222,railway=level_crossing,
11838382342,26.4516052,91.3337107,railway=level_crossing,
11842003249,26.4300141,89.9873873,railway=level_crossing,
11842003250,26.4298598,89.9873833,railway=level_crossing,
11854001013,26.9166713,94.7535159,railway=level_crossing,
11860926409,26.0359935,89.9705698,railway=level_crossing,
11860926446,26.0840765,89.9298249,railway=level_crossing,
11860926455,26.0984119,89.8773426,railway=level_crossing,
11860926456,26.1005234,89.8698289,railway=level_crossing,
11860926457,26.1014187,89.866475,railway=level_crossing,
11869725957,26.4285237,89.9505186,railway=level_crossing,
11869725958,26.4288378,89.9505361,railway=level_crossing,
11871649806,26.463001,94.0015184,railway=level_crossing,
11875153319,26.2965187,89.7615797,railway=level_crossing,
11917589179,26.3877479,90.2314258,railway=level_crossing,
11917706317,26.5211483,90.5275365,railway=level_crossing,
11917775525,26.4663868,90.5139681,railway=level_crossing,
11917775528,26.4666038,90.5157234,railway=level_crossing,
11917775532,26.4663063,90.5139806,railway=level_crossing,
11917775535,26.4665275,90.5157466,railway=level_crossing,
11917785870,26.4685488,90.5132969,railway=level_crossing,
11917785910,26.4647866,90.5142169,railway=level_crossing,
11917787859,26.468118,90.5076918,railway=level_crossing,
11917792111,26.4670004,90.5135381,railway=level_crossing,
11917792114,26.4661203,90.5136958,railway=level_crossing,
11917792115,26.4661489,90.5139719,railway=level_crossing,
11917792146,26.4645316,90.5142566,railway=level_crossing,
11917792147,26.4651385,90.5141622,railway=level_crossing,
11917792148,26.4652735,90.5141412,railway=level_crossing,
11917792149,26.4665153,90.5139481,railway=level_crossing,
11917792150,26.467154,90.5138488,railway=level_crossing,
11917792151,26.4672332,90.5138365,railway=level_crossing,
11917792152,26.467306,90.5138252,railway=level_crossing,
11917792153,26.4673492,90.5138185,railway=level_crossing,
11917792154,26.4673954,90.5138113,railway=level_crossing,
11917792155,26.4674721,90.5137994,railway=level_crossing,
11917792156,26.4676246,90.5137756,railway=level_crossing,
11917792157,26.4676661,90.5137692,railway=level_crossing,
11917792158,26.4677119,90.5137621,railway=level_crossing,
11917792159,26.4677551,90.5137553,railway=level_crossing,
11917792160,26.4678755,90.5137366,railway=level_crossing,
11917792161,26.4679789,90.5137205,railway=level_crossing,
11917792162,26.4680964,90.5137023,railway=level_crossing,
11917792163,26.4681455,90.5136946,railway=level_crossing,
11917792164,26.4681827,90.5136889,railway=level_crossing,
11917792165,26.4684357,90.5136495,railway=level_crossing,
11917792166,26.468512,90.5136377,railway=level_crossing,
11917792167,26.4685727,90.5136282,railway=level_crossing,
11917792168,26.4686107,90.5136223,railway=level_crossing,
11917793163,26.4688399,90.5132515,railway=level_crossing,
11917793164,26.4687363,90.5132677,railway=level_crossing,
11917793165,26.4686871,90.5132753,railway=level_crossing,
11917793166,26.4686205,90.5132857,railway=level_crossing,
11917793167,26.468483,90.5133071,railway=level_crossing,
11917793168,26.4684142,90.5133176,railway=level_crossing,
11917799384,26.4675787,90.5137828,railway=level_crossing,
11917799569,26.4681479,90.5133593,railway=level_crossing,
11917799570,26.4680935,90.5133678,railway=level_crossing,
11917799571,26.4679421,90.5133914,railway=level_crossing,
11917799572,26.4677182,90.5134263,railway=level_crossing,
11917799573,26.4676734,90.5134332,railway=level_crossing,
11917799574,26.4675058,90.5134594,railway=level_crossing,
11917799575,26.4674218,90.5134725,railway=level_crossing,
11917799576,26.4673026,90.513491,railway=level_crossing,
11917799577,26.4670455,90.5135311,railway=level_crossing,
11917799669,26.4686634,90.5136141,railway=level_crossing,
11917799670,26.4687293,90.5136039,railway=level_crossing,
11917799671,26.4687743,90.5135969,railway=level_crossing,
11917799672,26.4688092,90.5135915,railway=level_crossing,
11917811504,26.4884134,90.5966023,railway=level_crossing,
11918395538,26.4742151,90.5395652,railway=level_crossing,
11919943122,26.4749825,90.5198276,railway=level_crossing,
11920099346,26.4755882,90.5436705,railway=level_crossing,
11920099365,26.4752123,90.5433688,railway=level_crossing,
11920099368,26.4753202,90.5434331,railway=level_crossing,
11920760312,26.4950192,90.8924331,railway=level_crossing,
11920760313,26.4925601,90.8738759,railway=level_crossing,
11920760329,26.5013517,91.0081787,railway=level_crossing,
11920763100,26.4951021,90.8924261,railway=level_crossing,
11920763108,26.4972745,90.8030544,railway=level_crossing,
11920763119,26.4919665,90.7517038,railway=level_crossing,
11920763120,26.4920579,90.7517245,railway=level_crossing,
11920763131,26.4978625,90.7018106,railway=level_crossing,
11920763134,26.4984602,90.691405,railway=level_crossing,
11931245411,26.157917,91.6746119,highway=bus_stop,
11932516745,26.1587686,91.6862799,highway=bus_stop,
11932517370,26.1585417,91.6835126,highway=bus_stop,
11933322512,26.1692742,91.7223733,highway=bus_stop,
11933530902,26.1772201,91.7543947,highway=bus_stop,
11934343183,25.5188631,90.2190851,highway=bus_stop,
11935311574,25.5672108,91.8832966,highway=bus_stop,
11939036260,24.8766987,92.3694207,highway=crossing,marked
11942696495,26.1773515,91.7537315,highway=bus_stop,
11972292762,26.1028135,90.6545474,railway=level_crossing,
11993604746,26.4522338,92.4476811,highway=crossing,unmarked
11999805842,25.9831401,90.8117152,railway=level_crossing,
11999813858,25.9887573,90.7932157,railway=level_crossing,
11999824777,25.9861175,90.9879904,railway=level_crossing,
11999824786,25.9874636,90.7777799,railway=level_crossing,
11999824787,25.9835272,90.8695459,railway=level_crossing,
11999824794,25.9896231,90.9401278,railway=level_crossing,
11999824795,25.98984,90.9368709,railway=level_crossing,
11999824796,25.9897044,90.9223926,railway=level_crossing,
11999824797,25.9871794,90.9026957,railway=level_crossing,
11999824798,25.9866497,90.8985636,railway=level_crossing,
11999824799,25.9851436,90.8863974,railway=level_crossing,
11999824823,25.9970047,90.7663605,railway=level_crossing,
11999824824,25.996927,90.7662516,railway=level_crossing,
11999824825,25.9968976,90.7662134,railway=level_crossing,
12002257358,26.1564446,91.7777465,highway=bus_stop,
12002257360,26.1411093,91.7950351,highway=bus_stop,
12002257361,26.1417213,91.7947987,highway=bus_stop,
12002257362,26.1395796,91.7903585,highway=bus_stop,
12002257363,26.1386406,91.7905032,highway=bus_stop,
12002257364,26.1300089,91.7950745,highway=bus_stop,
12002257365,26.1293248,91.7956123,highway=bus_stop,
12006318929,26.1227846,91.805864,highway=traffic_signals,
12006318930,26.122685,91.8057479,highway=traffic_signals,
12006318931,26.1226625,91.8059264,highway=traffic_signals,
12006318932,26.1225753,91.8058432,highway=traffic_signals,
12006318933,26.1223422,91.8091838,highway=crossing,
12006318934,26.1221171,91.8096136,highway=crossing,
12006318936,26.1221385,91.810774,highway=crossing,
12006318937,26.1221864,91.8104002,highway=crossing,
12006318938,26.1218624,91.8116338,highway=crossing,
12006318940,26.1218701,91.8128683,highway=crossing,
12006318945,26.137686,91.791006,highway=crossing,
12006318946,26.1344451,91.792809,highway=crossing,
12006318947,26.1340153,91.7930473,highway=crossing,
12006318948,26.1323377,91.7939773,highway=crossing,
12006318949,26.1314193,91.7944864,highway=crossing,
12006318950,26.130721,91.7948735,highway=crossing,
12006318951,26.1287395,91.7959719,highway=crossing,
12006318952,26.1267868,91.7970532,highway=crossing,
12006318953,26.1260082,91.7974741,highway=crossing,
12006318954,26.1253651,91.7978218,highway=crossing,
12006318955,26.1280705,91.8057438,highway=crossing,
12006318956,26.1264948,91.805777,highway=crossing,
12006318957,26.1291795,91.8063251,highway=crossing,
12006318958,26.1294736,91.8066237,highway=crossing,
12006318959,26.1281149,91.8059137,highway=crossing,
12006318960,26.1281075,91.805895,highway=crossing,
12006318961,26.121728,91.8139775,highway=crossing,
12006318962,26.1281078,91.8058662,highway=crossing,
12006318965,26.1286522,91.8059887,highway=crossing,
12006318966,26.1291625,91.806448,highway=crossing,
12006318967,26.1293527,91.806639,highway=crossing,
12006318968,26.1296248,91.8069122,highway=crossing,
12006328567,26.1239555,91.7983692,highway=bus_stop,
12006328568,26.1472804,91.7879674,highway=bus_stop,
12006342571,26.1621691,91.77146,highway=bus_stop,
12006385469,26.1192876,91.8059699,highway=crossing,
12006385470,26.1206803,91.8059225,highway=crossing,
12006385471,26.1210058,91.8059137,highway=crossing,
12006385472,26.1183309,91.8060088,highway=crossing,
12006385473,26.1217022,91.8129045,highway=crossing,
12006385474,26.1215139,91.8143974,highway=crossing,
12006385475,26.1266036,91.8139747,highway=crossing,
12006385476,26.1191828,91.8057868,highway=crossing,
12006385477,26.1181688,91.8058239,highway=crossing,
12006385478,26.118607,91.8058078,highway=crossing,
12006385479,26.1198418,91.8057648,highway=crossing,
12006385480,26.1157178,91.8058996,highway=crossing,
12006385481,26.1159291,91.8058934,highway=crossing,
12006385482,26.1296733,91.8068529,highway=crossing,
12006385483,26.1225527,91.799192,highway=crossing,
12006385484,26.1214511,91.7987054,highway=crossing,
12006385485,26.1262239,91.8144505,highway=crossing,
12006385486,26.1294261,91.8066082,highway=crossing,
12006385487,26.1292032,91.8063889,highway=crossing,
12006385488,26.1292808,91.8066411,highway=crossing,
12006385489,26.1301352,91.8095081,highway=crossing,
12006385490,26.1292851,91.8105829,highway=crossing,
12006385491,26.127396,91.8129819,highway=crossing,
12006385492,26.1269449,91.8135471,highway=crossing,
12006385493,26.1257163,91.8150865,highway=crossing,
12006385494,26.1214136,91.8159581,highway=crossing,
12006385495,26.121314,91.8165527,highway=crossing,
12006385497,26.1295523,91.8069098,highway=crossing,
12006385498,26.1281085,91.8057927,highway=crossing,
12006385499,26.1286741,91.805922,highway=crossing,
12006425640,26.1203105,91.7986461,highway=crossing,
12006425641,26.1203612,91.7986453,highway=crossing,
12027949957,26.1675265,91.7656453,highway=bus_stop,
12027975909,26.0974054,91.7933149,highway=bus_stop,
12028595478,26.1126463,91.7977608,highway=bus_stop,
12028595479,26.1126389,91.7979332,highway=bus_stop,
12049804949,26.3003568,92.2851417,highway=crossing,
12049824548,26.2968192,92.2818732,highway=crossing,
12068013762,26.145241,92.2669992,railway=level_crossing,
12069878114,26.2044814,92.4269074,railway=level_crossing,
12069878115,26.2044332,92.4269218,railway=level_crossing,
12071325677,26.2911198,92.2923117,highway=crossing,
12071329259,26.2901379,92.2932222,highway=crossing,
12072809449,26.1353604,91.8030053,highway=crossing,
12072809450,26.1352874,91.8030944,highway=crossing,
12072938931,26.1287384,91.8117763,highway=crossing,
12072938934,26.1272317,91.8136628,highway=crossing,
12072938935,26.1267882,91.8142181,highway=crossing,
12072938936,26.1276999,91.8130765,highway=crossing,
12072938937,26.1255271,91.815797,highway=crossing,
12074582332,26.120715,91.7910565,highway=crossing,
12074693562,26.1300708,91.795239,highway=crossing,
12074737890,26.1243213,91.7982131,highway=crossing,
12074737891,26.1267166,91.7969003,highway=crossing,
12074737892,26.1308493,91.7946334,highway=crossing,
12074737893,26.1303351,91.7949154,highway=crossing,
12074737894,26.1297636,91.795229,highway=crossing,
12074737895,26.1286537,91.7958378,highway=crossing,
12074737896,26.1282138,91.7960791,highway=crossing,
12074737897,26.1278461,91.7962807,highway=crossing,
12074962718,26.1478281,91.7873458,highway=crossing,
12074989948,26.1442579,91.7827673,highway=crossing,
12075000584,26.1443082,91.7829984,highway=crossing,
12079414411,26.1222965,91.8081701,highway=crossing,
12079447505,26.3519222,92.7684743,railway=level_crossing,
12079447506,26.3440887,92.7559754,railway=level_crossing,
12079544487,26.1214378,91.81496,highway=crossing,
12081841047,27.4588063,95.5564151,railway=level_crossing,
12081841054,27.4588596,95.5564324,railway=level_crossing,
12085100258,26.1224074,92.1731725,railway=level_crossing,
12085100259,26.1224531,92.1731561,railway=level_crossing,
12085100260,26.1220157,92.1710364,railway=level_crossing,
12085100261,26.122066,92.171044,railway=level_crossing,
12085100262,26.1212838,92.1670533,railway=level_crossing,
12085100263,26.121342,92.1670425,railway=level_crossing,
12089533239,27.4778671,94.9352822,railway=level_crossing,
12089547215,27.478176,94.9085348,railway=level_crossing,
12089547216,27.4782172,94.9085056,railway=level_crossing,
12089547218,27.478168,94.9083856,railway=level_crossing,
12089547219,27.4782101,94.9083667,railway=level_crossing,
12089656932,27.4545324,95.0064715,railway=level_crossing,
12089656933,27.4545892,95.006422,railway=level_crossing,
12090124944,26.5897278,93.7924324,railway=level_crossing,
12090124945,26.5897288,93.792378,railway=level_crossing,
12090190077,26.56613,93.8851675,railway=level_crossing,
12090190078,26.8102926,94.522171,railway=level_crossing,
12090190079,26.8102952,94.5221684,railway=level_crossing,
12090190080,26.8103618,94.5221097,railway=level_crossing,
12090190081,26.6237242,93.8503147,railway=level_crossing,
12090190082,26.6571124,93.9192396,railway=level_crossing,
12090649458,26.7499448,93.0784054,railway=level_crossing,
12090649460,26.749692,93.0742336,railway=level_crossing,
12090652558,26.747388,93.0368567,railway=level_crossing,
12090675209,26.6748371,92.7670017,railway=level_crossing,
12091744523,26.573743,94.1325924,railway=level_crossing,
12091744525,26.568947,94.1169804,railway=level_crossing,
12091744536,26.5589682,94.0924122,railway=level_crossing,
12091744557,26.5035364,94.0304962,railway=level_crossing,
12091744561,26.5260268,94.0515228,railway=level_crossing,
12091744562,26.5304314,94.0577013,railway=level_crossing,
12091744563,26.5304995,94.0576193,railway=level_crossing,
12091831638,26.5397639,93.9154834,railway=level_crossing,
12091833810,26.5463029,93.9091238,railway=level_crossing,
12091833867,26.5826176,93.871206,railway=level_crossing,
12091863612,26.5204241,93.9486051,railway=level_crossing,
12091863976,26.5933495,93.8142986,railway=level_crossing,
12093219531,26.1248913,92.1922194,railway=level_crossing,
12094422874,26.1316832,91.7941759,highway=crossing,
12096013704,26.6961905,94.3790066,railway=level_crossing,
12096013813,26.7470391,94.4449916,railway=level_crossing,
12097793497,27.1622373,95.2737751,railway=level_crossing,
12097811817,27.0005763,94.8305021,railway=level_crossing,
12097812004,27.1623189,95.2737263,railway=level_crossing,
12101438008,26.9926668,94.8204507,railway=level_crossing,
12101438039,27.0051348,94.8493911,railway=level_crossing,
12101438040,27.0052215,94.8493804,railway=level_crossing,
12101438057,27.0294217,94.9434151,railway=level_crossing,
12102228013,27.3574437,95.3068716,railway=level_crossing,
12102228014,27.3645423,95.3065082,railway=level_crossing,
12102228021,27.3559065,95.3124676,railway=level_crossing,
12102228022,27.3558632,95.311072,railway=level_crossing,
12117307977,26.7616321,94.2182636,railway=level_crossing,
12117351378,26.6951937,94.2682124,railway=level_crossing,
12117351379,26.6994463,94.2597501,railway=level_crossing,
12117361709,26.7509628,94.2212103,railway=level_crossing,
12135487134,26.6689816,94.0374203,railway=level_crossing,
12141419781,27.4874866,95.4415085,railway=level_crossing,
12141850872,26.1248622,92.1922277,railway=level_crossing,
12141850873,26.1248406,92.1922338,railway=level_crossing,
12149545617,26.3944357,93.9637001,railway=level_crossing,
12149855606,26.0430243,92.7979809,railway=level_crossing,
12149855607,25.9986515,92.8562873,railway=level_crossing,
12150235704,25.9817054,92.8780342,railway=level_crossing,
12150235714,25.9671233,92.8970156,railway=level_crossing,
12169803339,24.1730838,91.5095204,highway=bus_stop,
12169803340,24.163009,91.493403,highway=bus_stop,
12169803341,24.1424373,91.4834091,highway=bus_stop,
12169803342,24.1337493,91.4764233,highway=bus_stop,
12169803343,24.1267068,91.4419234,highway=bus_stop,
12169806598,24.8686306,92.4203393,highway=bus_stop,
12175054421,26.3465624,90.6484403,railway=level_crossing,
12175054432,26.3530362,90.6465304,railway=level_crossing,
12176394755,26.0980201,91.6123596,railway=level_crossing,
12177017914,26.3344424,90.6462946,railway=level_crossing,
12177017915,26.3414245,90.6475404,railway=level_crossing,
12182986341,25.0565579,92.8005088,railway=level_crossing,
12189272620,26.1338629,92.3544891,highway=crossing,
12189272621,26.1338952,92.3543627,highway=crossing,
12189272622,26.1340786,92.354419,highway=crossing,
12189272623,26.1340492,92.354545,highway=crossing,
12209566404,24.8520263,92.8363344,railway=level_crossing,
12209566409,24.8520519,92.8375286,railway=level_crossing,
12209801581,24.8366102,92.7730744,railway=level_crossing,
12223000098,26.325093,92.6562073,railway=level_crossing,
12223000099,26.32519,92.6562576,railway=level_crossing,
12223116429,24.8168784,93.0120128,railway=level_crossing,
12223116430,24.8167685,93.0120119,railway=level_crossing,
12272067401,24.4839634,92.5720606,railway=level_crossing,
12272067402,24.4856405,92.5746765,railway=level_crossing,
12272067403,24.4917855,92.5842788,railway=level_crossing,
12295651799,25.7039101,94.1072809,highway=crossing,unmarked
12302701363,24.6168255,92.3232419,railway=level_crossing,
12302701390,24.5968949,92.3083832,railway=level_crossing,
12302827658,25.982109,91.0348333,railway=level_crossing,
12303088370,24.807929,92.2460404,railway=level_crossing,
12317948139,26.223212,92.5100904,highway=bus_stop,
12350937055,26.1126206,91.7987542,highway=bus_stop,
12350937202,26.1786236,91.7502746,highway=bus_stop,
12353339799,26.1278265,91.7512109,highway=crossing,traffic_signals
12353533292,27.0249807,95.0112468,highway=bus_stop,
12353534795,27.0275567,95.0263386,highway=bus_stop,
12377117662,24.6427792,92.3241372,railway=level_crossing,
12398815201,24.6613062,92.3297853,railway=level_crossing,
12413860354,24.4883189,92.4330067,railway=level_crossing,
12413860355,24.4883191,92.4329405,railway=level_crossing,
12442401974,24.3367812,92.5279188,railway=level_crossing,
12444541715,24.8050983,92.2762315,railway=level_crossing,
12451159803,24.6645733,92.3319125,railway=level_crossing,
12451734992,24.3299086,92.1599248,railway=level_crossing,
12451813196,24.4663692,92.2458777,railway=level_crossing,
12451844210,24.410404,92.2316406,railway=level_crossing,
12458835228,26.774364,93.178755,railway=level_crossing,
12466597257,26.9475299,93.5948091,highway=bus_stop,
12466597306,26.9391554,93.5993253,highway=bus_stop,
12466597325,26.9380453,93.5998479,highway=crossing,uncontrolled
12466597326,26.9380522,93.5998755,highway=crossing,uncontrolled
12466597327,26.9380705,93.5999554,highway=crossing,uncontrolled
12466597328,26.9384476,93.5998258,highway=crossing,uncontrolled
12466597329,26.9384353,93.5997844,highway=crossing,uncontrolled
12466597330,26.9384175,93.5997183,highway=crossing,uncontrolled
12466597331,26.9384117,93.5996957,highway=crossing,uncontrolled
12466597360,26.9256073,93.6061149,highway=bus_stop,
12496694974,24.7513133,92.2063856,railway=level_crossing,
12504324368,26.7487813,94.2125786,railway=level_crossing,
12504324369,26.7487254,94.2124391,railway=level_crossing,
12504324370,26.7487512,94.2125839,railway=level_crossing,
12504324371,26.7487027,94.2125925,railway=level_crossing,
12504324372,26.7486468,94.2124545,railway=level_crossing,
12504324373,26.748695,94.212445,railway=level_crossing,
12520286283,26.835749,93.2866235,railway=level_crossing,
12520366361,26.8732555,93.4621386,railway=level_crossing,
12520366362,26.8725976,93.4796377,railway=level_crossing,
12520366363,26.8689227,93.4912736,railway=level_crossing,
12520366364,26.8620648,93.5135022,railway=level_crossing,
12522899248,26.8667824,93.4240762,railway=level_crossing,
12568496800,26.1974503,92.4034439,railway=level_crossing,
12568521676,26.1953689,92.3854028,railway=level_crossing,barrier=hal
12578563536,26.44616,92.8179157,traffic_calming,yes
12578582410,26.4752556,92.7948348,highway=traffic_signals,
12595861291,26.1769795,91.7568098,highway=bus_stop,
12610924444,27.7807899,92.013853,highway=crossing,
12610924445,27.7814032,92.0140443,highway=crossing,
12610924446,27.7832678,92.0163894,highway=crossing,
12610924448,27.793258,92.0218211,highway=crossing,
12610924449,27.7904894,92.0220197,highway=crossing,
12610924450,27.791385,92.0226049,highway=crossing,
12610924451,27.7931931,92.0236906,highway=crossing,
12677705835,25.6297361,93.0927105,railway=level_crossing,
12729525961,26.8528448,93.3959357,railway=level_crossing,
12729604444,26.5844433,93.7934908,railway=level_crossing,
12729604447,26.5843548,93.7928269,railway=level_crossing,
12729604871,26.5849917,93.7930384,railway=level_crossing,
12754759836,26.4909769,92.9871111,railway=level_crossing,
12784860647,24.7753387,93.187796,railway=level_crossing,
12784880156,24.7547103,93.1773104,railway=level_crossing,
12829986439,26.5249502,92.9937475,railway=level_crossing,
12841518473,26.521521,92.9929708,railway=level_crossing,
12841526227,26.50224,92.9892435,railway=level_crossing,
12870343135,26.1378909,91.8114044,highway=crossing,
12875801085,26.1825912,92.3490963,railway=level_crossing,
12875801086,26.1616961,92.2872693,railway=level_crossing,
12875866269,26.1965578,92.5879951,railway=level_crossing,
12875866270,26.1966083,92.5879844,railway=level_crossing,
12875866290,26.104176,92.7452547,railway=level_crossing,
12926002473,26.6673978,94.0218716,railway=level_crossing,
13323193769,24.7604759,93.8710558,railway=level_crossing,
13323193770,24.7723097,93.8524105,railway=level_crossing,
13323193771,24.7635705,93.8655193,railway=level_crossing,
13323193780,24.867417,93.6239723,railway=level_crossing,
13382905577,26.3818493,93.8150151,highway=crossing,uncontrolled
13383431821,26.1155649,93.9685244,highway=crossing,uncontrolled
13417761329,26.3756974,92.6201089,highway=crossing,
13508886788,26.9205799,93.7252659,railway=level_crossing,
13508891983,26.957617,93.8078759,railway=level_crossing,
13511408508,26.1880487,91.7575087,highway=bus_stop,
13511568280,26.1445788,91.8483109,railway=level_crossing,
13516360547,26.1520517,91.7826817,highway=bus_stop,
13644825401,27.3664275,94.1065923,highway=crossing,
13652342736,25.1813552,93.0179905,highway=crossing,unmarked
13704892090,26.9652375,94.5952955,highway=crossing,
13720089422,27.1424249,95.3402873,highway=crossing,traffic_signals
13737425216,26.8332966,94.8026478,highway=crossing,traffic_signals
13742558006,27.2579996,94.7389179,highway=crossing,traffic_signals
13752330315,27.1612525,94.9606997,highway=crossing,traffic_signals
13752777376,27.1600324,94.9606988,highway=crossing,traffic_signals
13804677906,25.0977724,94.3611054,highway=crossing,unmarked
13804677907,25.0979184,94.3611899,highway=crossing,unmarked
13804677909,25.0976814,94.3613612,highway=crossing,unmarked
13804677911,25.0967072,94.3617564,highway=crossing,unmarked
13831256351,25.0975009,94.3612765,highway=crossing,unmarked
13831273926,25.0971767,94.3614454,highway=crossing,unmarked
13831273940,25.0959218,94.3611911,highway=crossing,unmarked
13838649905,27.07378,95.270442,highway=crossing,
13858476267,26.5578499,91.9278595,highway=crossing,
13892935838,27.0307833,95.0075348,highway=crossing,uncontrolled
13908865334,26.9611288,94.5045558,highway=crossing,traffic_signals
13985503502,26.8160758,94.5260948,railway=level_crossing,
13985503519,26.818498,94.5270649,railway=level_crossing,
13985503596,26.8186559,94.5274142,railway=level_crossing,
13987816886,27.3882271,94.1573559,railway=level_crossing,
14002703953,26.1115539,91.7495513,highway=traffic_signals,
14002703954,26.1116582,91.7494888,highway=traffic_signals,
14022641859,24.2233194,91.3685595,railway=level_crossing,
14022641864,24.2298895,91.3716999,railway=level_crossing,
14022641889,24.2259654,91.3698888,railway=level_crossing,
14050439185,27.2342054,94.0996515,highway=crossing,traffic_signals
14051427097,27.2265012,94.1063629,highway=crossing,traffic_signals
14053599716,27.2447731,94.1186966,highway=crossing,traffic_signals
14053766116,27.2397384,94.1095054,highway=crossing,traffic_signals
14053950312,27.2776587,94.1098092,highway=crossing,traffic_signals
14056543140,27.1009677,93.9612912,highway=crossing,traffic_signals
14056555247,27.1039164,93.9460554,highway=crossing,traffic_signals
14058017757,27.1101945,94.0211546,highway=crossing,traffic_signals
14061509972,26.4027574,93.9755182,highway=crossing,traffic_signals
14062124549,26.4181858,94.0348439,highway=crossing,traffic_signals
14062124764,26.4194796,94.0370561,highway=crossing,traffic_signals
14063169160,26.183748,94.0023918,highway=crossing,traffic_signals
14063327458,26.1732491,93.9767446,highway=crossing,traffic_signals
14063901169,26.1321055,93.9745284,highway=crossing,traffic_signals
14148639701,25.5828996,91.8863293,highway=bus_stop,
14182328609,26.1257316,92.2008639,railway=level_crossing,
14182328610,26.1258031,92.2009076,railway=level_crossing,
14182328611,26.1258618,92.2009434,railway=level_crossing,
14182328612,26.1259274,92.2009835,railway=level_crossing,
