osm_type,osm_id,lat,lon,key,value,name
n,566647745,26.2615608,91.6940301,railway,station,Changsari
n,715070787,26.4467608,91.60698,railway,station,Rangiya Junction
n,715070829,25.9068705,93.7284592,railway,station,Dimapur
n,715071026,26.4508759,91.3434365,railway,station,Kaithalkuchi
n,715137476,26.8129389,94.524155,railway,station,Amguri Junction
n,715137525,26.9174084,94.7559815,railway,station,Simaluguri Junction
n,715137787,26.1951622,93.8621654,railway,station,Sarupathar
n,715137869,26.1212788,93.842764,railway,station,Naojan
n,715137958,26.4647187,94.0018343,railway,station,Furkating Junction
n,715178218,27.8311509,95.220213,railway,station,Murkongselek
n,718989329,27.4364566,94.3467124,railway,station,Na Nadi
n,719077047,26.240383,90.5754591,railway,station,Jogighopa
n,719077075,26.3569213,90.6421552,railway,station,Abhayapuri
n,746951076,27.7093285,95.5680312,railway,station,Dangari
n,746951089,27.5542808,95.5395773,railway,station,Hansara
n,828998749,26.8216897,92.6829983,railway,station,Rangpara North Junction
n,828998873,26.6030671,91.8121031,railway,station,Khoirabari
n,828999020,27.2983121,94.0751195,railway,station,Lilabari
n,828999092,27.254431,94.1120339,railway,station,North Lakhimpur
n,828999117,26.8108957,92.5773509,railway,station,New Misamari
n,828999190,26.7445958,92.0971834,railway,station,Udalguri
n,828999196,26.7085947,92.7343537,railway,station,Bindukuri
n,829908362,26.4506915,91.4388694,railway,station,Nalbari
n,829908370,26.4699727,89.8354268,amenity,fuel,
n,830103537,24.8042308,92.2368618,railway,station,শাহবাজপুর
n,830103638,24.8604244,92.3726392,railway,station,Karimganj Junction
n,830103831,24.4898055,92.4328226,railway,station,Dullabcherra
n,830243153,24.8354595,92.626631,railway,station,Katakhal Junction
n,830243313,24.8023996,93.1165145,railway,station,Jiribam
n,830263797,24.560883,92.6128295,railway,station,Lalabazar
n,831175630,26.5091053,93.9617671,railway,station,Golaghat Railway Station
n,831207614,26.7501729,94.2163277,railway,station,Jorhat Town
n,831304375,26.7373464,92.215175,railway,station,Rowta Bagan
n,831304440,25.4971872,93.1105601,railway,station,Langting
n,831304708,25.7502262,93.1766047,railway,station,Lumding Junction
n,831340862,26.8194446,92.7721009,railway,station,Balipara
n,831340874,27.000607,92.6449773,railway,station,Bhalukpong
n,832464709,26.6074953,92.9299564,railway,station,Silghat Town
n,832590807,26.4513296,92.4258203,railway,station,Mairabari
n,832590885,26.2320327,92.5272443,railway,station,Raha
n,832590944,26.3113845,92.6425956,railway,station,Senchoa Junction
n,832590984,26.203175,92.5118391,railway,station,Chaparmukh Junction
n,832591007,26.3480551,92.698018,railway,station,Nagaon
n,832591052,26.3564809,92.672848,railway,station,Haibargaon
n,832743028,27.1827599,94.9193188,railway,station,Moranhat
n,832808317,26.7365334,94.6131009,railway,station,Tuli
n,835160297,27.8080358,96.0706018,amenity,fuel,
n,958035984,27.5737889,95.5560055,railway,station,Doomdooma
n,975687059,27.354092,95.315988,amenity,police,
n,975687854,27.3534419,95.3160574,amenity,fuel,Indian Oil
n,975687855,27.355474,95.3233019,amenity,bank,
n,975687856,27.355312,95.324636,amenity,bank,
n,975688512,27.3530362,95.3271364,amenity,place_of_worship,Kali Mandir
n,975754089,27.364888,95.319561,amenity,school,St. Xavier's Higher Secondary School
n,977293068,27.3591795,95.3262363,amenity,school,Madhya Zaloni Primary School
n,977421485,27.350833,95.331438,amenity,place_of_worship,Kamalabari Namghar
n,977423735,27.3344746,95.3284261,amenity,school,Tipling Ghat High School
n,978142418,27.330619,95.334356,amenity,school,Jatiyo Vidyalaya
n,980057167,27.1843431,94.9151069,amenity,police,
n,980057170,27.1833792,94.9138784,amenity,school,
n,980057175,27.181239,94.9129424,shop,convenience,
n,980438475,27.1811149,94.9127707,amenity,place_of_worship,Hanuman Temple
n,980438482,27.183446,94.9138436,amenity,place_of_worship,Maa Kali Mandir
n,983259388,26.1342576,91.7930894,shop,convenience,Amul
n,1012342914,27.3451916,95.3137351,amenity,college,Duliajan College
n,1012351078,27.3575,95.3177778,amenity,school,Paschim Zaloni L.P.School
n,1012351093,27.355,95.3194444,amenity,bank,United Bank of India
n,1012399548,27.3581168,95.3141645,amenity,fast_food,Uttam Bhandar
n,1012407228,27.3530556,95.3219444,amenity,school,Rashtra Bhasha School
n,1012408086,27.3522222,95.3225,amenity,place_of_worship,Duliajan Mosque
n,1013008756,27.3515144,95.3212398,amenity,place_of_worship,Central Naamghar
n,1013048391,27.3486058,95.3173479,amenity,fuel,
n,1013048393,27.3460873,95.3179461,amenity,clinic,Life Care Medical
n,1013078782,27.3543351,95.3453636,amenity,school,Kendriya Vidhyalaya
n,1013336624,27.3554833,95.3321189,amenity,school,Poorab Zaloni Primary School
n,1013465777,27.3937005,95.3180583,amenity,place_of_worship,Ghanta Mandir
n,1014510606,27.4833465,95.358721,amenity,school,Kendriya Vidhyalaya
n,1014510616,27.4648038,95.3612101,amenity,hospital,St Luke Hospital
n,1014526717,27.4879061,95.3569119,amenity,police,Tinsukia Police Station
n,1014526726,27.4970136,95.3516507,amenity,hospital,Pinewood Hospital
n,1014526730,27.4894664,95.3509533,amenity,school,Bengali Girls High School
n,1014526763,27.4894253,95.3568437,amenity,school,Sarvajanin HS Valika Vidyalaya
n,1014526768,27.4889778,95.3583245,amenity,school,Budding Buds Senior Secondary School
n,1014526771,27.4858878,95.3578091,amenity,school,Tinsukia Railway High School
n,1014526775,27.4978415,95.3498054,amenity,school,Pinewood Residential School
n,1014526791,27.4897234,95.3556204,amenity,school,Adarsha Prarthamic Vidyalaya
n,1014538800,27.4941965,95.3648686,amenity,school,Bipin Bora Middle English School
n,1014538805,27.4938729,95.3648579,amenity,school,Gobardhan Gowenka Primary School
n,1014538808,27.4925976,95.3609741,amenity,hospital,Life Line Hospital - Tinsukia
n,1014538815,27.4940062,95.3644073,amenity,school,Bipin Bora High School
n,1014538818,27.4903575,95.3622697,amenity,college,Law College
n,1014538822,27.4910178,95.3608239,amenity,school,Senairam Higher Secondary School
n,1015357912,27.496728,95.3653729,amenity,place_of_worship,Naamghar
n,1015801497,27.4882291,95.3369093,amenity,school,Holy Child School
n,1015801499,27.4974037,95.3422415,amenity,school,Sarbananda High School
n,1015801508,27.4991191,95.3587625,amenity,hospital,"L.G.B. Civil Hospital,Tinsukia"
n,1015801510,27.4941647,95.3484441,amenity,hospital,Aditya Hospital
n,1015803367,27.4841651,95.387013,amenity,place_of_worship,Shivdham Mandir
n,1017387180,27.4840032,95.3944373,amenity,place_of_worship,Krishna Dham Mandir
n,1017387184,27.4856118,95.3504062,amenity,place_of_worship,Kali Mandir
n,1018099500,27.4849024,95.364433,amenity,bus_station,Duliajaan Bus Station
n,1021860606,27.3633636,95.3119487,shop,computer,Bright Land Computers
n,1021860630,27.3609481,95.3130108,shop,bakery,Honey Dew Bakery
n,1021860647,27.3648786,95.3124905,amenity,school,Lal Bahadur Shastri School
n,1024350424,27.4953869,95.3630611,amenity,place_of_worship,Tinsukia Buddha Vihar
n,1024362408,27.4937016,95.3610706,amenity,place_of_worship,Nepali Mandir
n,1024398608,27.4997924,95.3615642,amenity,school,Don Bosco High School
n,1025792261,27.4864192,95.3533583,amenity,school,Hindi English High School
n,1025792264,27.4889906,95.3522515,amenity,hospital,Dr. S.K.Dey Hospital
n,1029536422,27.3540669,95.3368649,amenity,school,DPS
n,1085804576,27.5079288,95.355792,amenity,school,St. Stephen's High School
n,1085807338,27.4828896,94.9161565,amenity,college,Dibrugarh Kanoi Law College
n,1085807342,27.4793203,94.9206519,amenity,place_of_worship,Dibrugarh Church
n,1118546131,24.2745283,92.1502149,railway,station,Panisagar
n,1133639881,26.0783016,90.679881,railway,station,Krishnai
n,1133639965,26.1584097,90.5557927,railway,station,Pancharatna
n,1133640343,27.4570405,95.0191465,railway,station,Mohanbari
n,1133695418,27.5998165,95.5569781,railway,station,Rupai
n,1210735250,24.1511427,92.035408,railway,station,Kumarghat
n,1299582748,26.1811683,91.7499743,amenity,bus_station,ASTC
n,1334498773,26.4692775,90.4951321,railway,station,Dangtal
n,1334500301,26.460047,90.4197069,railway,station,Basugaon
n,1365562981,25.5656962,91.8865659,amenity,fuel,Malki Petrol Pump
n,1366429337,25.5659429,91.8975806,amenity,fuel,Assam Oil Service Station
n,1366451651,25.5665028,91.8895298,amenity,fuel,Bawri Service Station
n,1368863797,25.565506,91.8999525,amenity,fuel,Fire Brigade Service Station
n,1368876302,25.565898,91.8873032,amenity,bank,State Bank of India
n,1375751934,25.5679611,91.8807062,amenity,hospital,Civil Hospital Shillong
n,1403967928,26.5021259,90.9645713,railway,station,Barpeta Road
n,1403967944,26.497126,91.1777196,railway,station,Pathsala
n,1403967947,26.4945638,90.8887291,railway,station,Sorbhog
n,1420700033,24.7423346,93.2370957,railway,station,Rani Gaidinliu station
n,1420700233,24.8048991,93.6747553,railway,station,Tupul
n,1420700787,24.8165348,93.0099493,railway,station,Shribar
n,1420700805,24.8358361,93.4882544,railway,station,Khongsang
n,1429695985,25.5718863,91.8767893,amenity,fuel,Anjali Petrol Pump
n,1437215872,27.4894645,94.5425052,railway,station,Dhemaji
n,1449670747,25.914975,90.6338596,railway,station,Mendipathar
n,1455773215,25.5824923,91.8904024,amenity,bus_station,SRGT Parking Lot
n,1495316531,25.9157407,92.9576495,railway,station,Lanka
n,1495316536,26.001873,92.8520353,railway,station,Hojai
n,1495483775,27.5357587,94.6848265,railway,station,New Sisibargaon
n,1495483820,26.3069121,89.7375178,railway,station,Boxirhat
n,1496087870,27.1190192,93.8606073,railway,station,Harmuti Junction
n,1577816067,26.191458,91.7543159,amenity,cafe,Brown Bean Cafe
n,1577816069,26.1870263,91.7521859,amenity,cafe,Cafe Coffee Day
n,1577816073,26.1914446,91.7535775,amenity,restaurant,Four Season's
n,1577816179,26.1914525,91.7539119,amenity,school,Uzanbazar Government Girls' High School
n,1577848345,26.1905297,91.7539376,shop,bakery,Loyans bakery & confectionery
n,1578252813,26.18534,91.7551918,shop,gift,Artfed
n,1578252828,26.1867452,91.7428981,shop,books,Papyrus
n,1578252832,26.1854327,91.7539031,amenity,fuel,
n,1578252835,26.1854322,91.7404472,amenity,hospital,Mahendra Mohan Choudhury Hospital
n,1578252854,26.1868037,91.7440671,shop,alcohol,
n,1578252863,26.1877308,91.7520001,shop,bakery,
n,1578252882,26.19119,91.7515379,amenity,place_of_worship,
n,1578252883,26.1853384,91.7537704,shop,gift,Purbashree
n,1578252896,26.187843,91.741305,amenity,place_of_worship,Sukreshwar Mandir
n,1578252898,26.186916,91.7428165,amenity,cafe,The Biliophilia Cafe
n,1578252901,26.1898288,91.7526254,amenity,cafe,i-way
n,1579094747,26.196582,91.7451415,amenity,place_of_worship,Umananda Mandir
n,1579672842,26.1813856,91.7357204,public_transport,station,
n,1579672845,26.1843684,91.7374867,public_transport,station,
n,1579672848,26.1862405,91.7220828,public_transport,station,Mazgaon Ferry Ghat
n,1579672869,26.1904355,91.7527946,amenity,school,
n,1579672871,26.1908248,91.7542213,amenity,school,Marnik Ch. Barua School
n,1579672882,26.20644,91.7481474,public_transport,station,
n,1580625967,26.1899295,91.7519454,amenity,police,Latasil Police Station
n,1596051550,26.6806068,92.7628282,railway,station,Dekargaon
n,1600760123,25.8371941,93.4383663,railway,station,Diphu
n,1621473136,24.6825788,92.3412269,railway,station,Baraigram Junction
n,1668477314,26.4125204,92.7418286,railway,halt,Rupahigaon
n,1676604026,27.1308555,93.709712,railway,station,Naharlagun
n,1690037840,27.1297346,93.7429324,amenity,university,Academic Block
n,1690039528,27.1297297,93.7446515,amenity,bank,State Bank of India
n,1690041486,27.1298457,93.7437731,amenity,restaurant,NERIST Students' Canteen
n,1690045698,27.1317208,93.7437305,amenity,university,Agricultural Department and CMS (Centre of Management Studies)
n,1690134377,27.1298566,93.7365723,amenity,hospital,NERIST Medical Unit
n,1692786559,27.1269895,93.7314841,amenity,fuel,
n,1698266422,26.1650799,91.7072072,amenity,bus_station,Kamakhya Mandir
n,1698296685,26.1773109,91.7348759,amenity,bus_station,
n,1702523241,27.130701,93.7431047,amenity,university,Mechanical deptt.
n,1739986504,27.4811319,95.1718214,railway,station,Chabua
n,1739986507,27.4819529,95.3390824,amenity,police,Hijapuri Police
n,1739986509,27.4929462,95.2685732,amenity,police,Panitola Police
n,1739986513,27.4777712,95.311475,amenity,college,Vivekananda Kendriya Vidyalaya
n,1739986514,27.463866,95.0804522,railway,station,Dikom
n,1739986539,27.4858861,95.3533053,amenity,fuel,
n,1739998740,27.7387026,95.9104671,amenity,school,Givernment Higher Secondary School
n,1739998741,27.8086269,96.037519,amenity,school,Government Higher Secondary School
n,1739998743,27.7396748,95.9117097,amenity,hospital,
n,1739998753,27.8015668,96.0009872,amenity,place_of_worship,
n,1739998760,27.8090133,96.0399753,amenity,doctors,
n,1740001997,27.6344714,95.8088026,amenity,doctors,Community Heath Center
n,1740001998,27.6387526,95.8362686,amenity,school,Government Middle School
n,1740002002,27.6298843,95.8193851,amenity,school,Sunflower Middle School
n,1740002004,27.6360405,95.80629,amenity,police,
n,1740002011,27.666557,95.8744406,amenity,fuel,
n,1740002014,27.6715105,95.7576066,amenity,hospital,
n,1740002015,27.6838756,95.7117102,amenity,doctors,
n,1740005441,27.6389777,95.668377,amenity,school,Iris English School
n,1740005444,27.6209773,95.6374951,amenity,school,Jatiya Vidyalaya
n,1740005446,27.6355051,95.6657909,amenity,school,Kathopather Girls School
n,1740005449,27.6109339,95.5806285,amenity,school,
n,1740009463,27.4866741,95.4247797,amenity,college,Makum College
n,1740057052,27.8882566,95.5180037,amenity,cafe,
n,1740057055,27.8886247,95.5186116,amenity,fuel,
n,1810911969,26.769328,93.1637328,railway,station,Nizchatia
n,1810912049,26.7916234,92.923201,railway,station,Dhalai Beel
n,1811463083,26.6571914,91.9052083,railway,station,Tangla
n,1845657278,26.2313363,90.231133,amenity,bus_station,
n,1848205878,27.4526983,94.9995008,railway,station,Lahoal
n,1934226457,26.8363939,94.4460525,amenity,school,CKB Collage Teok
n,1937610134,26.8673729,94.5043489,amenity,school,Jhanji HNS College< Jhanji Jamuguri
n,1937614039,26.8379433,94.4785672,amenity,school,Hanhchara High School
n,1937628026,26.9523665,94.6288288,amenity,school,Sivasagar College
n,1937748557,26.992273,94.6391492,amenity,school,Sivsagar Commerce College
n,1939429673,26.8616341,94.2413393,public_transport,station,Nimati ghat
n,1939473135,26.8103704,94.2402863,amenity,school,Bahona College
n,1985336560,24.7358566,93.3061318,railway,station,Haipo Jadonang
n,1985336561,24.8086961,93.405236,railway,station,Thingu
n,1987734179,26.7575886,94.201555,amenity,hospital,Sanjivani Hospital
n,2037923461,25.8903444,90.0208117,public_transport,station,Phulbari Ghat (wet season only?)
n,2081913984,24.6812721,92.5679553,railway,station,Hailakandi
n,2081913989,24.865508,92.5984489,railway,station,Panchgram
n,2081914624,24.8249889,92.6677585,railway,station,Salchapra
n,2081914715,24.8311862,92.7979855,amenity,bus_station,
n,2081914813,24.8557436,92.7431452,railway,station,Arunachal Junction
n,2081915256,25.1480102,93.0320565,railway,station,New Haflong
n,2084877956,25.9527954,93.7547838,railway,station,Khotkhoti
n,2084878606,26.0193348,93.7802127,railway,station,Bokajan
n,2137910081,26.897071,93.6218307,railway,station,Gohpur
n,2164024492,26.7843747,92.2872235,railway,station,Mazbat
n,2286315964,25.6718196,94.1070801,amenity,bus_station,Nagaland State Transportation
n,2286316103,25.6701443,94.1066348,amenity,restaurant,Tashi Delek
n,2309087772,27.3486961,95.3149071,shop,convenience,Gupta Stores
n,2309770462,26.9902574,94.6432322,railway,station,Sibsagar Town
n,2316321277,26.5291145,94.0558033,railway,station,Kamarbandha Ali
n,2319238560,26.1126488,91.7948727,amenity,police,Bashistha Police Station
n,2329495881,26.2750082,93.8998677,railway,station,Barpathar
n,2332856892,25.1361745,92.1265808,amenity,hospital,Jaintapur Upazila Health Complex
n,2332872340,24.8842777,92.3642292,amenity,hospital,Zakiganj Upazila Health Complex
n,2340755592,26.6695435,94.1238453,railway,station,Bhalukmara
n,2340755593,26.7064259,94.2396687,railway,station,Cinnamara
n,2340755594,26.7216321,94.1723058,railway,station,Rowriah Sdg
n,2340780169,26.3417693,91.6892274,railway,station,Baihata
n,2340780174,26.3685532,91.6444261,railway,station,Kendukona
n,2346871970,26.855288,94.627418,railway,station,Namti
n,2346871972,27.0606645,94.6925459,railway,station,Desang
n,2346871974,27.0052163,94.8445527,railway,station,Lakswa
n,2346871975,27.079077,95.0936685,railway,station,Longpatia
n,2346871976,27.1059291,94.8066994,railway,station,MohKhuti
n,2346871977,26.9643383,94.7940882,railway,station,Mahutgaon
n,2346871978,26.8860486,94.6889971,railway,station,Mezenga
n,2346871979,27.1472108,94.8885611,railway,station,Moran
n,2346871982,27.1144283,94.8532408,railway,station,Sepon
n,2346882129,27.4660132,94.9594599,railway,station,Chalkhoa
n,2346882130,27.2891913,95.3296513,railway,station,Naharkatiya
n,2365222327,26.4996415,91.0772008,railway,station,Sorupeta
n,2365253018,26.4511473,91.5288433,railway,station,Ghograpar
n,2383009295,26.7521995,94.1963673,amenity,place_of_worship,Kakoti Hari Mandir
n,2383182478,26.7538797,94.2005081,amenity,college,Devicharan Baruah College
n,2383182479,26.7550039,94.1998385,amenity,school,Devicharan Baruah School
n,2383182488,26.7561673,94.1955616,amenity,school,Tarajan Mojoliya Vidyalaya
n,2383182489,26.7561131,94.1952295,amenity,school,Tarajan High School
n,2383182543,26.7503197,94.1821094,amenity,bank,State Bank of India
n,2383182545,26.7490914,94.1774577,amenity,hospital,IMSR
n,2383182573,26.7513596,94.2025848,amenity,school,Junaki Sangha Vidyalay
n,2383182592,26.7501053,94.211606,amenity,college,Jorhat College
n,2383182593,26.7496552,94.2115836,amenity,college,Jorhat Law College
n,2383182594,26.7505793,94.2079598,amenity,place_of_worship,Atila Gaon Namghar
n,2383182595,26.7506978,94.2075646,amenity,school,Bidydhar Sarma Memorial High School
n,2383182596,26.7517881,94.2074006,amenity,college,Chandra Kamal Barua Commerce College
n,2383182599,26.7596339,94.2105123,amenity,bus_station,Public Bus Stand
n,2383182625,26.7597021,94.2075832,shop,supermarket,Unnayan Market
n,2383182626,26.7596269,94.2080789,amenity,place_of_worship,Masjid
n,2383206299,26.7490096,94.1919441,amenity,place_of_worship,Sunari gaon Namghar
n,2383206350,26.7478805,94.1877345,amenity,place_of_worship,Namghar
n,2383206351,26.748181,94.1895889,amenity,place_of_worship,Namghar
n,2387232497,24.7929384,93.0034074,amenity,school,Earl Higher Secondary School
n,2387233368,24.7930111,93.0028635,amenity,bank,State Bank of India
n,2387234828,24.7929132,93.0027587,amenity,place_of_worship,Kali Mandir
n,2387236549,24.7945675,93.0046241,amenity,school,Beneson English School
n,2387243818,24.7925051,93.0002569,amenity,bank,United Bank of India ATM
n,2387248194,24.7939179,93.0008143,amenity,school,Girls High School
n,2387264397,24.7926575,93.003214,amenity,school,LP School
n,2387268456,24.79231,93.0028667,amenity,police,Police Station
n,2387270113,24.7923828,93.0022283,amenity,place_of_worship,Shani Mandir
n,2387271266,24.7923792,93.0018645,amenity,marketplace,Fish Market
n,2387272554,24.7921136,93.0077288,amenity,school,Riverdale English School
n,2387273125,24.79239,93.0091879,amenity,place_of_worship,Anukul Thakur Ashram
n,2387273673,24.7927131,93.0071791,amenity,place_of_worship,Masjid
n,2387284488,24.7883088,93.0245268,amenity,place_of_worship,Shiv Mandir
n,2387286164,24.7882739,93.0247384,amenity,place_of_worship,Fulertal Mukam
n,2387288179,24.7897195,93.0249192,amenity,school,Asapalli English School
n,2387289554,24.790788,93.0250807,amenity,school,Asapalli Boys Hostel
n,2387289774,24.790348,93.0251884,amenity,school,Asapalli Girls Hostel
n,2387292032,24.790352,93.0210409,amenity,school,Douglas English School
n,2387293178,24.7919988,93.0215112,amenity,school,FULERTAL PUBLIC HIGH SCHOOL
n,2387294267,24.7891103,93.0259883,amenity,school,P.M.S. English School
n,2387294302,24.7902814,93.0276553,amenity,school,Union English High SCHOOL
n,2387295901,24.7937935,93.02975,amenity,school,Christos Hostel
n,2388163519,24.79384,93.0192048,amenity,place_of_worship,Loknath Baba Mandir
n,2388164355,24.7906345,93.0188142,amenity,place_of_worship,Shani Mandir
n,2388172453,24.7908246,93.0158982,amenity,school,Northeast Academy English School
n,2388173170,24.790432,93.0162305,amenity,school,L.P School
n,2388176738,24.7901718,93.0180347,amenity,marketplace,Fulertal Vag & Fish Market
n,2388183297,24.7905705,93.0189613,shop,hairdresser,Hair Cutting Salon
n,2388185891,24.7899969,93.0199554,shop,clothes,Mohan Lal Dilip Kumar
n,2388198548,24.7926124,93.002025,shop,beauty,Beauty Parlour
n,2388199186,24.7926044,93.0006863,shop,beauty,Beauty Parlour
n,2388205407,24.792596,93.0012777,shop,clothes,Clothing Store
n,2388206389,24.7922973,93.0026642,shop,clothes,Clothing Store
n,2388211857,24.7928573,93.0043614,shop,computer,Computer Game  Parlour
n,2388216663,24.7922547,93.0184466,amenity,college,Lakhipur Junior College
n,2388216775,24.7913311,93.018123,amenity,school,High School
n,2389276133,24.8311422,93.0338495,amenity,college,Nehru College
n,2389277044,24.834852,93.0296854,amenity,school,Jawahar Navodaya Vidyalaya
n,2389284771,24.8311959,93.0233197,amenity,school,Nehru High School
n,2389285940,24.8298912,93.0245589,amenity,school,"Brilliant English School, Pailapool"
n,2389288201,24.8289503,93.0238799,amenity,place_of_worship,Kali Mandir
n,2389288620,24.8301976,93.0232481,amenity,school,LP School
n,2389289040,24.8280946,93.0213805,amenity,marketplace,Pailapool Market
n,2389291420,24.8244991,93.0153112,amenity,hospital,"Emanuel Hospital, Pailapool"
n,2389292383,24.8250611,93.0198112,amenity,school,Emmanuel English High School
n,2503639103,26.3990646,90.2617463,amenity,bank,State Bank of India
n,2503639104,26.4773975,90.3020608,amenity,university,CIT Kokrajhar
n,2503639106,26.4769557,90.3028332,amenity,university,"CSE Block, CIT Kokrajhar"
n,2503639109,26.4777048,90.3004729,amenity,university,"Hostel No.2, CIT Kokrajhar"
n,2595949839,26.1933156,91.7516921,public_transport,station,
n,2595949845,26.1959383,91.7452022,public_transport,station,
n,2665458458,26.5279198,91.722188,railway,station,Goreswar
n,2665458472,26.4655849,91.6458978,railway,station,Khandikar
n,2665458597,26.7252841,91.9865809,railway,station,Harisinga
n,2665458688,26.7538898,92.0867269,amenity,fuel,
n,2665466253,26.3227102,94.5172325,amenity,bank,SBI Main Branch
n,2665471173,26.3246142,94.5217171,amenity,bank,ICICI
n,2665482199,26.322388,94.51116,amenity,bank,Axis Bank
n,2665520286,26.3262407,94.513919,amenity,school,Edith Douglas Higher Secondary School
n,2665521252,26.3258018,94.5126566,amenity,school,Model Higher Secondary School
n,2665528108,26.3241814,94.5213309,amenity,bus_station,NST Bus Station
n,2665548160,26.3287058,94.5080754,amenity,fuel,IOC
n,2665555851,26.3316915,94.5308903,amenity,fuel,BOC
n,2669094329,26.1823701,91.7501234,railway,station,Guwahati
n,2671296500,27.4647373,94.9371639,railway,station,Dibrugarh
n,2682271112,26.3357679,94.4984995,amenity,fuel,NRL
n,2682990704,26.6452148,94.3326633,amenity,restaurant,Eat Here
n,2683512598,26.3273247,94.5140606,amenity,school,Jubilee Memorial School
n,2683533449,26.3135062,94.5103708,amenity,fuel,ESSAR
n,2683567624,26.3278732,94.5394124,amenity,clinic,Woodland Nursing Home
n,2683629307,26.3235076,94.5203969,amenity,school,Town Higher Secondary School
n,2685095630,26.3222486,94.5181866,amenity,place_of_worship,Mizo Church
n,2685095631,26.3221356,94.5180606,amenity,place_of_worship,Phom Church
n,2685098862,26.3248835,94.515955,amenity,bank,HDFC
n,2685146248,26.3240116,94.51371,amenity,bank,SBI Regional Office
n,2685161470,26.3298029,94.5115535,amenity,place_of_worship,Kichutip Fellowship Church
n,2685161473,26.3268749,94.5138629,amenity,place_of_worship,Salangtem Fellowship Church
n,2685181205,26.3257923,94.5150377,shop,greengrocer,
n,2685181209,26.3257897,94.5145949,shop,seafood,
n,2685181212,26.3268188,94.5126801,shop,car_repair,
n,2685181218,26.325826,94.5147829,shop,butcher,
n,2685181229,26.3271681,94.513136,shop,car_repair,
n,2685183174,26.3247825,94.5220973,amenity,bank,Bank of Baroda
n,2685183175,26.3242273,94.5218613,amenity,bank,Nagaland State Cooperative Bank
n,2685198600,26.3242127,94.5209305,amenity,bank,IDBI Bank
n,2685198603,26.324244,94.5207857,amenity,bank,Central Bank of India
n,2685198606,26.3242416,94.5210888,amenity,bank,State Bank of India
n,2685198609,26.3264534,94.5226284,amenity,bank,Nagaland Rural Bank
n,2685235284,26.3271482,94.5236854,shop,car_repair,
n,2685235287,26.3270761,94.5233958,shop,car_repair,
n,2685235289,26.3272155,94.523444,shop,car_repair,
n,2685235292,26.322982,94.5185031,amenity,place_of_worship,Lotha Baptist Church
n,2685235311,26.3232945,94.5188196,amenity,place_of_worship,Tenyimia Church
n,2685441007,26.3281122,94.5224889,amenity,place_of_worship,Pentecostal Church
n,2685441009,26.3220276,94.5216494,shop,car_repair,IMFIL
n,2685441010,26.3210082,94.5204531,amenity,place_of_worship,Sangtam Baptist Church
n,2685441028,26.3191859,94.522969,amenity,place_of_worship,Medical Fellowship Church
n,2685482944,26.3252224,94.5073425,amenity,school,Bethesda Institude
n,2685482946,26.3241791,94.5181371,shop,department_store,Subong Shopping Mall
n,2685482947,26.3254029,94.5075785,amenity,place_of_worship,Kumlong Baptist Church
n,2686062391,26.2951371,94.5024426,amenity,place_of_worship,Ungma Baptist Church
n,2686563541,26.3240761,94.5217855,amenity,hospital,Modern Clinic
n,2686574884,26.3245326,94.5152814,amenity,kindergarten,Toddler's Garden
n,2689636539,26.3246553,94.5154986,amenity,kindergarten,Babyland
n,2689866841,26.3189272,94.5214783,amenity,cafe,
n,2689917278,26.3243522,94.5177439,amenity,hospital,Doctor's Clinic & Mediciner
n,2689917299,26.3243572,94.51758,amenity,bank,Allahabad Bank
n,2689917319,26.3237513,94.521421,shop,gift,Aria
n,2689917391,26.323309,94.5221291,amenity,place_of_worship,Mosque
n,2696185647,26.3233522,94.5135782,amenity,school,Hills Night High School
n,2696256902,26.3308068,94.5421035,amenity,school,Baptist English School
n,2696256940,26.3285422,94.5413847,amenity,place_of_worship,Tsusapang Baptist Church
n,2696256995,26.3253666,94.5224108,amenity,hospital,Impur Mission Hospital Clinic
n,2696257006,26.3253905,94.517205,amenity,place_of_worship,Nagaland Christian Revival Church
n,2696295489,26.331427,94.5521457,amenity,fast_food,
n,2696295557,26.3311482,94.5525078,amenity,school,Mountain Home School
n,2696418275,26.3343602,94.5533231,amenity,place_of_worship,Chuchuyimpang Baptist Church
n,2696418438,26.3263284,94.5319862,amenity,place_of_worship,Mokokchung Village Church
n,2696442751,26.3349872,94.4970509,amenity,school,N I Jamir Govt High School
n,2697609896,26.3334271,94.5018007,amenity,place_of_worship,Yimyu Baptist church
n,2707967708,26.3933519,94.4232578,amenity,fast_food,
n,2707967767,26.3944451,94.4218765,amenity,fast_food,
n,2707974451,26.4223144,94.4327605,amenity,place_of_worship,
n,2715014406,26.3813217,94.4372157,amenity,place_of_worship,Aliba Batist Church
n,2717145887,26.3241406,94.5205254,shop,bakery,New Bakery
n,2717145892,26.3245108,94.5197017,amenity,cafe,El Marcado
n,2717174483,26.3439937,94.5537361,amenity,place_of_worship,Police Church
n,2717174485,26.3498345,94.5556298,amenity,restaurant,
n,2717192173,26.3924054,94.5331588,amenity,place_of_worship,Mopungchukit Baptist Church
n,2717210922,26.3904114,94.538724,amenity,place_of_worship,Impur Church
n,2717240728,26.3955264,94.5558364,amenity,place_of_worship,Sungratsu Church
n,2717284581,26.3960981,94.5964692,amenity,place_of_worship,Yisemyong Church
n,2719492922,26.4982531,94.4412496,amenity,place_of_worship,Mangkolemba Baptist Church
n,2724465813,26.3187531,94.5118133,amenity,place_of_worship,Durga Mandir
n,2724465817,26.3186305,94.5117463,amenity,place_of_worship,Unit Church
n,2724831661,26.3245711,94.517454,amenity,bank,Canara Bank
n,2724832260,26.3241791,94.517395,amenity,place_of_worship,Lakshmi Narayan Mandir
n,2724837042,26.3232392,94.5129345,amenity,place_of_worship,Nepali Church
n,2724837363,26.3238858,94.5145572,amenity,place_of_worship,Shiv Mandir
n,2724869459,26.331105,94.5306612,shop,car_repair,Crossroads Tyre Servicing
n,2724869460,26.3312734,94.5308704,shop,car_repair,
n,2725151853,26.3641553,94.4760592,amenity,school,
n,2728846636,26.3226176,94.5117022,shop,bakery,Mascot Bakery
n,2728846643,26.3242009,94.5209034,shop,books,Connect
n,2728846644,26.3242126,94.5208607,shop,bakery,Unique Bakery
n,2747802784,26.5837486,93.4030295,shop,ticket,jeep safari booking counter
n,2826257073,25.5725814,91.8845874,amenity,restaurant,Bamboo Hut Restaurant
n,2830789901,25.8796245,93.7608783,shop,car_repair,Zhimomi Automobiles
n,2831472391,26.4686137,94.467171,amenity,place_of_worship,Khar Baptist Church
n,2854434377,25.5781658,91.8838091,amenity,fuel,
n,2885039366,26.4716298,91.2682154,railway,station,Tihu
n,2885091539,26.1254384,92.1973032,railway,station,Jagi Road
n,2885091555,26.1732313,92.3114617,railway,station,Sonuabari
n,2885091569,26.2061133,92.434601,railway,station,Thekeraguri
n,2885092718,26.407355,92.232907,public_transport,station,
n,2885143622,27.5914059,95.3235222,public_transport,station,
n,2885250561,27.723845,94.8868742,railway,station,Simen Chapori
n,2885275506,26.9198444,94.1642878,public_transport,station,Kamalabari Ghat
n,2885275517,26.9100184,94.2773858,public_transport,station,
n,2913304439,27.4417161,94.3212387,railway,station,Gogamukh
n,2932321363,26.1302366,91.7953793,amenity,restaurant,Appayan Restaurant
n,3004339014,26.1703059,91.7672182,amenity,college,BT College
n,3052452455,26.1613281,91.7739445,amenity,cafe,Mocha
n,3052452456,26.1612414,91.7739767,amenity,restaurant,Terra Maya
n,3052481680,26.1592673,91.7745668,shop,alcohol,Dee Dee Wine Shop
n,3052500129,26.1750869,91.7576662,amenity,cafe,Patisserie Operaa
n,3052500130,26.1750833,91.7576997,shop,furniture,Vinayak Furnishings
n,3178189545,25.8972566,91.882077,amenity,restaurant,Woodlands Dhaba
n,3178190349,26.5547738,92.8874642,amenity,fuel,Assam Oil Petrol Pump
n,3178190363,26.6220224,92.8489715,amenity,fuel,Shell Petrol Pump
n,3203035268,26.3311494,94.5538238,amenity,place_of_worship,Union Church
n,3203036976,26.3316658,94.5528119,amenity,college,Fazl Ali College
n,3224653102,27.1369868,93.791461,railway,station,Gumto
n,3281558055,24.8544306,92.3433549,railway,station,Longai
n,3281652396,24.1960499,92.5412872,railway,station,Bairabi
n,3337653201,27.176593,93.9711292,railway,station,Kathalpukhari
n,3422982364,24.9419816,92.6028609,railway,station,Hilara
n,3431270698,25.5654202,91.8806002,amenity,school,Pine Mount School
n,3498617856,25.611817,91.8996623,amenity,university,NEHU
n,3538192337,25.571377,91.9004146,amenity,place_of_worship,Ram Krishna Mission
n,3546843597,27.825574,95.2278445,amenity,bus_station,ASTC Bus Stand
n,3546852189,27.8248149,95.2280055,shop,supermarket,Do:nyi-Polo Supermarket
n,3546863557,27.822811,95.2297032,amenity,police,Jonai Police Station
n,3546878914,27.8444239,95.2275198,amenity,fuel,Ruksin Petrol Pump
n,3546899819,27.8279966,95.2262431,amenity,school,Higher Secondary Field
n,3546920847,27.8249082,95.2259427,amenity,bank,State Bank of India
n,3546963013,27.8167147,95.2186149,amenity,place_of_worship,Fransalian Church
n,3547012051,27.7452409,95.0783656,amenity,bank,Allahabad Bank
n,3547012053,27.7458391,95.0790496,amenity,school,Tako-Gítung Field
n,3547012055,27.7476123,95.0790978,amenity,school,J. M. S. Field
n,3547032583,27.7492435,95.0805258,amenity,college,Laimekuri College Field
n,3547039788,27.7507684,95.0760932,railway,station,Laimekuri
n,3547052272,27.7522709,95.0781048,shop,supermarket,Laimekuri Weekly Market
n,3547099282,27.7551763,95.0720967,amenity,hospital,Health Sub Centre
n,3547154858,27.7499461,95.0757085,amenity,school,Konéng School Field
n,3547207541,27.7507432,95.0528582,amenity,place_of_worship,Girja
n,3547215777,27.7495972,95.0525557,amenity,school,L. P. School Lotta
n,3547327331,27.7660461,95.0038982,railway,station,Telem
n,3547327332,27.7642459,95.0017795,amenity,marketplace,Telam Weekly Market
n,3547340611,27.7633863,95.0070837,amenity,place_of_worship,SFS Church
n,3547369321,26.6985914,92.8326973,amenity,university,Administrative Building-II
n,3547379052,26.69897,92.8341457,amenity,university,Department of Chemistry
n,3547379053,26.6992048,92.8333035,amenity,university,"Indian Statistical Institute, NE Centre"
n,3547379054,26.6993294,92.8348807,amenity,university,Department of Energy
n,3547379055,26.6993007,92.8327671,amenity,restaurant,Di Cafeteria
n,3547429773,26.7027949,92.8285945,amenity,university,School of Management Sciences
n,3547454055,26.7042373,92.8281385,amenity,university,Electronics and Communication Engineering
n,3547454057,26.7033316,92.8260946,amenity,university,Central Workshop
n,3547454058,26.702977,92.8257299,amenity,university,Food Engineering & Technology
n,3547454059,26.7037054,92.8265935,amenity,university,Mechanical Engineering
n,3547454060,26.7044242,92.8272694,amenity,university,Computer Science Engineering
n,3547454061,26.7025457,92.8253168,amenity,university,Civil Engineering
n,3547454065,26.7028092,92.8269637,amenity,restaurant,KF-Donaz Hut
n,3547482478,26.6996127,92.8306276,amenity,university,Administrative Building-I
n,3547490580,26.698175,92.8317434,amenity,university,Mass Communication & Journalism
n,3547490581,26.697044,92.832076,amenity,university,Environmental Sciences
n,3547490582,26.6971111,92.8314966,amenity,university,Molecular Biology & Biotechnology
n,3555169044,26.6209126,92.7943959,amenity,bus_station,ASTC Bus Station
n,3555172843,26.6233153,92.7901634,amenity,bus_station,
n,3555178742,26.6230515,92.7969708,amenity,police,Tezpur Police Station
n,3555219587,27.7237427,94.8869276,railway,station,Simen Chapori
n,3555429137,26.1416505,91.7861918,amenity,place_of_worship,Rajdhani Masjid
n,3637659868,26.758914,94.2037234,amenity,restaurant,Aahar
n,3637659870,26.7579728,94.2144155,amenity,restaurant,Bee Gee Inn
n,3637659871,26.7593154,94.2096525,amenity,marketplace,Bhutia Market
n,3637659873,26.7547404,94.2155097,amenity,fast_food,Crazy Hut
n,3637659875,26.7539162,94.2126637,amenity,fast_food,Domino's
n,3637659876,26.7538042,94.2120835,shop,supermarket,Doss and Co. Supermarket
n,3637659878,26.7574176,94.2022361,amenity,cafe,Ever Bake
n,3637659879,26.761142,94.2058867,amenity,restaurant,Hotel Heritage
n,3637659884,26.7616927,94.2092137,amenity,place_of_worship,Jorhat Puja Mandir
n,3637659886,26.7549643,94.2113717,amenity,police,Jorhat Main Police Station
n,3637659888,26.7580813,94.2117186,amenity,restaurant,Meridian
n,3637659891,26.7581087,94.2143587,amenity,bank,Punjab National Bank
n,3637659892,26.7590626,94.2078785,amenity,bank,State Bank of India Main Branch
n,3643359269,26.7548007,94.2114172,amenity,police,Jorhat Fire Station
n,3677085554,26.4486859,89.8782057,amenity,fuel,
n,3678154110,26.192402,91.6993253,amenity,fast_food,Baskin Robbins
n,3678183618,26.19258,91.6992923,amenity,fast_food,Subway
n,3684324222,25.9598593,92.90648,railway,station,Dhalpukhuri
n,3684324223,25.8714739,92.985367,railway,station,Habaipur
n,3684324224,26.1994939,92.5945394,railway,station,Laopani
n,3684357942,26.4482495,92.9198178,railway,station,Amoni
n,3684357943,26.5804062,92.9906325,railway,station,Jakhalabandha
n,3684357944,26.4164936,92.8501979,railway,station,Samaguri
n,3684464484,25.9819801,90.8540009,railway,station,Amronga
n,3684464485,26.4922948,90.612514,railway,station,Chaprakata
n,3687006707,27.4481151,95.3507001,railway,station,Bahadur Chariali
n,3687006708,27.4339386,95.6083922,railway,station,Bogapani
n,3687006709,27.3874433,94.8375445,railway,station,Dhamalgaon Junction
n,3687006710,27.4869637,95.4393434,railway,station,Makum
n,3687006711,27.3497387,95.6475824,railway,station,Powai
n,3700994867,25.2851946,91.7215802,shop,supermarket,
n,3701005278,25.2703418,91.7317356,amenity,restaurant,Gemi’s Indian Cuisine
n,3701091175,25.271938,91.7325224,amenity,fuel,Assam Oil
n,3701115275,25.5658363,92.1844549,amenity,fast_food,
n,3701126585,25.7259575,92.4481143,amenity,fast_food,
n,3701126950,25.7260706,92.4479208,amenity,marketplace,
n,3701160138,25.9328822,92.7017412,amenity,fast_food,
n,3701202277,25.0702163,92.3794354,amenity,fuel,
n,3701205987,24.5678475,92.3055945,amenity,fast_food,
n,3701327730,24.3170788,92.0670941,amenity,place_of_worship,Shiva
n,3701327731,24.3168906,92.0662827,amenity,place_of_worship,Rock Cut Ganesha
n,3701333313,24.3190775,91.9972165,amenity,marketplace,Kailashahar market
n,3701336935,24.3182191,92.0024248,amenity,fast_food,
n,3736885117,27.3343522,96.0473861,amenity,fuel,Bharat Petroleum
n,3765264557,26.2336261,91.9219307,railway,station,Thakurkuchi
n,3774541943,26.7480055,94.2128867,shop,confectionery,
n,3774814733,26.7515227,94.220333,amenity,fuel,
n,3776222097,26.7463121,94.2127665,shop,travel_agency,Ashish Internet cafe
n,3776285431,24.7572829,93.979206,amenity,school,Irilbung High School
n,3776347225,26.746182,94.2127918,amenity,restaurant,Baishali Restaurant
n,3776347226,26.745326,94.2131219,shop,stationery,Bongal Pukhuri Stationery
n,3777784810,27.4879481,95.3663213,amenity,place_of_worship,Manav Kalyan Prathana Bhawan
n,3777829124,27.4919432,95.3616683,shop,supermarket,ATC Mall
n,3777889057,27.4888737,95.3637167,amenity,bank,State Bank of India
n,3777897051,27.4892818,95.3569837,shop,supermarket,Vishal Mega Mart
n,3777970746,27.4882355,95.3614383,amenity,hospital,Mittal Pharmacy
n,3777970748,27.4922508,95.3606063,amenity,restaurant,MB's
n,3777977123,27.4963286,95.3657552,amenity,clinic,Jeevan Jyoti Nursing Home
n,3778748287,24.7551637,93.9801317,amenity,police,Irilbung police station
n,3778756608,24.7565007,93.9802974,amenity,school,DSAC Academy
n,3778757757,24.7581129,93.9794549,amenity,place_of_worship,Ibudhou Pureiromba
n,3779251595,27.4870213,95.3608479,amenity,place_of_worship,Badi Masjid
n,3779262421,27.4877006,95.3668684,shop,furniture,Decowoods
n,3779454315,27.4882973,95.3558247,shop,electronics,Compu Plus
n,3779454316,27.4898516,95.364429,shop,electronics,CAS Computers
n,3779454317,27.4908512,95.3638102,amenity,bank,Axis Bank
n,3780952285,27.4889687,95.3644262,amenity,bank,HDFC Bank
n,3780974361,27.4860869,95.3797308,amenity,hospital,Agarwal Hospital and Research Centre
n,3912938229,24.82279,92.7912755,amenity,place_of_worship,Ramkrishna Mission Silchar
n,3912941346,24.8227877,92.8000109,shop,supermarket,Gol Dighi Mall
n,3912947088,24.8196742,92.7961583,amenity,place_of_worship,ISKCON
n,3913121585,24.810994,92.8019083,amenity,place_of_worship,Shyamananda Baba Ashram
n,3914775756,24.8288775,92.7997706,shop,supermarket,M Bazaar - Old Debdoot Cinema Hall
n,3914776959,24.8307019,92.8003689,amenity,restaurant,Hasty Tasty
n,3914776960,24.83185,92.800264,amenity,hospital,Mawsumi Hospital
n,3914776963,24.8259675,92.7973724,amenity,bank,State Bank of India
n,3914776967,24.8284359,92.8034985,amenity,restaurant,Mirch Masaala
n,3914790597,24.8436577,92.8104748,amenity,place_of_worship,Prachin Shiv Mandir
n,3921072111,24.8228701,92.8013867,amenity,marketplace,
n,3921072129,24.783285,92.795832,amenity,hospital,Valley Hospital
n,3921072130,24.7856047,92.7955799,amenity,hospital,"South City Hospital, Cachar"
n,3921072135,24.7881269,92.7945484,amenity,fuel,
n,3921072157,24.7919417,92.7926716,amenity,fuel,
n,3921072158,24.793674,92.7928722,amenity,hospital,Nightingale Hospital
n,3921072159,24.7921663,92.7912446,amenity,hospital,Medinova
n,3921076867,24.7900403,92.7933525,amenity,marketplace,Birbal Bazaar
n,3921076911,24.8104446,92.7995201,amenity,place_of_worship,Catholic Church
n,3921082778,24.8221293,92.7952144,amenity,place_of_worship,Presbyterian Church
n,3921090342,24.8056687,92.800414,amenity,police,Rangirkhari Police Outpost
n,3921090343,24.7790861,92.7939251,amenity,police,Ghungoor Police Outpost
n,3921091034,24.8397832,92.8074628,amenity,police,Malugram Police Outpost
n,3921097957,24.8315775,92.7993703,amenity,college,Cachar College
n,3921099864,24.8232838,92.7914293,amenity,school,Collegiate School
n,3933174897,25.8897459,90.0181091,public_transport,station,Soleartek Ghat
n,3976345861,26.1027204,89.7591628,amenity,place_of_worship,Shonahat mosque
n,4083007976,26.6344732,93.5981007,shop,gift,The Eco Hub
n,4089785019,26.7539141,94.2126402,shop,shoes,Reliance Footprint
n,4089848038,26.7157686,94.2127683,amenity,police,Baghchung Police station
n,4101022013,26.5065006,94.4121324,amenity,school,Govt Primary School
n,4101022014,26.5068894,94.4130927,amenity,hospital,Govt Dispensary
n,4101026517,26.5054156,94.4108986,amenity,place_of_worship,Baptist Church
n,4117423764,24.5497017,92.4282504,railway,station,Anipur
n,4192839853,27.2884794,95.672583,amenity,fuel,
n,4192839854,27.2892845,95.6729223,railway,station,Margherita
n,4193265175,27.3569512,96.013021,amenity,police,
n,4193266101,27.3551927,96.0138803,amenity,marketplace,New Market
n,4194568183,27.4812688,95.9312859,amenity,place_of_worship,
n,4196339701,27.3287735,95.6905014,amenity,place_of_worship,Dibong Buddhist Temple
n,4196339703,27.293615,95.6591061,amenity,marketplace,Segunbari Tiniali
n,4196339704,27.2851137,95.5737394,amenity,place_of_worship,Pawaimukh Buddhist Temple
n,4196342891,27.3667487,95.7966827,amenity,place_of_worship,Kumchai Kong Temple
n,4196638621,24.8104405,93.9354119,shop,supermarket,
n,4262131396,24.7841267,93.9165618,amenity,school,Little Flower School
n,4264716321,24.7518835,92.59482,railway,station,Algapur
n,4295600694,26.618283,92.819609,amenity,place_of_worship,Bharabi Temple
n,4304606306,26.1735096,91.7321194,amenity,bank,State Bank of India
n,4304606307,26.1713767,91.7257577,amenity,fuel,Indian Oil
n,4304606308,26.1581231,91.6817067,amenity,fuel,HP
n,4304805004,26.1384696,91.6095382,amenity,fuel,
n,4304805009,26.1389271,91.6136366,amenity,fuel,
n,4324640966,27.1638447,95.2771766,railway,station,Borhat
n,4334992593,27.4797097,95.3340578,railway,station,New Tinsukia Junction
n,4376821290,26.178892,91.8300415,shop,supermarket,D K Associates
n,4377691089,26.1785284,91.8297918,shop,department_store,Rajlaxmi  Store
n,4406966490,26.3645816,90.9312227,shop,supermarket,garaimari
n,4406999489,26.3996748,90.9423545,shop,supermarket,khandakar para bazar
n,4407020393,26.5004873,90.9681296,amenity,bus_station,Barpeta Road bus station
n,4407020592,26.4209918,91.0119153,shop,supermarket,kaljhar
n,4409804494,26.3304634,90.9224613,shop,supermarket,jania
n,4476175189,26.4018673,90.9637486,shop,supermarket,Bogaijan para
n,4483802845,27.600528,93.8351808,amenity,school,"Government Secondary School, Lempia"
n,4483805863,27.6091037,93.8315973,amenity,school,Ziro Valley School
n,4483825729,27.601783,93.8248489,amenity,school,Himalayan Heritage School
n,4483839017,27.5951321,93.8461564,amenity,school,Laji Byoga School
n,4483839587,27.5993347,93.8575182,amenity,college,"Saint Claret College, Salalya"
n,4483878818,27.538319,93.8149348,amenity,bank,State Bank of India (SBI)
n,4483884014,27.5942488,93.8264146,amenity,hospital,Community Health Center
n,4483892640,27.5808771,93.8412356,amenity,school,"Government Middle School, Hari"
n,4483892713,27.5804111,93.8279855,amenity,school,"Government Middle School, Duta"
n,4483893557,27.5830405,93.8256574,amenity,school,"Government Higher Secondary School, Hija"
n,4483895321,27.5410865,93.8131744,amenity,school,"Government Secondary School, Hapoli"
n,4512994340,26.3252334,94.5264462,amenity,place_of_worship,Mokokchung Compound Baptist Church
n,4544316572,27.0874055,93.6112614,amenity,place_of_worship,"Hanuman Mandir, Ganga market"
n,4544341217,27.0882222,93.6130585,amenity,bank,"State Bank of India, Ganga"
n,4544430044,27.0816216,93.6034293,amenity,hospital,NE Homeopathic College and Hospital
n,4544438568,27.0863786,93.6016698,amenity,place_of_worship,"Baptist Church, Chandranagar"
n,4555353589,26.1670865,91.7652917,amenity,bank,Bank of Baroda
n,4566446598,25.5735853,91.8768251,amenity,bus_station,Dawki - Guwahati bus stand
n,4570916154,26.0158012,89.9922107,public_transport,station,Dhubri
n,4571284543,25.5261052,90.8707044,amenity,fuel,
n,4571284736,25.5268649,90.8654097,amenity,fuel,
n,4571328544,25.5343825,91.2476882,amenity,fast_food,
n,4571940353,26.5837221,93.403791,shop,ticket,Kaziranga ticket office
n,4572383890,24.8163756,92.7984662,shop,bicycle,
n,4572426192,24.8223668,92.79304,shop,car_repair,Vedika
n,4572890190,24.7917463,93.0189545,shop,computer,Silchar road Fulertal
n,4573850727,26.1116654,91.7955937,shop,motorcycle_repair,Bajaj service
n,4575842289,26.5039894,91.1605175,amenity,fuel,Indian Oil
n,4575901564,26.4985174,91.3678543,amenity,place_of_worship,Beno Nomaya
n,4575910333,26.4344986,90.9683006,amenity,restaurant,Dhaba
n,4583125110,25.2678496,91.382029,amenity,place_of_worship,Mawpud Presbyterian Church
n,4612200291,26.4552176,91.7938825,amenity,bus_station,Barbari
n,4612201889,26.4516961,91.7878252,amenity,police,Burha Police Outpost
n,4622072596,24.9957002,90.7042152,public_transport,station,
n,4622072600,24.9945119,90.7040065,public_transport,station,
n,4633620396,27.5999385,93.8257835,amenity,bus_station,Sululya Bus Station
n,4634054090,26.7604739,94.2152849,shop,shoes,Citywalk shoes
n,4637811189,26.3931871,90.2667295,shop,confectionery,
n,4640111959,27.7635417,95.565662,public_transport,station,Saikhoa Ghat
n,4672136360,26.1090489,91.7190636,amenity,hospital,Peerless Hospital
n,4681537489,26.7556839,94.2163512,amenity,cafe,Kai and chai
n,4689339043,26.1548233,91.6660347,amenity,hospital,GU Hospital
n,4696519591,24.7950773,93.9362672,amenity,cafe,Green bakery
n,4696542890,24.8029385,93.9337247,amenity,restaurant,Luzmi kitchen
n,4696544189,24.8080129,93.9291917,amenity,cafe,Kahva
n,4711059931,26.7941867,91.5042865,amenity,place_of_worship,Mani DungKhor
n,4715488477,26.1853485,91.7010565,amenity,fast_food,Deka
n,4715488478,26.1923003,91.6992861,amenity,restaurant,Manikanta Restraunt
n,4715488479,26.1925652,91.6993755,amenity,restaurant,Foodie's World
n,4715488480,26.1895236,91.6926804,amenity,cafe,Cafe Coffee Day
n,4715488481,26.1890279,91.691529,amenity,fast_food,Lecture hall canteen
n,4721645825,26.1247401,91.7886107,amenity,place_of_worship,KAILASH NAGAR sHIV MANDIR
n,4723507344,26.1333574,91.7852979,amenity,school,Hatigaon High School
n,4724765528,27.5928149,94.7179231,railway,station,Silapathar
n,4726877247,27.4869352,95.2804372,amenity,fuel,
n,4729610919,26.8614488,94.2420248,public_transport,station,Nimati Ghat River Port
n,4738896144,27.4950278,95.2565607,railway,station,Panitola
n,4740596718,27.5779056,95.3249466,public_transport,station,Guijan
n,4740750129,27.5521354,95.5348478,amenity,fuel,
n,4740750236,27.538728,95.5056087,amenity,fuel,
n,4741358880,26.625181,92.7969405,shop,supermarket,Delight
n,4741597135,26.6255532,92.7966871,amenity,fast_food,Foodzone
n,4743832371,27.6731524,95.5632056,railway,station,Talap
n,4744868421,26.1860594,91.7520694,amenity,cafe,11 avenue
n,4751283163,27.2911125,95.7386007,railway,station,Ledo
n,4769494222,26.583824,93.4031534,shop,ticket,Kaziranga Jeep Safari Booking Counter
n,4769552321,26.5830767,93.4030541,shop,ticket,Elephant Safari Ticket Office
n,4809511022,26.5518625,90.1368047,amenity,fuel,Indian Oil
n,4823403169,25.2290278,91.557135,amenity,restaurant,Traveller's Nest Lodge and Campsite
n,4826311812,27.0901243,93.6172148,amenity,place_of_worship,St. Mary's Catholic Church
n,4845128118,25.5697181,91.8585015,shop,supermarket,Bapaka
n,4845137645,25.5675543,91.8571477,amenity,bank,State Bank of India
n,4853098021,26.1595359,91.6957721,shop,jewelry,New Radharani Jewellery
n,4869717739,25.7556131,91.8856792,amenity,hospital,Bethany Hospital Outreach OPD Services
n,4869719251,25.7486812,91.8871758,amenity,school,Nehru Memorial Secondary School
n,4871328657,25.5702475,91.8576621,amenity,bank,Punjab National Bank
n,4871342884,25.5667745,91.8623533,shop,supermarket,101 Army Canteen
n,4871847087,25.9085753,91.8810125,amenity,place_of_worship,Nongpoh Parish
n,4871891718,25.909543,91.8768375,amenity,hospital,Nongpoh Civil Hospital
n,4871899047,25.9180372,91.877252,amenity,fuel,Petrol Pump
n,4871901162,25.9232401,91.8761088,amenity,restaurant,JIVA Veg restaurant
n,4874614954,24.2682552,91.7309132,amenity,marketplace,Kalighat Tea Garden Bazar
n,4885324846,27.8176853,95.64421,public_transport,station,Sadiya Ghat
n,4885324898,27.8898414,95.6135724,public_transport,station,
n,4885600974,24.8225002,92.2884241,railway,station,Maishashan
n,4885601110,24.5586826,92.2997333,railway,station,Chandkhira Bagn
n,4893695814,24.3957869,92.0273334,amenity,marketplace,Muraichhara Bazar
n,4905254763,25.2109717,91.7412136,amenity,place_of_worship,Mahadeva Temple
n,4905329371,26.1360989,91.8018705,amenity,fuel,Indian Oil
n,4905334117,26.1166579,91.8314579,amenity,police,Khanapara Police Station
n,4905431922,26.1058944,91.8547073,amenity,fuel,Indian Oil
n,4905437995,26.1105477,91.8402395,amenity,fuel,Indian Oil
n,4905465859,25.2719271,91.6902865,amenity,restaurant,Rikhasi Dhabha
n,4905465860,25.2718785,91.6902289,amenity,restaurant,Bansiewar Dhabha
n,4905897534,25.2077851,91.8997553,shop,tea,
n,4905897537,25.20786,91.8919753,shop,tea,
n,4905938626,25.2026356,91.915226,amenity,school,
n,4905938637,25.2012238,91.9166187,amenity,restaurant,
n,4905938653,25.2029742,91.9149511,amenity,place_of_worship,Church of the Epiphany
n,4916035273,26.5077609,90.5256664,amenity,place_of_worship,Bongaigaon Refinery Naamghor
n,4918718257,26.4788231,90.5547693,shop,supermarket,Reliance Xpress Mini
n,4920050258,26.1266082,91.7868419,amenity,police,hatigaon police station
n,4920054783,26.1310276,91.7858925,amenity,hospital,Hm Hospital and Research Centre Pvt.Ltd
n,4920057636,26.1315074,91.7857381,amenity,school,sijubari primary school
n,4920261438,26.4994547,90.5231301,amenity,place_of_worship,Laxmi Mandir
n,4920266327,26.5220631,90.501724,amenity,place_of_worship,Northern Evangelical Lutheran Church
n,4920295415,26.4993616,90.5449387,amenity,place_of_worship,Gwjwnpuri Baptist Church
n,4920328639,26.4802873,90.5553955,amenity,place_of_worship,Bongaigaon Masjid
n,4925658873,26.1366939,91.8020688,amenity,bank,HDFC Bank
n,4926289688,26.5106495,90.5267875,amenity,place_of_worship,Kali Mandir
n,4941946321,25.832514,93.709445,shop,confectionery,Ruma's Home Nagaland
n,5002659821,26.1726048,91.7818384,amenity,bank,State Bank of India
n,5013273225,26.1727789,91.7860118,shop,department_store,ODC
n,5013279721,26.1725014,91.7900715,amenity,school,Faculty High School
n,5025639061,25.0594075,94.0259444,amenity,police,Saikul Police Station
n,5025642447,25.0590605,94.0280937,shop,department_store,Nemneichong Haokip's Store
n,5025644721,25.0592016,94.0293245,amenity,place_of_worship,"KBC Centre Church, Haokip Veng"
n,5025646961,24.9925978,93.9956219,amenity,place_of_worship,Khokon Baptist Church
n,5025650757,24.9612467,94.0224994,amenity,hospital,"Community Health Centre, Sagolmang"
n,5056336809,25.282585,91.5734804,amenity,cafe,Best Teashop in Meghalaya
n,5064206603,27.0983738,93.6251945,amenity,fuel,
n,5074262121,26.3933509,94.5331556,amenity,hospital,Community Health Centre
n,5074262122,26.3935159,94.5328876,amenity,school,LP School
n,5103430914,25.1973302,91.2209883,amenity,marketplace,Rajai
n,5103430917,25.1975151,91.1834448,amenity,marketplace,Joy Bangla Bazar
n,5158240929,25.1347854,92.1229102,shop,mall,A K Complex
n,5158243599,25.1353466,92.1214831,amenity,place_of_worship,Dorjihati Jame Mosjid
n,5158255558,25.1832719,92.0319385,amenity,police,Tamabil Immigration Office
n,5187591933,27.6668923,95.859798,amenity,fast_food,Hopak restaurant
n,5187895521,26.7436284,92.094946,shop,bakery,Town bakery Udalguri
n,5205847123,26.1844157,91.7668132,amenity,restaurant,Paradise
n,5237482421,26.1790168,91.7758731,amenity,cafe,Cafe Coffee Day
n,5245535921,26.1489561,91.7865964,amenity,restaurant,Gam’s Deliciacy
n,5263461424,25.2856865,91.719948,shop,alcohol,Sohra Wine Shop
n,5265226721,26.914931,94.1553855,public_transport,station,Kamalabari ghat
n,5265310224,26.9561607,94.1728267,amenity,place_of_worship,Sri sri uttar kamalabari satra
n,5265400121,26.9476959,94.1659316,amenity,fuel,Assam oil
n,5265474921,26.9463944,94.166128,amenity,restaurant,Hotel Monalisha
n,5265475221,26.9372345,94.1566312,amenity,place_of_worship,Natun Kamalabari satra
n,5265565023,26.9764157,94.1580672,amenity,fuel,Indian oil
n,5267440323,26.9493795,94.198971,amenity,place_of_worship,Sri bengenaati satra
n,5267520621,26.9612128,94.2639752,amenity,place_of_worship,Sri Natun Chamaguri satra (mask making)
n,5269826123,24.8160794,93.9434382,amenity,hospital,Raj Medicity
n,5273127724,26.3260455,94.5115675,amenity,school,Teachers Colony School
n,5274568900,26.1625044,91.691799,amenity,place_of_worship,Rest Camp Kalibari Kali Temple
n,5283289823,24.7987581,93.9343991,amenity,bus_station,Bus to Churachandpur
n,5283500422,24.3414536,93.6973282,amenity,bus_station,
n,5294974221,25.666482,94.1023167,amenity,restaurant,Yaotzu Veggie Table
n,5301581824,24.336678,91.991963,amenity,place_of_worship,চাঁন পুর জামে মসজিদ
n,5302057025,27.5948593,91.8726057,amenity,bus_station,Apsts Bus Stand
n,5304370696,27.600011,91.8535051,public_transport,station,Cable car
n,5304778321,27.5930695,91.8728536,amenity,restaurant,Maa Durga Restaurant
n,5309554125,27.5769241,91.9870197,amenity,fuel,Assam Oil
n,5309825722,27.4055626,92.1339919,amenity,fast_food,
n,5311801433,27.4224443,92.3013584,amenity,school,Ramakrishna sarada mission girls school
n,5314360022,27.2639132,92.4228934,amenity,bus_station,"Network Bus, Sumo Stand"
n,5314362121,27.2646281,92.422748,shop,ticket,APSTS Bus Ticket Booking Counter
n,5314410780,27.2686868,92.4191379,amenity,place_of_worship,Stupa
n,5314411121,27.2689084,92.4188653,amenity,school,Shanti deva vidyalaya
n,5315126846,24.5003289,93.7755451,amenity,bus_station,Vans towards Imphal
n,5315126862,24.5147342,93.7937613,amenity,cafe,
n,5323615700,26.6652506,91.3399458,amenity,cafe,Anjalee Sweet House
n,5330877722,25.6518769,94.0985369,shop,hairdresser,New Glamour Men Parlour
n,5342318447,27.6794319,95.8986328,amenity,place_of_worship,
n,5342570787,27.8078467,96.0369011,amenity,place_of_worship,Chongkham Buddha Vihara
n,5342611426,27.806574,96.0357064,amenity,place_of_worship,World Peace Pagoda
n,5343184869,27.7725298,95.9748656,amenity,place_of_worship,Golden Pagoda
n,5351785122,25.7087127,91.9228448,amenity,place_of_worship,Lum Sohpet Bneng
n,5371424652,25.2567819,91.7417621,amenity,college,NIT Meghalaya
n,5372687424,25.9122383,93.7037563,amenity,fast_food,Lunch Stop
n,5372689821,25.8259352,93.778769,amenity,fast_food,potbelly’s?!
n,5408807835,27.5970482,91.8904424,amenity,place_of_worship,
n,5409223611,27.5720578,91.8684345,amenity,place_of_worship,
n,5409224928,27.5979705,91.8803113,amenity,place_of_worship,
n,5409290448,27.5923017,91.8754039,amenity,place_of_worship,Nehru Memorial Gompa
n,5443280762,26.1451839,91.7863337,amenity,place_of_worship,Ganesh Mandir
n,5454558722,25.6290667,92.037164,amenity,bank,
n,5459147923,27.4981589,95.343233,amenity,fuel,Borguri Petrol Pump
n,5459152641,27.4983391,95.3418321,amenity,school,Bator Pukhuri L.P School
n,5459478931,26.94627,94.16849,amenity,restaurant,Pulu restaurant
n,5464021858,27.5027858,95.3282384,amenity,police,Office of the Superintendent of Police
n,5464274217,27.4908866,95.3522895,amenity,place_of_worship,
n,5469297021,24.2417268,94.306134,amenity,place_of_worship,
n,5475458573,27.4976109,95.3437701,shop,car,TATA Motors
n,5483486913,27.5999049,95.552975,amenity,place_of_worship,Rupai Sitala Mandir
n,5486219521,25.9707878,93.435795,shop,bakery,Bakery
n,5508980278,25.5661662,91.894522,amenity,cafe,Dylan’s Cafe
n,5509059327,25.5700007,91.8937153,amenity,restaurant,Jadoh
n,5525833823,25.2510413,91.6718306,shop,ticket,"Entry to Double Decker, Mawsaw Bridge and Rainbow Falls"
n,5525834221,25.2440952,91.7240799,amenity,restaurant,Victual Restaurant
n,5525834321,25.2508309,91.6735845,amenity,cafe,Wahlang Tea Stall
n,5525834323,25.2669015,91.677054,amenity,fast_food,
n,5525834324,25.2484109,91.6787289,shop,ticket,Entry to Long Root Bridge
n,5540450723,25.2081342,92.0073622,amenity,restaurant,5 Brothers & 1 Sister Restaurant
n,5540465621,25.20747,92.007585,amenity,restaurant,Yalam's shop
n,5547526721,25.5765852,91.8816794,amenity,restaurant,Qzine Restaurant
n,5547526821,25.575627,91.881844,amenity,restaurant,Hong Kong Restaurant
n,5549380230,25.285114,91.721521,amenity,restaurant,Dhaba
n,5549380361,25.285022,91.721451,amenity,restaurant,Hungry Care Restaurant
n,5549380362,25.2850303,91.7215246,amenity,bus_station,Sumo to Shillong
n,5549380535,25.2703774,91.7325825,amenity,bus_station,Sumo station
n,5550114021,26.9471159,94.16573,shop,travel_agency,Kalamabari to Guwahati bus
n,5550115021,26.946943,94.1658187,amenity,restaurant,Hotel Janata
n,5550115022,26.9466648,94.165903,shop,beverages,Tea stall
n,5550115321,26.9466002,94.1657186,shop,beverages,Tea stall
n,5554283722,26.9418863,94.2226783,amenity,restaurant,Hotel Niroda
n,5593697124,26.7351852,92.1051031,amenity,college,Udalguri College
n,5593697125,26.7366541,92.0957954,amenity,school,Sacred Heart High School
n,5596192825,26.7485871,92.1092718,amenity,school,Diamond English School
n,5596194222,26.7478202,92.0974002,amenity,hospital,Udalguri PHC
n,5596194223,26.7490438,92.0978302,amenity,police,Udalguri Police Station
n,5616623423,27.5568433,93.8381487,shop,alcohol,Hong Kiwi Winery
n,5623038881,26.2060025,91.7919838,public_transport,station,
n,5623038905,26.2349023,91.8229868,public_transport,station,Kurua
n,5642267075,25.6057923,89.8749192,amenity,clinic,কমিউনিটি ক্লিনিক
n,5642267078,25.6092397,89.8761088,amenity,place_of_worship,মদজিদ
n,5642267079,25.6127383,89.8765889,amenity,school,Natun Shoulmari Govt Primary School( নতুন শৌলমারী সরকারি প্রাথমিক বিদ্যালয় )
n,5643510694,25.6161213,89.8806109,amenity,place_of_worship,
n,5643510697,25.5798958,89.8740301,amenity,place_of_worship,
n,5643510700,25.5853467,89.8704148,amenity,school,Shahidur Rahman Govt Primary School
n,5643510704,25.5748369,89.8701113,amenity,school,Behularchar Govt Primary School
n,5644408591,25.6303496,89.872182,amenity,clinic,Char Boalmari Community Clinic ( চর বোয়ালমারি কমিউনিটি ক্লিনিক )
n,5644408596,25.634353,89.8766237,amenity,place_of_worship,Char Boalmari Jame Mosque ( চর বোয়ালমারি জামে মসজিদ )
n,5645299364,25.5477292,89.8633126,amenity,marketplace,agriculture development organization agricultural product market
n,5645299365,25.5460364,89.8578362,amenity,place_of_worship,eid gah
n,5646133178,25.6489931,89.8677376,amenity,place_of_worship,Jame mosjid
n,5646133180,25.6506639,89.8682606,amenity,school,Primary school
n,5646133343,25.6527263,89.8696339,amenity,place_of_worship,Jame mosjid
n,5647749125,26.159911,91.7741412,amenity,bus_station,Stop-2  (NBS)
n,5650760021,26.1194679,91.823815,amenity,bus_station,Khanapara South (NBS)
n,5653173955,25.5151556,89.8469381,amenity,marketplace,Anando Bazar
n,5654243429,25.50896,89.8573377,amenity,school,Shibla Kandi Private Primary School
n,5749944523,25.0924066,92.8044064,railway,station,Ditokcherra
n,5760548342,26.809858,92.4516665,railway,station,Dhekiajuli Road
n,5775285558,27.2009813,94.0312314,railway,station,Silanibari
n,5781710892,26.980337,93.819799,railway,station,Tatibahar
n,5781711576,26.9196497,93.7202292,railway,station,Dubia
n,5782201450,26.8459516,93.3022942,railway,station,Nizbargang
n,5790093565,25.1935539,91.1854023,amenity,school,Madrasha
n,5790093566,25.194316,91.1855417,amenity,school,Sujon Pond Madrasha
n,5790093567,25.1890467,91.1878565,amenity,school,Koukandi High School
n,5790093568,25.1886869,91.1879792,amenity,school,Jameya Islameya Koukandi Bazar Madrasha
n,5790093569,25.1854958,91.1867944,amenity,place_of_worship,Koukandi Bazar Jami Mosque
n,5790093570,25.1849193,91.1866495,amenity,school,Koukandi Chaturvuz Gov Primary school
n,5790093571,25.1842967,91.1784137,amenity,place_of_worship,Chaturvuz Gram ar Jami Moszid
n,5810554280,26.4444951,89.9120423,amenity,fuel,
n,5812887388,26.4295596,89.9769569,railway,station,Gossaigaon Hat
n,5817680219,26.4501194,90.2920309,amenity,fuel,
n,5819395517,27.2908837,95.9052501,amenity,place_of_worship,
n,5821326913,26.45838,90.967277,amenity,fuel,
n,5821326914,26.4709812,90.9669256,amenity,fuel,
n,5821326915,26.4737663,90.9681648,amenity,fuel,
n,5821327357,26.4986937,90.7983885,railway,station,Patiladaha
n,5821328281,26.4896043,90.6180641,amenity,fuel,
n,5821435704,26.1214769,91.9216418,amenity,fuel,
n,5834920246,26.7077164,94.3939506,railway,station,Nakachari
n,5843462204,27.7500133,95.0526353,amenity,hospital,Boikunthapur Health Sub-Centre
n,5843503271,27.7513277,95.0743345,amenity,police,Laimekuri Police Outpost
n,5864925491,25.5822504,91.8690067,amenity,fast_food,Dukan Thoh Tim
n,5864949388,25.5808522,91.8692547,amenity,school,Persara School
n,5864949390,25.5812908,91.8693279,amenity,bank,Meghalaya Rural Bank
n,5864949391,25.5821604,91.8690174,shop,confectionery,Mawphlang Enterprise
n,5864949392,25.5823863,91.8693343,amenity,school,Mawprem Modern HS School
n,5864949985,25.5813427,91.8691837,shop,department_store,JD Complex
n,5864950785,25.582017,91.869174,shop,convenience,Dukan Makyllain
n,5864950885,25.5835598,91.8693191,amenity,fast_food,PFC
n,5870869753,25.6248345,89.874537,amenity,place_of_worship,Char Boalmari Jame Mosque
n,5875387789,26.1141264,91.7257312,amenity,restaurant,delicacy restaurant
n,5899782348,24.7901457,93.9416063,shop,supermarket,Lee Kosto
n,5899782349,24.7903903,93.941709,shop,supermarket,Kwik & Easy
n,5900028290,25.1361889,91.561743,amenity,school,Kathalbari Primary School
n,5912359888,26.1753363,91.815905,shop,electronics,Rajlakshmi Store
n,5936975803,26.1150271,91.7928721,amenity,college,Beltola College
n,5957320354,26.1693058,91.7635338,amenity,bank,Allahabad Bank Zonal Office
n,5957320355,26.1699125,91.7634158,amenity,cafe,Repose Bakery
n,5968122396,26.1659702,91.7099728,amenity,place_of_worship,Maa Bagala
n,5968122397,26.1813301,91.7365886,amenity,restaurant,Saatvik
n,5975619699,25.1884327,91.1877277,shop,supermarket,Koukandi Bazar
n,6031325833,26.7557004,94.2110899,shop,furniture,M/s TEKNIKAR
n,6063750985,25.5779634,91.8767551,shop,convenience,Bara bazaar
n,6076278885,25.5715414,91.8971889,amenity,restaurant,Dejavu
n,6076278886,25.5648376,91.9009504,amenity,restaurant,The City Wok
n,6093113263,26.1257437,91.6187995,amenity,fuel,
n,6093113267,26.5086674,92.1123309,amenity,restaurant,Maa Kali Hotel
n,6093113268,26.7035826,92.4764167,amenity,fuel,
n,6093121388,26.6551777,92.7728815,amenity,fast_food,Domino's
n,6093122433,26.2171963,91.6963651,amenity,fuel,
n,6093122434,26.2194382,91.6979354,amenity,bank,
n,6093122435,26.2275713,91.6966656,amenity,fuel,
n,6093122436,26.3186171,91.7151993,amenity,fuel,
n,6093122438,26.3471848,91.7553079,amenity,fuel,
n,6093124027,26.3441356,91.7264299,amenity,fuel,
n,6093124029,26.7099325,92.2038026,amenity,fuel,
n,6093124030,26.6230379,92.7905176,shop,alcohol,PG & Associates (Tezpur Wine)
n,6093126704,26.0986418,91.6112114,amenity,fuel,Indian Oil
n,6093126710,26.208197,91.6800645,amenity,fuel,
n,6093126711,26.2090709,91.6858281,amenity,bank,
n,6093126712,26.2521637,91.6918153,amenity,fuel,
n,6093126713,26.2876425,91.7118479,amenity,fuel,
n,6093126714,26.3463682,91.7467346,amenity,fuel,
n,6093126715,26.5086784,92.1121941,shop,shoes,
n,6093126716,26.5086562,92.1124771,shop,convenience,Bhai Bhai Store
n,6093126717,26.5147824,92.1425244,shop,electronics,MH Electronics
n,6093126726,26.7020359,92.4360696,amenity,fuel,
n,6093126727,26.704847,92.5295109,amenity,fuel,
n,6093126728,26.6753074,92.7067364,shop,car,Sundaram Mahadeo Auto World
n,6093126730,26.6554547,92.7717612,amenity,restaurant,Hotel Susuma
n,6093126731,26.6511503,92.7753873,amenity,fuel,
n,6093126732,26.6313381,92.7872762,amenity,bank,
n,6093127314,26.1374246,91.6332054,amenity,fuel,
n,6093127315,26.2075432,91.6776942,amenity,hospital,
n,6093127317,26.3426189,91.7257474,amenity,bank,
n,6093127318,26.6968871,92.1971248,amenity,fuel,
n,6093127319,26.7008063,92.2325715,amenity,fuel,
n,6093127320,26.6207743,92.7931936,amenity,bank,
n,6093128186,26.6557003,92.7711164,shop,car,
n,6093128232,26.6279596,92.7899708,shop,car,Rajdhani Tractors and Agencies
n,6093128585,26.6389941,92.7823228,amenity,fuel,
n,6094600871,26.6265206,92.7902954,shop,florist,Ferns and Petals
n,6094600872,26.6273389,92.7906124,shop,stationery,Central Book Stall
n,6094600874,26.6276543,92.7996974,amenity,school,Tezpur Bengali Boys' Higher Secondary School
n,6095916596,26.1424488,91.7645922,amenity,fuel,Petrol pump
n,6096300648,26.6277119,92.7965838,amenity,fuel,
n,6096304550,26.6274815,92.7962531,amenity,bank,
n,6096308946,26.6266888,92.7901929,shop,supermarket,Vishal Mega Mart
n,6096311633,26.6264562,92.7999232,shop,convenience,Subarna Multipurpose
n,6096311634,26.6268168,92.8005315,shop,furniture,Mayur Trade and Furniture
n,6096312718,26.6264849,92.8001205,shop,convenience,Afsa Enterprise
n,6096312719,26.6267092,92.8002614,shop,hardware,Maa Bina Hardware
n,6096312811,26.6266584,92.7881798,amenity,college,Lokpriya Gopinath Bardoloi Girls' College
n,6096312812,26.6264647,92.7999737,shop,interior_decoration,Usha Decorators
n,6096312814,26.6269463,92.8005202,shop,electronics,JK Electronics
n,6096312816,26.6264659,92.7980273,amenity,bank,
n,6096313420,26.6265009,92.800353,shop,confectionery,Maha Maya Sweets
n,6096313803,26.6264795,92.8000695,shop,electrical,Asha Trading
n,6096314364,26.625977,92.7896221,shop,clothes,Pantaloons
n,6098791676,26.6274709,92.7896187,shop,tea,Prem Tea Stall
n,6098791677,26.6296343,92.7890435,shop,furniture,
n,6098791678,26.6290772,92.7894309,shop,furniture,City Furnishing
n,6098801920,26.6892046,92.6223845,amenity,restaurant,Nath Hotel
n,6098801921,26.6894544,92.6167492,amenity,restaurant,Hotel Brahmaputra
n,6098801922,26.6943593,92.5865443,amenity,fuel,
n,6098806120,26.6251288,92.7900655,shop,pet,The Pet Shop
n,6098806550,26.656779,92.7652403,shop,motorcycle,
n,6098806645,26.6201269,92.7943493,amenity,school,Tezpur Government Higher Secondary School
n,6098806648,26.6464084,92.7757358,amenity,college,Assam Valley Academy
n,6098806649,26.6485336,92.7750833,shop,motorcycle,SK Bajaj
n,6098806650,26.6523508,92.7729652,amenity,hospital,Baptist Christian Hospital
n,6098806651,26.6534053,92.7722549,amenity,school,Emanuel Christian School
n,6098806654,26.6563711,92.7686855,shop,electronics,
n,6098807103,26.6406712,92.7803718,shop,scooter,CG Automobiles
n,6098807132,26.6743592,92.6893639,amenity,school,
n,6098807137,26.6780958,92.6639701,amenity,doctors,Medistation Diagonstic
n,6098807145,26.7074924,92.5090157,amenity,school,Saint Ursula High School
n,6098807146,26.7061475,92.4999379,amenity,fuel,
n,6098807324,26.6787018,92.7131675,amenity,school,
n,6098807325,26.6760964,92.710863,amenity,school,
n,6098807379,26.7035411,92.4814856,amenity,bank,
n,6098807380,26.5166462,92.1473749,shop,hardware,
n,6098807513,26.7037204,92.4791599,shop,mobile_phone,Gopal Communication
n,6098807822,26.7034872,92.4756318,amenity,bank,
n,6098807831,26.6988488,92.4090018,amenity,fuel,
n,6098807832,26.6981158,92.3775022,amenity,school,Don Bosco
n,6098807833,26.5400172,92.169515,amenity,restaurant,Park Hotel
n,6098807834,26.518897,92.1502103,amenity,school,
n,6098807849,26.4130284,91.9573262,amenity,fuel,
n,6100958077,25.5928082,91.898164,amenity,school,Meghalaya Police Public School
n,6100971847,25.5953865,91.8988423,shop,mall,7 Rishot
n,6100994346,25.5956659,91.8964456,shop,pastry,Whisk Me Away
n,6100999424,25.5955443,91.8951368,amenity,place_of_worship,Mawroh Presbyterian Church
n,6101018680,25.5949153,91.8947144,amenity,cafe,Open Up Cafe
n,6101020944,25.5886279,91.8963369,shop,bakery,James & Son Bakery
n,6104810085,25.1830615,92.0323837,amenity,police,
n,6110416389,26.6252183,92.7969558,amenity,clinic,Assam X-ray Clinic and Laboratory
n,6124434585,25.5677819,91.8446664,amenity,school,Eva Spring School of Knowledge
n,6124504988,26.6025309,94.2012161,railway,station,Titabar
n,6132273487,26.1428801,91.7548577,amenity,police,4th APBn
n,6132425491,26.1625527,91.7805651,amenity,fuel,Indian Oil
n,6132448786,26.1622716,91.7807101,amenity,college,S.K. Hazarika College
n,6132668193,26.1321262,91.7629084,amenity,place_of_worship,
n,6132668194,26.1356507,91.7633866,amenity,school,TAB Mamorial Jatiya Vidyalaya
n,6132668196,26.1356764,91.7622007,amenity,marketplace,Dakhingaon Tiniali
n,6147777185,26.1270411,91.7488645,amenity,school,Don Bosco School
n,6148371633,26.1911942,89.901896,railway,station,Basbari
n,6148372178,26.1385693,89.8704977,railway,station,Moterjhar
n,6152370604,27.4203144,94.7391629,public_transport,station,
n,6152370612,27.3869867,94.7724706,public_transport,station,
n,6152585721,24.9528855,92.644809,railway,station,Bihara
n,6152585759,25.0112027,92.7437023,railway,station,Damchara
n,6152585857,25.0584956,92.8012197,railway,station,Bandarkhal
n,6152586017,24.757964,93.1797527,railway,station,Vangaichungpao
n,6152586128,24.1959036,92.1090201,railway,station,Pencharthal
n,6153569109,25.1126333,92.868281,railway,station,New Harangajao
n,6153569125,25.1109302,92.9496194,railway,station,Jatinga Lampur
n,6153569502,25.1856262,93.1050391,railway,station,Mahur
n,6153569545,25.1751762,93.0658254,railway,station,Migrendisa
n,6154014204,25.3048267,93.1358671,railway,station,Maibang
n,6154014518,24.9005164,92.5771557,railway,station,Sukritipur
n,6156178612,26.1338779,91.7666261,amenity,police,Bhagaduttapur Police station
n,6156191732,26.186963,91.7401153,public_transport,station,Sukleshwar Ghat
n,6158348537,26.1442737,91.7869821,amenity,place_of_worship,Shree Hanuman Ji Temple
n,6158348538,26.1434639,91.7859494,amenity,college,Province College
n,6160791430,26.1353082,91.7846358,amenity,college,Ahkhom Commerce College
n,6162693187,24.2449579,94.3044052,amenity,bus_station,Bus Station to Imphal 130¥
n,6163687552,26.1401996,91.7625561,amenity,school,Jatiya Vidyalaya Kahilipara
n,6165158185,24.8160923,93.9435413,amenity,bus_station,Ticket counter bus for everywhere
n,6166426054,26.3343959,90.1096058,railway,station,Sapat Gram
n,6166426055,26.2872972,90.0323274,railway,station,Tipkai
n,6166426056,26.2506083,89.953748,railway,halt,Monglajhora Halt
n,6166426057,26.2779157,89.7659102,railway,station,Agomoni
n,6166426058,26.2114291,89.7822905,railway,station,Bidyadabri
n,6167435957,26.4028612,90.0845726,railway,station,Chautara
n,6167435958,26.4274307,89.9048996,railway,station,Srirampur Assam
n,6167498842,25.9851361,91.1413068,railway,station,Singra
n,6167498843,25.9810637,91.0479766,railway,station,Dhupdhara
n,6167498844,25.9882873,90.9559473,railway,station,Rangjuli
n,6167498845,25.9533226,90.7132852,railway,station,Nolbari
n,6167498846,26.4150746,90.5827019,railway,station,Majgaon Assam
n,6167541019,26.9202858,92.8046089,railway,halt,Gamani
n,6167541020,26.8633476,92.7917397,railway,halt,Charduar
n,6167541023,26.8124972,92.5953913,railway,halt,Misamari Halt
n,6167541024,26.8002592,92.5148097,railway,station,Belsiri Halt
n,6167541025,26.8060408,92.3592576,railway,halt,Hugrajuli Halt
n,6167541026,26.4856384,91.2221217,railway,halt,Nizsariha Halt
n,6167541027,26.5008122,91.0240781,railway,halt,Guagachha Halt
n,6167541028,26.198642,91.6860097,railway,station,Agthori
n,6167985523,27.7846919,95.1612005,railway,halt,Jonekarang
n,6167985524,27.7071205,94.849568,railway,halt,Dipa Halt
n,6167985525,27.6557446,94.7797716,railway,station,Archipathar
n,6167985526,27.567644,94.6838772,railway,halt,Sisiborgaon
n,6167985527,27.558656,94.6325719,railway,station,Sripani
n,6167985528,27.5393031,94.5947233,railway,halt,Moridhal
n,6167985529,27.4515231,94.5031393,railway,halt,Jiadhal
n,6167985530,27.4233618,94.4379455,railway,station,Bordoloni
n,6167985531,27.4541104,94.2439654,railway,halt,Subansiri
n,6167985532,27.3567888,94.1196048,railway,halt,Siajuli
n,6167985533,27.1293193,93.8986981,railway,halt,Tanijan Halt
n,6167985534,27.0466279,93.8326728,railway,halt,Tipling
n,6167985535,26.9371011,93.791781,railway,halt,Uttar Kathani
n,6167985536,26.8531444,93.5427904,railway,halt,Brahmajan
n,6167985537,26.8729733,93.4528023,railway,station,Helem
n,6167985538,26.8506126,93.3914977,railway,halt,Bedetti
n,6167985539,26.801406,93.2515776,railway,halt,Monabari
n,6168619914,26.1696981,91.7647678,amenity,college,S.B. Deorah College
n,6168634585,26.1693545,91.7620308,amenity,college,Swadeshi College of Commerce
n,6168636020,26.1595109,91.7686637,amenity,hospital,Gauhati Medical College and Hospital (GMCH)
n,6168642720,26.1569709,91.7761207,amenity,college,NEF College
n,6168644664,26.1509637,91.7843604,amenity,fuel,Petrol Pump
n,6168645127,26.1483918,91.7843166,amenity,college,Dispur College
n,6172161638,26.4515782,92.4475493,railway,halt,Dhing Halt
n,6172161639,26.4559115,92.4797639,railway,halt,Dhing Bazar
n,6172161640,26.4674,92.5418691,railway,halt,Batadrawa Road
n,6172161641,26.4681408,92.5696313,railway,halt,Balikotia
n,6172161642,26.4430697,92.615194,railway,halt,Dahgaon
n,6172161643,26.4400713,92.6537105,railway,halt,Juriagaon
n,6172161644,26.4297701,92.6947108,railway,halt,Tarabari
n,6172161645,26.2985369,92.6271299,railway,station,Bebejia
n,6172161646,26.267398,92.5867626,railway,station,Phulaguri
n,6172161647,26.1882989,92.3653087,railway,station,Dharamtul
n,6172161648,26.1448057,92.267003,railway,station,Aujari
n,6172161649,26.1163496,92.139464,railway,station,Barahu
n,6172161650,26.1272108,92.0833817,railway,station,Kamrup Khetri
n,6172161651,26.1535793,91.9787595,railway,station,Digaru
n,6172161652,26.1999813,91.9775417,railway,station,Panbari
n,6172161653,26.2116095,91.8752959,railway,station,Panikhaiti
n,6172161654,26.1818507,91.7942583,railway,station,New Guwahati
n,6181004810,26.154512,91.7700322,amenity,college,Guwahati Medical College
n,6191057961,25.2094477,91.9856608,amenity,cafe,
n,6191064614,25.2083096,92.006987,shop,kiosk,
n,6191064616,25.2074857,92.007726,shop,kiosk,
n,6191064617,25.2080693,92.0082906,shop,kiosk,
n,6191068844,25.1828477,92.0321448,amenity,restaurant,
n,6197603548,26.1602914,91.7701374,amenity,hospital,GMCH Dental College
n,6197607043,26.1600421,91.7711596,amenity,hospital,GMCH Postmortem Ward
n,6202698985,24.7952381,93.9408259,amenity,bus_station,Moreh shared taxi
n,6203746224,25.2075694,91.8999226,amenity,restaurant,
n,6203901267,25.2760801,91.6911878,shop,ticket,
n,6203901396,25.2417556,91.6793525,amenity,restaurant,
n,6203901435,25.2849361,91.7216362,amenity,restaurant,
n,6204111375,25.9461428,91.8699074,shop,gift,
n,6204111381,25.9464467,91.8699878,amenity,restaurant,
n,6204111800,25.5771922,91.8834016,shop,ticket,Helicopter Service
n,6204111801,25.5763805,91.8820471,amenity,restaurant,Trattoria
n,6205680429,26.160924,91.7094281,amenity,hospital,Sanjevani Hospital
n,6205680430,26.1603733,91.7073624,amenity,hospital,Swagat Super Speciality Surgical Institute
n,6205680431,26.1605884,91.7081708,amenity,school,Spring Dale Public School
n,6205680432,26.1610218,91.709909,amenity,fuel,Hindustan Petroleum
n,6205680434,26.1607618,91.7105707,amenity,school,Maligaon Girls High School
n,6205680435,26.1609672,91.711286,shop,interior_decoration,Akar Interiors
n,6205680436,26.1610603,91.7114255,shop,motorcycle,Luit UM
n,6205680437,26.1610796,91.71159,shop,car,G M AUTO
n,6229764392,26.71672,89.8551929,amenity,school,Lhamoy Zingkha Middle Secondary School
n,6239801470,25.8114142,93.6021705,railway,station,Dhansiri
n,6240255034,25.7958728,93.0472389,railway,station,Lamsakhang
n,6241239785,26.6246209,92.7985174,amenity,restaurant,"Bojanalaya, 4th floor"
n,6241669585,26.6246063,92.798581,amenity,restaurant,Spring Valley
n,6241960185,26.6226868,92.796507,amenity,restaurant,Tiffin Restaurant
n,6242205278,25.6401191,93.1015107,railway,station,Hathikali
n,6253305186,26.7522813,94.1875195,amenity,bus_station,Jorhat bus terminal
n,6255029269,25.6726224,94.0164963,amenity,place_of_worship,Mezoma Baptist Church
n,6255029270,25.6726302,94.0171369,amenity,place_of_worship,CRC Church
n,6255029271,25.6747352,94.0191891,amenity,place_of_worship,Catholic Church
n,6255099009,25.6517895,94.0231249,amenity,place_of_worship,Baptist Church
n,6255099010,25.6497095,94.026554,amenity,place_of_worship,Catholic Church
n,6255099011,25.6497445,94.0300196,amenity,school,John Bosco School
n,6255099019,25.715078,94.0390794,amenity,bank,SBI Sechu Zubza Br
n,6255099034,25.7129838,94.0412021,amenity,clinic,"PHC, Sechu( zubza)"
n,6255099036,25.7207227,94.0424353,amenity,police,Police Station
n,6255099037,25.7238883,94.0373559,amenity,restaurant,
n,6255099044,25.7318914,94.0262547,amenity,fuel,
n,6255099045,25.7269243,94.0296454,amenity,fuel,
n,6255099046,25.7346235,94.0175707,amenity,restaurant,
n,6255099047,25.7352965,94.0149819,amenity,restaurant,
n,6255099048,25.7359952,94.0123501,amenity,restaurant,
n,6255118085,25.7386401,94.0081681,amenity,place_of_worship,Baptist Church
n,6255118086,25.7363893,94.0080549,amenity,place_of_worship,CR Church
n,6255118088,25.7138496,94.0364692,amenity,place_of_worship,Baptist Church
n,6255118089,25.7091465,94.0377599,amenity,place_of_worship,Catholic Church
n,6255118090,25.7102945,94.039388,amenity,place_of_worship,Pentacostal Church
n,6255118111,25.6820332,94.0711865,amenity,restaurant,
n,6255118162,25.6756987,94.0862058,amenity,fuel,
n,6255118163,25.666421,94.088328,amenity,fuel,
n,6255118164,25.6681227,94.0913586,amenity,fuel,
n,6255118165,25.6652465,94.1011496,amenity,fuel,SKV Petrol Pump
n,6255118166,25.6539314,94.0994329,amenity,fuel,
n,6255118351,25.6706126,94.1042877,amenity,fuel,
n,6255118352,25.6875924,94.0996678,amenity,fuel,
n,6255118353,25.6913843,94.1028514,amenity,fuel,
n,6255118354,25.6151076,94.1164048,amenity,fuel,
n,6255128222,25.6883699,94.0557658,amenity,fuel,
n,6255128224,25.7576441,93.8478083,amenity,fuel,
n,6255128225,25.7598661,93.8355478,amenity,fuel,
n,6255128227,25.7739474,93.804175,amenity,restaurant,
n,6255128228,25.773695,93.8043452,amenity,restaurant,
n,6255128229,25.792679,93.8047097,amenity,restaurant,
n,6255128231,25.796242,93.8016357,amenity,restaurant,
n,6255128232,25.8130429,93.7855499,amenity,fuel,
n,6255128233,25.8178957,93.7825252,amenity,fuel,
n,6255128234,25.8236504,93.782613,amenity,restaurant,
n,6255128236,25.8447406,93.7732619,amenity,fuel,
n,6255128237,25.854998,93.7694952,amenity,fuel,
n,6255128239,25.860236,93.7804314,amenity,hospital,CHIS (referal hospital)
n,6255128240,25.8898619,93.7578963,amenity,fuel,
n,6255128241,25.893512,93.7563108,amenity,fuel,
n,6255128242,25.9070067,93.747757,amenity,fuel,
n,6255128243,25.9140026,93.7279144,amenity,fuel,
n,6255128244,25.9173228,93.72963,amenity,fuel,
n,6255128245,25.9118006,93.7202548,amenity,fuel,
n,6255128246,25.9151951,93.711696,amenity,fuel,
n,6255128247,25.9027127,93.6997341,amenity,fuel,
n,6255130905,25.9070868,93.7027002,amenity,fuel,
n,6255130919,25.9040701,93.7271717,amenity,fuel,
n,6255130920,25.8898549,93.7349492,amenity,fuel,
n,6255151462,25.9062621,93.7411105,amenity,fuel,
n,6255151466,25.8999432,93.7007122,amenity,hospital,Eden Hospital
n,6255269661,25.6733879,94.1084546,amenity,bank,Axis Bank
n,6255280363,25.67139,94.0695045,amenity,place_of_worship,Baptist Church
n,6255280364,25.674928,94.0615857,amenity,place_of_worship,Catholic Church
n,6255280366,25.6650723,94.0763737,amenity,place_of_worship,Evangilical Union
n,6255303391,25.6694195,94.0960672,amenity,hospital,Naga Hospital
n,6255303392,25.669277,94.1052535,amenity,place_of_worship,Pentacostal Church
n,6255303393,25.6699126,94.1053189,amenity,place_of_worship,CR Church
n,6255303394,25.6690581,94.1065938,amenity,place_of_worship,Ao Church
n,6255303397,25.6652362,94.1023955,amenity,place_of_worship,Zeliang Church
n,6255303398,25.6648952,94.1021013,amenity,place_of_worship,Nepali Baptist Church
n,6255303399,25.6623068,94.1057392,amenity,place_of_worship,Lotha Baptist Church
n,6255303400,25.6733606,94.1091024,amenity,place_of_worship,CPC Church
n,6255303401,25.6759644,94.1047686,amenity,place_of_worship,Naga Bazar Baptist Church
n,6255303402,25.6730349,94.108573,amenity,place_of_worship,Union Batist Church
n,6255303403,25.6772016,94.1154012,amenity,place_of_worship,Khedi Baptist Church
n,6255303404,25.6846758,94.1054556,amenity,place_of_worship,Central Baptist Church
n,6255303405,25.6894285,94.0979776,amenity,place_of_worship,Peraciezie Baptist Church
n,6255303408,25.6794474,94.1187289,amenity,place_of_worship,Christ King Church
n,6255303411,25.6770869,94.1121555,amenity,place_of_worship,BM Church
n,6255303413,25.6697899,94.1093563,amenity,place_of_worship,CRC
n,6255303414,25.6611488,94.1014561,amenity,place_of_worship,City Church
n,6255303415,25.660128,94.1019021,amenity,place_of_worship,CRC
n,6255303416,25.6586113,94.1012432,amenity,place_of_worship,CRC
n,6255303418,25.6611155,94.0998979,amenity,place_of_worship,Mizo Church
n,6255305453,25.6531047,94.101648,amenity,police,South Police Station
n,6255305454,25.6564628,94.0929112,amenity,place_of_worship,Ministers' Hill Baptist Church
n,6255324389,25.6757672,94.1093023,amenity,police,North Police Station
n,6255324401,25.6698621,94.1085121,amenity,bank,SBI Main Branch
n,6255324403,25.6715229,94.1066959,amenity,bank,Cooperative Bank
n,6255339638,25.7063586,94.107951,amenity,police,CRPF Camp
n,6255363407,25.673898,94.1068278,amenity,place_of_worship,Sumi Baptist Church
n,6255402126,25.6604208,94.0997672,amenity,bank,Axis Bank
n,6255402127,25.659867,94.0988391,amenity,bank,SBI - Bazar Branch
n,6255402499,25.6603338,94.0953866,amenity,place_of_worship,Assamese Baptist Church
n,6255405458,25.675634,94.1084444,amenity,bank,Allahabad Bank
n,6255421242,25.6539631,94.1009128,amenity,bank,SBI - Lerie Br
n,6257728112,25.7323663,94.0257556,amenity,restaurant,
n,6257728113,25.7780519,93.9222831,amenity,place_of_worship,
n,6257728114,25.7610108,93.8810976,amenity,place_of_worship,Town Bapt Church A
n,6257728115,25.761119,93.8839606,amenity,place_of_worship,Town Baptist Church B
n,6257738698,25.7549277,93.8880956,amenity,school,SFS School
n,6257738699,25.7560103,93.8863933,amenity,school,Christian Mission Eng School
n,6257738700,25.7569328,93.8891771,amenity,place_of_worship,Kuki Church
n,6257745747,25.7555089,93.8736352,amenity,place_of_worship,
n,6257745748,25.7542164,93.8457773,amenity,place_of_worship,
n,6257936527,25.6631425,94.1030632,amenity,place_of_worship,
n,6257936528,25.6612546,94.1056215,amenity,place_of_worship,
n,6257936529,25.6578158,94.0969227,amenity,place_of_worship,Kuzhami Chakhesang Baptist Church
n,6257936530,25.6536909,94.0990904,amenity,place_of_worship,Chakhesang Baptist Church
n,6257936531,25.6696182,94.0971374,amenity,place_of_worship,CRC
n,6257974475,25.6647477,94.1022134,amenity,place_of_worship,
n,6257974476,25.6650094,94.1017079,amenity,place_of_worship,
n,6257974477,25.6631618,94.1034949,amenity,place_of_worship,
n,6257974478,25.6630527,94.1029362,amenity,place_of_worship,
n,6257974479,25.6609122,94.1067218,amenity,place_of_worship,
n,6257974480,25.6615498,94.0997943,amenity,place_of_worship,Kuki Church
n,6259490788,24.6804648,92.8490692,amenity,fuel,
n,6259726555,25.6576579,94.0977556,amenity,bank,BOI
n,6259726556,25.6823966,94.1123512,amenity,place_of_worship,
n,6259726557,25.6834502,94.1099888,amenity,place_of_worship,CRC
n,6259773946,25.670962,94.1064559,amenity,place_of_worship,Rengma Baptist Church
n,6259773948,25.6750409,94.0847016,amenity,place_of_worship,CRC
n,6263889940,25.6774299,94.1093866,amenity,fast_food,KFC
n,6263891638,25.6892581,94.0984386,shop,supermarket,Vishal
n,6263897486,25.6904884,94.0999926,shop,car,Lozi Hyundai
n,6263897488,25.6828035,94.1082842,shop,car,Seyie Motors
n,6265884239,25.4890076,94.1262448,amenity,place_of_worship,Mao Baptist Church
n,6265884536,26.4512125,89.8766314,amenity,fuel,
n,6265884537,25.6881068,94.0555515,amenity,fuel,Indian Oil
n,6265884908,26.1872366,91.6528,amenity,restaurant,Isha Restaurant cum Dhaba
n,6268608185,24.4838806,92.1588775,amenity,hospital,Brijondernagar
n,6269211408,24.8055749,93.9536151,amenity,cafe,Bake me
n,6269219041,25.2614658,94.0156854,amenity,fuel,Indian Oil
n,6274741465,26.1211132,91.812834,amenity,college,Assam Administrative Staff College
n,6283056891,24.2468655,94.3086518,amenity,bank,
n,6284153985,24.828049,92.7997144,amenity,bus_station,Difficult to find with works;)
n,6284188189,24.8163338,92.7993162,amenity,bus_station,
n,6285730585,24.8109358,93.9369616,amenity,bus_station,Bus and Winger to Dimapur (600₹) and other cities
n,6285730685,24.2479249,94.3037521,amenity,bus_station,Shared taxis to Imphal (500₹)
n,6286295685,26.1860731,91.7578961,amenity,restaurant,Beatrix
n,6286295686,26.189418,91.7532224,amenity,place_of_worship,Ugratara temple
n,6286817989,26.0907327,91.9462911,railway,station,Kamalajari
n,6287513085,24.8108778,93.9366991,amenity,bus_station,Winger to Dimapur
n,6293969185,27.4872203,95.4363629,amenity,fuel,
n,6293969186,27.4871156,95.4309154,amenity,fuel,
n,6297514398,26.1851194,91.7577417,amenity,restaurant,Queen's restaurant
n,6297514399,26.1877846,91.746531,shop,beverages,Fresh coconut
n,6297514489,26.1879924,91.7476985,amenity,fast_food,Street food
n,6297519685,26.1888478,91.7459322,shop,florist,
n,6297532885,26.1881799,91.7460372,amenity,fast_food,Street food
n,6297536486,26.187029,91.7444797,amenity,restaurant,Sunflower restaurant
n,6297544985,26.1856947,91.7523656,amenity,restaurant,Naga bowl
n,6317779487,24.2457075,94.305495,amenity,bank,Currency exchange
n,6334165497,25.4307228,93.1264767,railway,station,Dihakho
n,6334165531,25.7196912,93.1275255,railway,station,Manderdisa
n,6336198469,25.2639726,93.1780159,railway,station,Wadrengdisa
n,6336198470,25.3436168,93.1333256,railway,station,Kalachand
n,6336198472,25.373568,93.1229772,railway,station,Mupa
n,6336198474,25.5951762,93.0855886,railway,station,Dibolong
n,6336198900,25.2393544,93.1702832,railway,station,Daotuhaja
n,6336255016,24.9628074,92.6882518,railway,station,Chandranathpur
n,6336270474,24.8429273,92.3947736,railway,station,New Karimganj Junction
n,6336366847,24.6105627,92.3968185,railway,station,Ratabari
n,6336366851,24.6615379,92.4108486,railway,station,Phakhoagram
n,6336366857,24.6735166,92.3712626,railway,station,Eraligul
n,6338287404,24.4687279,92.5544376,railway,station,Katlicherra
n,6338287417,24.40847,92.5416528,railway,station,Manipur Bagan
n,6338287909,24.2314586,92.5268411,railway,station,Ramnathpur
n,6338320308,24.611951,92.550058,railway,station,Monacherra
n,6338320309,24.5091037,92.5927369,railway,station,Mohammadpur
n,6341030101,24.3414516,93.6995965,shop,electronics,STMT Gadgets Shop
n,6346713987,25.5662959,91.8970654,shop,bicycle,Pro Cycles
n,6350328485,26.1910543,91.7514038,shop,supermarket,Over-d-counter
n,6350328486,26.1922018,91.7522625,shop,supermarket,Over-d-counter
n,6353471785,24.8089524,93.9341853,shop,computer,Sanmati Traders
n,6364525586,24.8212784,93.6386836,amenity,fuel,indian oil
n,6375489585,25.5757298,91.8810851,amenity,cafe,Bread Cafe
n,6382932587,25.3342467,92.1389903,amenity,fuel,
n,6387272987,26.75437,94.2135798,amenity,restaurant,the little south
n,6387635521,24.6319847,93.7619193,amenity,hospital,"District Hospital, Bishnupur"
n,6387635522,24.6189982,93.7617655,amenity,police,Bishnupur Police Station
n,6387635523,24.7206693,93.8423371,amenity,police,
n,6387635524,24.722635,93.8439904,amenity,fuel,
n,6387635527,24.7868004,93.9211534,amenity,police,Kwakeithel Police Station
n,6387635528,24.7832327,93.917313,amenity,college,Imphal College
n,6387635529,24.7804101,93.9135683,amenity,fuel,
n,6404003785,25.668023,94.1049301,amenity,restaurant,Dream cafe
n,6404555897,25.4995375,91.9023523,amenity,place_of_worship,
n,6414070195,26.189805,91.6921473,amenity,bank,State Bank of India
n,6414070196,26.1897947,91.692132,amenity,bank,Canara Bank
n,6417787154,25.2591783,91.6760538,shop,kiosk,
n,6437649185,24.245176,94.3047079,shop,beverages,Lassi shop
n,6440130585,24.8108758,93.9384031,amenity,restaurant,Sakura restaurant
n,6441998987,25.6741091,94.1081131,amenity,restaurant,Side Wok
n,6449755935,24.2130835,93.0343949,amenity,school,Children's Training School
n,6449755936,24.2132708,93.0351377,amenity,place_of_worship,"EAC, Hmarkhawpui"
n,6449755937,24.2137579,93.0357594,amenity,place_of_worship,The Salvation Army Hmarkhawpui Corps
n,6449755938,24.2136009,93.0363459,amenity,place_of_worship,ICI Hmarkhawpui
n,6449755939,24.2143916,93.0369387,amenity,place_of_worship,EFCI Hmarkhawpui
n,6449755940,24.2151183,93.0368112,amenity,place_of_worship,RPC Hmarkhawpui
n,6454389301,26.1602459,91.6853365,shop,supermarket,The Grocer Supermarket
n,6463741886,25.5695941,91.8975027,amenity,restaurant,Pratima
n,6463776185,25.5687696,91.899252,amenity,restaurant,Lyne's Food Corner
n,6467699387,25.2746167,91.7318638,amenity,restaurant,Wallphiri fast food
n,6472256193,26.4620769,94.6421345,amenity,place_of_worship,
n,6474293186,25.242454,91.6623754,shop,convenience,Small shop
n,6477620685,25.2463128,91.6794318,shop,department_store,Snacks and drinks
n,6480157587,26.9840333,94.1559464,amenity,cafe,Majuli Cycle Cafe
n,6487970788,26.7213894,95.0268732,amenity,bus_station,Nagaland State Transport
n,6501815886,25.2506588,91.6722286,amenity,cafe,Leenie's Place Teastall
n,6514694213,24.3398397,93.6961747,amenity,place_of_worship,EBCC Central Lamka
n,6514711892,24.340707,93.6968856,shop,supermarket,Nute Bazaar
n,6514727756,24.3314779,93.6956338,amenity,college,Lamka College
n,6514727868,24.346327,93.6998479,amenity,police,Lamka Police Station
n,6514896081,24.3419481,93.6980815,shop,clothes,Kidswear
n,6514935637,24.3453535,93.6963046,amenity,place_of_worship,EBCC Hiangtam Lamka
n,6516579150,24.8279066,93.9449217,shop,supermarket,Vishal Mega Mart
n,6516579151,24.8276972,93.9449324,amenity,bank,HDFC Bank
n,6516579152,24.8276317,93.9447847,amenity,fuel,Indian Oil
n,6516579153,24.8255274,93.9468326,shop,mall,Olympia Mall
n,6516579154,24.8245693,93.9422721,amenity,college,DM College of Science
n,6516579155,24.8187065,93.938925,amenity,fast_food,KFC
n,6516579156,24.8188211,93.9388348,amenity,fast_food,Pollito's
n,6516579158,24.8229036,93.9395961,amenity,restaurant,Mellow
n,6516579159,24.8231263,93.9397139,amenity,restaurant,Forage
n,6516579160,24.8261744,93.9442178,amenity,fuel,Indian Oil
n,6516579161,24.8256946,93.9448521,amenity,bank,Punjab and Sindh Bank
n,6516579164,24.8256013,93.9463723,amenity,restaurant,Spoon
n,6516579166,24.8333671,93.9447635,amenity,fuel,Indian Oil
n,6516579167,24.8120133,93.9423728,amenity,place_of_worship,Bir Tikendrajit Temple
n,6516579168,24.8081478,93.9419542,amenity,place_of_worship,Ibudhou Pakhangba Temple
n,6516579169,24.8081549,93.9354477,amenity,marketplace,Temporary Womens Market
n,6516579171,24.8096969,93.9346257,amenity,fast_food,Tidos
n,6516579172,24.8090256,93.934444,amenity,restaurant,JK & South Indian Fast Food
n,6516579173,24.8115784,93.9349267,amenity,bank,Bank of Baroda
n,6516579177,24.8074304,93.934984,amenity,restaurant,People s cafe
n,6516579178,24.8066329,93.9326371,amenity,restaurant,Luxmi Kitchen
n,6516579179,24.7956986,93.9434469,amenity,place_of_worship,Mahabali Temple
n,6531676685,26.9861995,94.6383439,amenity,fast_food,Roshe Chou Chou & Tourist Info
n,6544603985,27.0240578,95.0287347,amenity,bus_station,Sumo to Mon
n,6549066192,25.560975,94.1418927,shop,ticket,Dzukou Entry Point
n,6550861285,24.8065339,93.9332922,amenity,bus_station,Bus to Moirang (Loktak)
n,6556689885,24.7954792,93.9398273,amenity,cafe,Sid Espresso
n,6559128285,24.7955653,93.9403237,amenity,bus_station,Manipur State Transport - Bus to Moreh
n,6562425686,24.7953623,93.9404566,amenity,fuel,Assam Oil
n,6564149886,24.7953593,93.9399244,amenity,cafe,Sid Espresso
n,6583206085,24.8315811,92.8000844,amenity,bus_station,New Yuzana Travels
n,6585735955,25.6690005,94.1060035,amenity,cafe,Raj Restaurant
n,6588142085,26.184774,91.7619905,amenity,restaurant,Maa Suswani Food Plaza(cheap and safe food)
n,6598618485,25.1714755,92.0194547,amenity,bus_station,
n,6601804188,26.114443,92.1836777,amenity,restaurant,NI4 Restaurant
n,6609058287,26.5025161,90.5550159,amenity,restaurant,Lunch Place btw Sjongkhar
n,6621764641,26.8873392,94.6907526,shop,poultry,Mezenga Poultry Farm
n,6627280464,26.2424337,90.2359298,railway,station,Bilasipara
n,6627298241,26.3310377,90.6711745,amenity,marketplace,
n,6707999733,27.5902909,93.8182509,amenity,school,Bumer Memorial School
n,6760320885,25.3621387,91.8780172,amenity,restaurant,Evahun Restaurant
n,6763128579,25.7144907,94.1049723,amenity,place_of_worship,"Nagamese Baptist Church, New Secretariat"
n,6763141486,25.7058436,94.1073056,amenity,fast_food,THE FOOD HUB
n,6763141487,25.6991848,94.1063347,amenity,bank,HDFC Bank
n,6763141488,25.7034583,94.1068817,amenity,place_of_worship,Phezoucha Nagamese Baptist Church
n,6763141489,25.7031005,94.1069581,amenity,school,Radiant School
n,6763195715,25.6674475,94.1043296,amenity,bank,Nagaland Rural Bank
n,6763195716,25.6688782,94.1056576,amenity,hospital,Oking Hospital And Research Clinic Pvt Ltd
n,6763197774,25.6587101,94.1128176,amenity,college,Modern Christian College
n,6763207902,25.6595688,94.1110826,amenity,place_of_worship,AG AO CHURCH
n,6763207903,25.6568853,94.1204465,amenity,school,The Vineyard School
n,6768894381,27.3337699,94.8646728,amenity,fuel,
n,6774555002,27.3325337,94.8674266,amenity,fuel,
n,6774579589,27.3479856,94.8392266,railway,halt,Lepetkata
n,6781281526,24.7851251,93.9576615,shop,Handicrafts Store,Laining Solution Handicraft Store
n,6782820085,25.2698691,91.7323425,amenity,restaurant,Avron Restaurant
n,6808235282,26.6053468,95.2271778,amenity,school,
n,6808235283,26.6582494,95.2173144,amenity,school,
n,6808235287,26.6392991,95.1773423,amenity,school,
n,6808235293,26.6380334,95.26295,amenity,school,
n,6808235294,26.6422354,95.2665117,amenity,school,
n,6808235316,26.2772868,95.1438052,amenity,school,
n,6808235365,25.8660692,95.0895344,amenity,school,
n,6808235368,25.8995788,95.0522046,amenity,school,
n,6808235370,25.8923962,95.1115908,amenity,school,
n,6808235371,25.8669391,95.0760268,amenity,school,
n,6808235372,25.8365889,95.0773501,amenity,school,
n,6822221685,24.8146518,93.9487326,amenity,restaurant,adventure cafe
n,6842759285,24.8189794,93.9455017,amenity,bus_station,buses for everywhere
n,6842759385,24.8247134,93.9487188,amenity,bus_station,buses for everywhere
n,6846290087,24.7781476,93.143353,amenity,hospital,50 bed Hospital
n,6849148986,24.2493071,94.3030981,amenity,bank,State Bank of India
n,6849446518,24.2496205,94.302569,shop,supermarket,Local marketplace
n,6849456177,24.2497622,94.3020225,amenity,restaurant,Asha Chak restaurant
n,6849456178,24.2491265,94.3026597,amenity,cafe,Fruit shakes 30 rupees
n,6853156047,24.8105356,93.924092,amenity,cafe,Steaming Mug
n,6853195285,24.8251199,93.9442059,amenity,restaurant,Timber Cafe
n,6853196985,24.8260322,93.9461688,amenity,cafe,1985 Retro Coffee Shop
n,6853198985,24.7870931,93.9349587,amenity,cafe,La Vue The Coffee Shop
n,6853692986,24.8144351,93.9480782,amenity,restaurant,Chapati & samosa
n,6854561585,24.5016517,93.7766457,amenity,bank,State Bank of India
n,6854561685,24.5011794,93.776316,amenity,bank,United Bank of India
n,6854562585,24.5012502,93.7760431,shop,supermarket,Moirang Marketplace
n,6854573685,24.5006239,93.7763118,amenity,restaurant,Local tea house & chapati
n,6856784108,24.8156521,93.9405877,amenity,bus_station,Nagaland State Transportation
n,6857218486,25.6878918,94.1108936,amenity,cafe,Été Coffee Roasters
n,6857247385,25.6706387,94.1069795,amenity,cafe,Été Coffee Roasters
n,6862020185,25.6682359,94.1053203,amenity,restaurant,Indian puri & biryani
n,6862020285,25.6693023,94.1059639,amenity,restaurant,Night market stalls
n,6862556686,25.5799853,94.1254984,amenity,restaurant,Bachelors Kitchen
n,6862570685,25.5811389,94.1265242,shop,bakery,Greenleaf Bakery
n,6862571185,25.5812947,94.1264472,amenity,restaurant,Tase’s Table
n,6862576785,25.5806046,94.1263691,amenity,restaurant,Zhodi rice
n,6862593485,25.5799894,94.1246725,amenity,restaurant,Heaven’s Dew Cafeteria
n,6863151785,25.4988116,91.818364,amenity,restaurant,famous meatball
n,6871101186,25.5701437,91.8943201,amenity,restaurant,Munchies
n,6872627386,27.7319891,93.9838593,amenity,restaurant,Simon Line Hotel
n,6874649542,25.7024096,92.0126117,amenity,fuel,Indian Oil
n,6875443985,25.9074049,93.7305275,amenity,restaurant,Raj Nandini Family Restaurant
n,6875570488,25.9066277,93.7262417,amenity,place_of_worship,Shree Shree Durga Mandir Hindu Temple
n,6875570489,25.9070345,93.7260956,shop,confectionery,Indian Sweets
n,6875851187,25.9076068,93.7290017,amenity,restaurant,Hotel Sher-e-Punjab
n,6875851286,25.9067389,93.7318455,amenity,bank,State Bank of India
n,6876572685,25.9069648,93.7312414,amenity,restaurant,Sharma restaurant Indian sweets
n,6876580085,25.9094822,93.7294983,amenity,restaurant,Indian puri restaurant
n,6876699685,25.9106535,93.7203074,amenity,cafe,Nagaland Coffee Shop
n,6876703585,25.9075233,93.7277783,amenity,cafe,Cafe 09
n,6876707585,25.9061852,93.7357819,amenity,cafe,The Garden
n,6876715685,25.9066994,93.7260576,shop,supermarket,Old Daly Marketplace
n,6876780485,25.9086817,93.7211989,shop,convenience,Beehive Bakery
n,6876823585,25.5748618,91.8826797,amenity,bus_station,Guwahati airport
n,6876823685,25.9088091,93.7249821,shop,gift,Miniso
n,6876824185,25.9087968,93.7252308,amenity,restaurant,Indian puri restaurant
n,6876834985,25.9074074,93.7269077,amenity,place_of_worship,Mosque
n,6876899185,25.9073327,93.728666,amenity,restaurant,Indian Railway Food Track
n,6877465085,24.7472902,93.4206289,amenity,fuel,Bharat Petroleum
n,6878704685,26.1832353,91.7825751,shop,confectionery,Indian sweets
n,6878704686,26.1832849,91.7818076,amenity,restaurant,Swastika restaurant
n,6880249685,26.1867558,91.7433489,shop,bakery,Shaikh Brothers
n,6880267585,26.1938031,91.7539722,amenity,cafe,Cafe Riverrun
n,6880550585,26.1551706,91.7822224,amenity,cafe,Barista Coffee
n,6881013885,26.1197426,91.8257158,amenity,bus_station,Tezpur 200rupees
n,6881086303,26.1915958,91.7524704,amenity,cafe,Keventers Milkshake
n,6881840369,26.7438191,95.2614643,amenity,school,
n,6881947228,24.3337453,93.6969104,amenity,place_of_worship,NLBC New Lamka Baptist Church
n,6883189793,26.1938802,91.7541157,amenity,cafe,Cafe Bellevue
n,6884500385,26.1672177,91.7103302,amenity,place_of_worship,Bhubaneswari Temple
n,6884700486,26.18546,91.7491084,amenity,cafe,Sugarcane stalls
n,6884812685,26.1816808,91.7416135,amenity,place_of_worship,Lakhtokia Mosque
n,6884831186,26.1806582,91.7399932,amenity,place_of_worship,Mosque
n,6884859785,26.1817206,91.7404609,amenity,cafe,Sugarcane and lemon stalls
n,6884864085,26.1823279,91.7407187,amenity,place_of_worship,Kamarpatty Mosque
n,6885369603,26.1892756,91.7503511,shop,books,Street bookseller
n,6885469786,26.1863315,91.7544604,amenity,restaurant,The Corner Cafe
n,6888526185,26.1831843,91.7844285,amenity,restaurant,Cloud Kitchen
n,6897382601,25.7586701,93.1744036,amenity,bus_station,Lumding Bus Stand
n,6902810705,26.1350283,91.8095034,amenity,hospital,Rahman Hospitals Private Limited
n,6905015648,25.8429968,93.4331672,amenity,hospital,diphu cancer hodspital
n,6905076185,25.5786491,91.8818065,shop,doityourself,Nice Infotech
n,6905138085,25.5657239,91.8901788,amenity,restaurant,Green Door
n,6907972185,25.5679284,91.8837339,amenity,restaurant,New Hope Restaurant
n,6908083760,24.3180247,92.0025198,amenity,hospital,Rajib Gandhi Memorial Hospital
n,6908093887,24.8035935,93.9266829,amenity,hospital,Mothers Care Children Hospital and Research Centre
n,6908093894,24.4961834,94.0034947,amenity,hospital,"Jivan Hospital, Kakching"
n,6908093911,24.8126913,93.9252124,amenity,hospital,Suba Hospital and Assisted Reproductive Centre
n,6908093918,24.8353055,93.9139169,amenity,hospital,"Shija Hospitals and Research Institute, Langol"
n,6908093923,24.824927,93.9453457,amenity,hospital,Christian Hospital
n,6908093934,24.8118836,93.9504654,amenity,hospital,Public Hospital and Research Institute
n,6908093960,24.8126986,93.9238425,amenity,clinic,Langol View Charitable Clinic And Maternity Home
n,6908094337,24.3900466,92.160176,amenity,hospital,Mahanam Seva Sadan
n,6908094342,24.1676845,92.0325857,amenity,clinic,Kumarghat Rural Hospital (CHC)
n,6908097600,27.5890458,91.8646409,amenity,hospital,"District Hospital, Tawang"
n,6908098039,24.8115897,93.9619821,amenity,hospital,J.N. Hospital Management Society
n,6908100832,24.3903666,92.1590334,amenity,hospital,Dharmanagar Sub-divisional Hospital
n,6908108239,24.1973668,91.8280891,amenity,hospital,"Bimal Sinha Memorial S.D. Hospital, Dhalai"
n,6908120436,24.3306179,93.6886463,amenity,hospital,Peoples Health Foundation Centre
n,6908120441,24.349423,93.7014189,amenity,hospital,Sielmat Christian Hospital and Research Center
n,6908120446,27.0952799,93.6782125,amenity,hospital,Boriatari Memorial Hospital
n,6908120458,26.0979386,94.2566563,amenity,clinic,Mhondamo Memorial Nursing Home
n,6908120471,25.9051075,93.7196231,amenity,hospital,Faith Hospital
n,6908120476,25.9161945,93.7476133,amenity,hospital,Zion Hospital and Research Centre
n,6908120485,26.2371121,94.8134185,amenity,hospital,Eleutheros Christian Society Hospital
n,6908120490,26.0149631,94.5262223,amenity,hospital,Y. Rochill Hospital
n,6908120501,25.9086408,93.715467,amenity,hospital,Nikos Hospital And Research Centre
n,6908120508,27.1281628,93.7454997,amenity,hospital,Tara Memorial Hospital
n,6908120513,27.0843407,93.6054642,amenity,hospital,Polo Hospital Pvt Ltd
n,6908213058,25.5771305,91.8662676,amenity,hospital,R.P. Chest Hospital
n,6908445869,25.9140329,93.716442,amenity,hospital,"Metro Hospital, Dimapur"
n,6909760767,25.5712731,91.8957974,amenity,clinic,"CGHS Dispensary No.I, Laitumkhrat"
n,6909772443,25.5147491,90.2037942,amenity,hospital,Tura Civil Hospital(DH)
n,6909772449,25.584894,91.8751504,amenity,hospital,Dr. H. Gordon Robert Hospital (Khasi-Jaintia Presbyterian)
n,6909859202,24.2334996,92.6740779,amenity,hospital,"Nazareth Hospital, Kolasib"
n,6909859207,24.1865636,92.5377117,amenity,clinic,"PHC, Bairabi"
n,6909859216,24.5079987,92.7664854,amenity,hospital,"CHC, Vairengte"
n,6909859217,24.2314023,92.6766193,amenity,hospital,"District Hospital,Kolasib"
n,6909859505,24.2261924,92.9522659,amenity,hospital,"CHC, Sakawrdai"
n,6911271607,24.2386737,92.2962096,amenity,clinic,"PHC, Kanhmun"
n,6911715898,26.4656509,90.5629715,amenity,hospital,Chilarai Hospital & Research Centre
n,6911715903,26.4929099,90.5515413,amenity,hospital,Lower Assam Hospital And Research Centre
n,6911715904,26.4830828,90.5529092,amenity,hospital,Swagat Hospital And Research Centre
n,6911715909,26.4894843,90.5510893,amenity,hospital,S.M. Hospital and Diagnostic Centre
n,6911715914,26.4530899,89.9763791,amenity,hospital,"R.N.B. Civil Hospital, Gossaigaon"
n,6911715919,25.5195842,91.2681726,amenity,hospital,Nongstoin District Hospital
n,6911724111,26.2074223,91.6771799,amenity,hospital,Tolaram Bafna Kamrup District Civil Hospital
n,6911724116,26.1775378,91.8278745,amenity,clinic,CGHS Dispensary No.II
n,6911724121,26.1775757,91.8277444,amenity,clinic,CGHS Dispensary No.I
n,6911724131,27.4930354,94.9279489,amenity,hospital,Sristi Hospitals And Research Centre Pvt Ltd
n,6913038500,26.5106294,93.965819,amenity,hospital,HGM Nursing Home
n,6913038505,26.1658526,91.7691153,amenity,hospital,Aruna Memorial Hospital
n,6913038510,26.1653519,91.7470568,amenity,hospital,Dr Bhubaneswar Borooah Cancer Institue
n,6913038537,26.1504675,91.7821106,amenity,hospital,Nightingale Hospital
n,6913038542,26.1390895,91.7463206,amenity,hospital,"Hayat Hospital, Kamrup"
n,6913038543,26.1646874,90.6248474,amenity,hospital,Solace Hospital and Research Centre
n,6913038544,26.1508208,90.6181942,amenity,hospital,Seven Sisters Hospital & Research Centre
n,6913038550,26.1254312,91.9388831,amenity,hospital,Dr. Dhani Ram Baruah Heart Institute and Research Centre
n,6913038555,26.1382811,91.8010202,amenity,hospital,"Sun Valley Hospital, Guwahati"
n,6913038564,27.2388555,94.1090235,amenity,clinic,Happy Nursing Home
n,6913038569,26.0158947,92.8684401,amenity,hospital,Haji Abdul Majid Memorial Hospital and Research Centre
n,6913038570,26.5141144,93.9705994,amenity,clinic,G B M Nursing Home
n,6913038581,26.4425053,91.4379819,amenity,clinic,Pragati Nursing Home
n,6913054586,26.6280532,92.7859314,amenity,clinic,Gogoi Nursing Home Complex
n,6913054603,26.1007508,91.8699154,amenity,hospital,North East Cancer Hospital And Research Institute
n,6913054638,26.1746258,91.7525876,amenity,hospital,Arya Hospital (A Unit Of North Eastern Medical Research Institute Ltd)
n,6913054639,26.158658,91.8118054,amenity,hospital,Pratiksha Hospitals
n,6913054648,26.3619083,92.6840664,amenity,clinic,Pkb Nursing Home Pvt Ltd
n,6913054744,26.035426,89.9644138,amenity,hospital,"Civil Hospital, Dhubri"
n,6913054780,26.1221319,91.8062693,amenity,hospital,Agile Hospitals Pvt Ltd
n,6913054785,27.4913069,95.3517164,amenity,hospital,Biroja Hospital
n,6913054790,26.7466487,94.2021123,amenity,hospital,"Sanjivani Hospital, Jorhat"
n,6913054830,26.1769282,91.7465553,amenity,hospital,Satribari Christian Hospital
n,6913054890,26.7529893,94.189583,amenity,clinic,A G Nursing Home
n,6913054897,27.4898995,94.9231866,amenity,clinic,Dr Damani's Nursing Home
n,6913054898,26.1636583,91.7459719,amenity,clinic,Dr. Kalicharan Das Nursing Home and Polyclinic
n,6913054917,26.1786974,91.7515415,amenity,clinic,Gurucharan Polyclinic Cum Nursing Home
n,6913054930,26.1714995,91.7376155,amenity,hospital,Guwahati Netralaya Eye Hospital
n,6913054937,26.1719851,91.7814441,amenity,hospital,"KGMT Multispeciality Hospital, Hatigarh"
n,6913054942,26.1717757,91.7608166,amenity,hospital,Guwahati Eye Hospital
n,6913054947,26.1709548,91.7252411,amenity,clinic,Swagat Endolaproscopic Surgical Research Institute
n,6913054952,26.1854972,91.7560047,amenity,hospital,Wintrobe Hospital
n,6913054957,26.1669226,91.7312439,amenity,hospital,Institute Of Human Reproduction
n,6913054962,26.1713045,91.734602,amenity,clinic,Kumars Nursing Home
n,6913054967,26.1721356,91.7404117,amenity,hospital,Marwari Hospital and Research Centre
n,6913054968,26.1617305,91.7798576,amenity,hospital,Midland Hospital
n,6913054973,26.1301667,91.7953366,amenity,clinic,Central Clinic and Nursing Home
n,6913054978,26.1724967,91.7714274,amenity,hospital,City Heart Hospital
n,6913054985,26.1496128,91.7867147,amenity,hospital,Dispur Hospitals Pvt Ltd
n,6913175903,26.1311817,91.8079403,amenity,hospital,Gnrc Six-mile Hospital
n,6913175912,26.1389733,91.7943965,amenity,hospital,G N R C Heart Institute
n,6913288125,26.1301354,91.795295,amenity,clinic,Assam Lithotripsy Centre
n,6913288126,26.1971209,91.766763,amenity,clinic,Barthakur Clinic Pvt Ltd
n,6913288139,26.1634946,91.7683697,amenity,hospital,Nemcare Hospital
n,6913288140,26.1392003,91.7994256,amenity,hospital,Down Town Hospital Ltd.
n,6913288141,26.1836896,91.7848626,amenity,clinic,East End Nursing Home and Research Institute
n,6913288146,26.1494984,91.7871089,amenity,clinic,Dispur Polyclinic and Nursing Home
n,6913288156,26.4440171,91.6210172,amenity,clinic,Rangia Poly Clinic and Nursing Home
n,6913288161,26.1730467,91.784703,amenity,clinic,Pragjyothi Eye Care And Research Centre Pvt Ltd
n,6913288170,26.075063,89.9629453,amenity,hospital,Gauripur Hospital
n,6913288175,26.5914174,93.7494734,amenity,hospital,Vivekananda Kendra-Nrl Hospital
n,6913288176,26.5159925,93.9748279,amenity,hospital,Lifeline Hospital and Research Centre
n,6913288181,26.594792,94.1924442,amenity,hospital,Titabar SDC Hospital
n,6913293186,26.7622454,94.2160101,amenity,clinic,Malpani Nursing Home Medicure Center
n,6913293192,26.1698607,90.623914,amenity,hospital,"Florence Hospital, Goalpara"
n,6913293197,27.2482332,94.1045107,amenity,hospital,Mid Town Hospital and Research Institute
n,6913293202,26.3254496,90.9986253,amenity,hospital,Sanjivani Hospital And Rcs Ltd
n,6913293207,26.9977983,94.6198744,amenity,hospital,Pragati Hospital And Research Centre
n,6913293208,26.993347,94.6428274,amenity,hospital,Sampreeti Hospital
n,6913293231,26.6302423,92.7974206,amenity,hospital,Skylark Hospital
n,6913293236,26.6218315,92.7955672,amenity,hospital,E M M Hospital And Research Centre
n,6913293241,27.5034979,95.3611846,amenity,clinic,Borthakur Nursing Home and Research Centre
n,6913293248,26.3489779,92.6676849,amenity,clinic,Nagaon Nursing Home and Maternity Home
n,6913293253,24.7785852,92.7932404,amenity,clinic,R . E. Nursing Home and Diagnostic
n,6913293258,24.8259318,92.8016491,amenity,clinic,Kay Cee Clinic and Nursing Home
n,6913293263,24.82903,92.793007,amenity,hospital,"Lions Eye Hospital, Cachar"
n,6913293268,24.8078658,92.7950697,amenity,hospital,"Life Line Hospital, Cachar"
n,6913293273,27.1857364,94.913941,amenity,hospital,H M Hospital and Research Center
n,6913293278,26.6252346,92.8004099,amenity,hospital,"B. K Memorial Hospital, Tezpur"
n,6913293283,26.9857955,94.6507171,amenity,hospital,East Point Hospital And Research Centre
n,6913293288,27.2899028,95.6886448,amenity,hospital,Rontix Hospital
n,6913293301,27.4915127,94.9271375,amenity,hospital,Brahmaputra Diagnostic and Hospital Ltd
n,6913293325,27.4704798,94.9272823,amenity,hospital,Vincenza Gerosa Hospital
n,6913293330,27.4729107,94.9111354,amenity,hospital,Srimanta Sankardeva Hospital And Research Institute
n,6913293331,27.4915008,94.9312493,amenity,hospital,Aditya Diagnostics and Hospitals
n,6913293337,27.4921319,94.9305928,amenity,clinic,H.M.Poly Clinic and Diagnostics Centre
n,6913293342,27.4899494,94.923597,amenity,clinic,Jj Memorial Diagnostics And Hospitals Pvt Ltd
n,6913293357,27.4779366,94.8955263,amenity,clinic,Drishti Netralaya
n,6913293371,27.4896615,94.9235326,amenity,hospital,Medicare Diagnostic And Hospital
n,6915812285,24.8100377,93.9355354,amenity,place_of_worship,Gurudwara
n,6917445185,27.9810728,94.6892948,amenity,restaurant,Local roti restaurant
n,6917454285,27.9821852,94.6890173,amenity,restaurant,Tashi restaurant
n,6917471987,27.98179,94.6892549,amenity,restaurant,D-Corner
n,6917489885,27.9812963,94.6892465,amenity,restaurant,JB restaurant & sweets
n,6917492585,27.9828724,94.6897636,shop,supermarket,Chicken & Fish center marketplace
n,6917492586,27.9818099,94.6894749,shop,supermarket,Vegetable stalls marketplace
n,6917894485,27.9815616,94.6858624,amenity,hospital,CHC Government Hospital
n,6917895385,27.9807276,94.6831086,amenity,school,
n,6917896385,27.9825785,94.6892892,shop,confectionery,Pia sweets & bakery
n,6917896885,27.9851754,94.6877433,amenity,school,
n,6917896985,27.9861015,94.6880813,amenity,bank,State Bank of India
n,6917957085,25.2701404,91.7324286,amenity,restaurant,Halari Restaurant
n,6924401585,27.0876676,93.6115672,amenity,restaurant,Annapurna restaurant
n,6924446485,27.0872604,93.609675,amenity,restaurant,Bhutanese family restaurant
n,6926038091,27.0878552,93.6127054,amenity,restaurant,Hotel Manza
n,6926040185,27.0876399,93.6123362,shop,supermarket,Ghada market
n,6926040485,27.0879599,93.6123997,shop,confectionery,Local Indian sweets
n,6926040486,27.0867168,93.6106347,shop,supermarket,Vegetable stalls marketplace
n,6926286286,27.3331373,93.8222535,amenity,restaurant,Neetu Hotel
n,6926286885,27.3328799,93.8222138,amenity,restaurant,Laxmi hotel & restaurant
n,6926286886,27.3334611,93.8223719,amenity,restaurant,Krisna hotel & restaurant
n,6926291885,27.3336103,93.8224164,shop,bakery,Rose bakery
n,6926310085,27.332874,93.8225584,amenity,restaurant,Nass restaurant
n,6926314985,27.333524,93.8223962,amenity,restaurant,New Potin restaurant
n,6926420185,27.3334669,93.8226817,shop,confectionery,Sweet House
n,6933872385,27.5402742,93.8155038,shop,confectionery,Gupta sweet
n,6934229532,27.2900412,95.6797525,amenity,bus_station,
n,6934551785,27.5404446,93.8170287,shop,supermarket,Abotani marketplace
n,6934593085,27.5394112,93.8157969,shop,supermarket,Local Marketplace
n,6934709285,27.5529574,93.8256607,shop,confectionery,Best Bakers
n,6934711185,27.5530999,93.8256903,amenity,restaurant,Local paratha restaurant
n,6936956885,27.0878583,93.6143623,shop,supermarket,Akash Deep marketplace
n,6938553085,27.0867806,93.6101806,amenity,restaurant,Puri & fast food
n,6938896885,27.0356503,92.1279637,amenity,restaurant,Local Food Rest Stop By Sumo
n,6938896886,27.0357691,92.1277887,amenity,place_of_worship,Small Gompa
n,6938929485,27.2636083,92.4162805,amenity,place_of_worship,Lower Gompa Bomdila
n,6938929586,27.2632853,92.4190577,amenity,bank,ICICI Bank
n,6938944732,27.2655136,92.4201467,amenity,hospital,"District Hospital, Bomdila"
n,6938944733,27.2653513,92.4220829,amenity,police,Bomdila Police Station
n,6940404467,25.6579184,94.1012736,amenity,bank,Bank of Baroda ATM
n,6942540085,27.263004,92.4231533,amenity,restaurant,The Wok House
n,6944347885,27.3603599,92.2398134,shop,bakery,Ana’s Bakery
n,6944389886,27.3583874,92.2407623,amenity,place_of_worship,Thupsung Dhargye Monastery
n,6944841185,27.3432082,92.2698635,amenity,place_of_worship,Dzong Monastery
n,6947640785,27.4102017,92.2927975,amenity,restaurant,London Bridge restaurant
n,6947671287,27.3435667,92.2730049,amenity,place_of_worship,Tibetan Temple
n,6947785388,27.3589843,92.241269,amenity,restaurant,Joy Guru Restaurant
n,6948121985,27.3599406,92.2408202,shop,confectionery,Indian Sweets
n,6953801674,27.2436702,94.0173698,amenity,fuel,Bharat Petroleum
n,6953801675,27.2444568,94.0174826,shop,tyres,Tyre store
n,6953810887,27.3034644,93.97149,amenity,bank,State Bank of India
n,6953810888,27.3041101,93.969945,amenity,fuel,Indian Oil
n,6953810905,27.3128873,93.9679066,amenity,place_of_worship,Pentacostal church
n,6953810906,27.3075983,93.9682409,amenity,place_of_worship,Anne Durga Mandir
n,6956591087,27.5944168,91.872157,amenity,restaurant,Puri and Milk Tea
n,6956622486,27.5947497,91.8705544,amenity,restaurant,New Dolma House
n,6956624085,27.5948175,91.8705487,shop,confectionery,Indian Sweets
n,6956627185,27.5945317,91.8720495,shop,supermarket,Old Market
n,6957369385,27.584949,91.8635053,amenity,place_of_worship,
n,6957369485,27.5918073,91.8615981,amenity,place_of_worship,
n,6957369585,27.5982499,91.8692533,amenity,place_of_worship,Tibetan Prayer Wheel
n,6957369685,27.576735,91.8610816,amenity,place_of_worship,Tibetan Prayer Wheel
n,6959375313,25.5952076,91.8974148,shop,bakery,Gateau Bakes
n,6959375314,25.595413,91.89568,amenity,restaurant,Meaty Delights
n,6959463413,25.5922321,91.9046421,amenity,cafe,Cafe Sola
n,6959477057,25.5912784,91.9032286,amenity,place_of_worship,Lumshyiap Presbyterian Church
n,6959481322,25.5829094,91.889945,amenity,restaurant,Merin's Restaurant
n,6959495983,25.5931372,91.903867,amenity,college,Bellefonte Community College
n,6959528088,25.5826709,91.9073519,amenity,police,Nongmensong Police Outpost
n,6959757718,25.57615,91.9304384,amenity,place_of_worship,Nongrah Presbyterian Church
n,6959757722,25.5705172,91.9216394,amenity,university,Martin Luther Christian University
n,6959778885,27.5944665,91.8717663,amenity,restaurant,Sonam Restaurant
n,6959873285,27.5943066,91.8694794,amenity,restaurant,Joyguru
n,6959899656,25.568294,91.9134234,amenity,police,Rynjah Police Station
n,6959904411,25.5809878,91.8873322,amenity,bank,State Bank of India
n,6959952513,25.5810538,91.8873494,shop,yes,Unique Sweets
n,6959952514,25.5815556,91.888263,shop,alcohol,
n,6959952534,25.5741971,91.8907431,amenity,place_of_worship,Garo Baptist Church
n,6959952545,25.577626,91.8849831,amenity,restaurant,City Hut Family Dhaba
n,6959952550,25.5770121,91.8834264,amenity,bus_station,
n,6959952551,25.5764671,91.8823959,shop,mall,Marba Hub
n,6959952552,25.5765205,91.8824055,amenity,fast_food,KFC
n,6959952553,25.5763689,91.8823577,amenity,fast_food,Subway
n,6959952555,25.5763224,91.8823673,shop,watches,
n,6959952556,25.5764137,91.8821342,shop,computer,Technostuff
n,6959952558,25.5761956,91.8838789,amenity,cafe,Cafe Coffee Day
n,6959952561,25.5763307,91.8830442,amenity,bank,Bank of Baroda
n,6959952562,25.5764274,91.8833077,amenity,bank,HDFC Bank
n,6959952563,25.5764196,91.8833738,shop,music,Melody Music Store
n,6959952564,25.5764032,91.8835323,shop,photo,Highland Studio
n,6959992042,25.5762181,91.8819507,amenity,doctors,
n,6959992043,25.5761762,91.8820392,shop,alcohol,
n,6959992044,25.5777494,91.8806947,amenity,restaurant,Regal Restaurant
n,6959992046,25.5778946,91.8803424,shop,yes,Unique Sweets
n,6959992076,25.5865797,91.8772683,amenity,cafe,Open Up Cafe
n,6959992079,25.5903507,91.8758012,amenity,college,Seng Khasi College
n,6959992082,25.5918768,91.8733352,amenity,fuel,HP
n,6959992083,25.5923158,91.8730993,shop,car,Stanley Roy Construction
n,6959992084,25.5926145,91.8716032,amenity,place_of_worship,Church of God Ecclesia
n,6960053146,25.5905156,91.8741884,amenity,place_of_worship,Mawlai Presbyterian Church
n,6960053150,25.5834468,91.8728949,shop,car_repair,Maruti Service Center
n,6960053164,25.5803352,91.8728956,amenity,police,Lumdiengjri Police Station
n,6960053165,25.5805383,91.8731623,amenity,bank,State Bank of India
n,6960053166,25.5809339,91.8732749,amenity,place_of_worship,
n,6960060186,25.582862,91.8749042,amenity,college,Synod College
n,6960060191,25.5815491,91.8784705,amenity,place_of_worship,Church of God Ecclesia
n,6960060192,25.5813577,91.8785746,amenity,place_of_worship,St. Joseph's Church
n,6960060193,25.5819571,91.8785065,amenity,cafe,
n,6961250010,27.5929689,91.8730324,amenity,restaurant,Baba Loknath
n,6961282585,27.5754523,91.8620056,amenity,place_of_worship,Tibetan Prayer Wheel
n,6961304585,27.5804604,91.8589612,amenity,place_of_worship,
n,6961488485,27.5908708,91.8655933,amenity,place_of_worship,
n,6961507587,27.5948315,91.8702674,amenity,restaurant,Dragon Restaurant
n,6964082602,26.0201374,89.9954351,amenity,restaurant,Tourist Lodge Restaurant
n,6965434985,27.5999666,91.8575725,amenity,place_of_worship,
n,6965461986,27.5942235,91.861083,amenity,cafe,Dharma Coffee House
n,6965769686,27.6120233,91.8558675,amenity,place_of_worship,Stupa
n,6965872187,27.6116448,91.8685004,amenity,place_of_worship,Tibetan Prayer Flags
n,6965872188,27.5948413,91.8693321,shop,bakery,Dawn Hill Bakers
n,6965931286,27.594795,91.8695677,shop,gift,Monyul Gift Corner
n,6969692302,25.5553766,91.957356,amenity,college,Nichols Roy Bible Seminary
n,6969705850,25.5506919,91.9069441,shop,car,Goenka Hyundai Service Center
n,6969705851,25.5513793,91.9066274,shop,car,Renault
n,6969705852,25.5533107,91.9065073,shop,car,Rani Motors
n,6969705853,25.5608599,91.911378,amenity,hospital,Supercare Hospital
n,6969705975,25.5258015,91.8868942,shop,car,Maruti True Value Cars
n,6969819078,25.5658671,91.9112432,amenity,hospital,The Children's Hospital
n,6969819079,25.565293,91.9109243,amenity,place_of_worship,"Church of God M & A, Pohkseh"
n,6969847909,25.5587389,91.904095,amenity,university,"Rajiv Gandhi Indian Institute of Management, Shillong"
n,6969847912,25.5606489,91.905929,shop,convenience,
n,6969847913,25.5606048,91.9055268,amenity,restaurant,
n,6970682885,25.523045,91.2746977,amenity,fuel,petrol station indian oil
n,6970682886,25.5413799,91.3348115,amenity,fuel,
n,6970820785,27.5934521,91.8725759,amenity,restaurant,Mon Valley
n,6972035185,26.3290518,91.0057262,amenity,restaurant,Paradox (first floor)
n,6975703060,25.5712198,91.883773,amenity,bank,HDFC Bank
n,6975703061,25.5713728,91.883773,amenity,bank,ICICI Bank
n,6975703065,25.5725519,91.8845332,shop,convenience,Raps
n,6975703066,25.5748622,91.8852102,amenity,restaurant,Tid Bitz
n,6975703067,25.5752481,91.8840352,amenity,restaurant,
n,6975703074,25.5747685,91.8848732,amenity,bank,Meghalaya Cooperative Apex Bank
n,6975742085,26.5831664,93.4031724,amenity,place_of_worship,Hindu shrine
n,6975742185,26.5833384,93.4031173,amenity,restaurant,Puri & tea street stalls
n,6975742285,26.5838799,93.4034182,shop,gift,Handicrafts & Kaziranga tea liquor
n,6975814561,25.5697437,91.8978465,amenity,bank,HDFC Bank
n,6975814562,25.569635,91.8979464,shop,electrical,Banka Electricals
n,6975814693,25.5649157,91.9008283,amenity,restaurant,Southern Taste
n,6975815590,25.565077,91.9005751,shop,car,Orange Nissan
n,6975841819,25.563457,91.9043275,shop,car,Rani Motors
n,6975841820,25.5617154,91.9056208,shop,motorcycle,Shadap Automobiles
n,6975841821,25.5611669,91.9069616,amenity,restaurant,Slice of Shillong
n,6975841822,25.5610441,91.9067843,amenity,doctors,
n,6975841823,25.5601491,91.9070503,shop,hardware,S Hardwares
n,6975841829,25.5590618,91.9099476,amenity,fuel,
n,6975841831,25.5592314,91.9098217,shop,electrical,
n,6975852124,25.5718996,91.9079341,amenity,fuel,
n,6975896981,25.5666978,91.9106059,shop,bakery,
n,6975896982,25.5602305,91.9066316,shop,bakery,
n,6975896983,25.560481,91.9054445,amenity,cafe,Neef Bistro
n,6975896984,25.5594536,91.9050582,amenity,fast_food,
n,6975904528,25.5671026,91.9027861,amenity,cafe,Lighthouse Cafe
n,6975904529,25.5646895,91.9030226,amenity,bank,State Bank of India
n,6975904985,25.5604754,91.9055594,shop,stationery,
n,6975904986,25.5595875,91.9049944,shop,general,
n,6975904989,25.5603011,91.9055089,shop,second_hand,
n,6975905712,25.5604549,91.906429,shop,hardware,
n,6975905713,25.560737,91.9063046,shop,general,
n,6975905714,25.560628,91.9064184,shop,baby_goods,
n,6975942519,25.5531765,91.9059431,amenity,fuel,
n,6975942520,25.5520843,91.9060225,amenity,bank,State Bank of India
n,6975942521,25.5520186,91.9064459,amenity,restaurant,By The Way
n,6975942528,25.5421446,91.8973019,amenity,fuel,
n,6979388885,26.9469101,94.1658909,shop,confectionery,Janata sweets
n,6979404985,26.9447337,94.1645906,amenity,police,Majuli Police Station
n,6979405485,26.9814091,94.1571571,amenity,restaurant,Ural restaurant
n,6979409486,26.9836992,94.1561382,amenity,fast_food,KFC Majuli
n,6979409488,26.9847639,94.1537439,amenity,restaurant,Do:Ko Okoum restaurant
n,6979540287,26.9177858,94.2663778,amenity,place_of_worship,Dakhinpat Satra
n,6979548685,26.9547584,94.2874152,amenity,bank,United Bank of India
n,6984093983,26.9807553,94.1571075,amenity,restaurant,Roti plate & tea stall
n,6984192487,25.211927,92.3740675,amenity,fuel,Indian Oil
n,6984396293,26.9800927,94.1575779,amenity,restaurant,Dutta restaurant
n,6984444197,26.9853939,94.1546479,amenity,restaurant,Hotel Ranjan restaurant
n,6986458601,26.9553834,94.1702761,shop,confectionery,Indian sweets and tea
n,6986469097,25.6772616,94.1123872,amenity,place_of_worship,Christain Revival Church. Kohima Village
n,6986471204,25.6791097,94.1127099,amenity,bank,Rural Bank
n,6986481464,25.6811039,94.1124551,amenity,bank,Bhandan Bank
n,6986489061,25.6786939,94.1130988,amenity,bank,ATM
n,6986491729,25.6834269,94.1114117,amenity,bank,ATM
n,6986506585,26.9454375,94.1645849,shop,bakery,Dimpi sweets & bakery
n,6986513710,25.6771903,94.1104649,amenity,place_of_worship,Hindi Church
n,6986532942,25.6953355,94.09766,amenity,bank,ATM
n,6986536575,25.6910093,94.09696,amenity,bank,ATM
n,6986541542,25.6987651,94.0992618,amenity,place_of_worship,ACRCC Mission Centre
n,6986548125,25.6800826,94.1076358,amenity,place_of_worship,CRC
n,6986663585,25.5734159,91.8830383,amenity,bus_station,Sumo stand
n,6989363585,27.083759,94.2935991,amenity,cafe,Cafe 99
n,6991380185,26.9859543,94.1537513,amenity,restaurant,Paratha & tea local restaurant
n,6991551586,26.7546862,94.1923462,amenity,cafe,Cafe Beans coffee shop
n,6991835987,25.5713101,91.8964032,amenity,cafe,Gazebo restaurant & cafe
n,6991914485,25.609442,91.9021034,amenity,cafe,Chill Out Cafe
n,6992007186,25.5961224,91.89895,amenity,cafe,You & I Arts Cafe
n,6992020485,25.5723977,91.893008,amenity,cafe,Living Roof
n,6992020486,25.5617965,91.9084678,amenity,cafe,The Cottage Cafe
n,6992022285,25.5690282,91.8985935,amenity,cafe,Swish Cafe
n,6992022287,25.5710741,91.8960707,amenity,cafe,Bread Cafe
n,6992029986,25.5600568,91.9054465,amenity,restaurant,Kreva Burgers
n,6992032285,25.5582184,91.903751,amenity,cafe,Smoky Falls Coffee
n,6992054885,25.5458599,91.8390205,amenity,cafe,ML 05 Cafe
n,6992055585,25.5703152,91.8946515,amenity,cafe,Cafe Shillong
n,6992057285,25.5707706,91.8943481,amenity,cafe,Mellow Mood Cafe
n,6992065785,25.5765529,91.8828399,amenity,cafe,Smoky Falls Tribe Coffee
n,6992169985,26.7600665,94.2108274,amenity,restaurant,Local restaurant
n,6994710100,25.1853472,92.0201391,amenity,restaurant,Tiewlily Bengali restaurant
n,6994713804,25.1850657,92.0200133,amenity,restaurant,DAS Hotel restaurant
n,6994716187,25.1852169,92.0199103,amenity,restaurant,LT Hotel Bengali Dish
n,6994915285,25.1856099,92.0196514,amenity,restaurant,Baiana Hotel restaurant
n,6995383589,25.1855736,92.0200862,shop,hairdresser,
n,6995383590,25.1858528,92.0198881,shop,hairdresser,
n,6996288286,25.1856939,92.0209225,shop,supermarket,Dawki marketplace
n,6996288686,25.186858,92.0228758,amenity,place_of_worship,Catholic Church
n,6996296585,25.1852587,92.0206003,amenity,restaurant,Chyn’s multicuisine
n,6996318985,25.2080873,92.0076533,amenity,restaurant,Hadassa’s
n,7003803328,25.2332375,92.0301616,amenity,restaurant,Local bamboo hut restaurant
n,7006897997,26.5210105,93.9728825,amenity,college,D. R. College Ground
n,7006997508,26.5143435,93.9671632,amenity,school,VKV School Ground
n,7006997521,26.5137782,93.9666992,amenity,school,KKBB School Ground
n,7006997537,26.5106988,93.9717981,amenity,marketplace,Chowk Bazaar
n,7007177888,26.5202868,93.9754002,amenity,college,Reliance College Jr. Ground
n,7007177923,26.510048,93.9738363,amenity,bank,Punjab National Bank
n,7007177928,26.5111257,93.9730531,amenity,bank,State Bank of India
n,7007177929,26.5107681,93.9730799,amenity,bank,Indian Bank
n,7007177930,26.510144,93.9737451,amenity,bank,Indian Overseas Bank
n,7007177931,26.5108917,93.9709663,amenity,bank,IDBI Bank
n,7007177974,26.5108149,93.966947,amenity,bank,ICICI Bank
n,7007177975,26.5102593,93.9692993,amenity,bank,Vijaya Bank
n,7007177976,26.5102221,93.9693771,amenity,bank,Bank of Baroda
n,7007177983,26.5092908,93.9697177,shop,electronics,Samsung
n,7007177984,26.509934,93.968673,shop,yes,LG Brand Shoppe
n,7007177994,26.507442,93.9734165,amenity,bank,HDFC Bank
n,7007177995,26.5070766,93.9735359,amenity,bank,Axis Bank
n,7007177996,26.5039706,93.9727057,amenity,place_of_worship,Gurudwara Sahib
n,7007177997,26.5043318,93.9723758,amenity,bank,State Bank of India
n,7007178006,26.5230863,93.9711326,amenity,place_of_worship,Baptist church
n,7007178017,26.5243739,93.9712412,shop,car,Renault
n,7007178020,26.5202496,93.9719037,amenity,place_of_worship,Vishnu Temple
n,7007178021,26.5213548,93.9715926,amenity,fuel,Bharat Petroleum
n,7007178028,26.5137407,93.9630162,amenity,school,Sacred Heart School (SHS)
n,7007178029,26.5105917,93.9705506,amenity,place_of_worship,Sanātana Dharma Temple
n,7007551094,25.2016231,91.9155596,amenity,cafe,Milk tea stall
n,7007617788,25.201359,91.9158704,amenity,restaurant,Local restaurant
n,7007621985,25.201629,91.9158885,amenity,restaurant,Dapbiang restaurant
n,7007621986,25.2013831,91.915756,amenity,restaurant,Local restaurant veg thali
n,7007677485,25.201544,91.9153807,amenity,restaurant,Kiew Shaphrang
n,7007680185,25.2024091,91.9149499,amenity,restaurant,Hala Rympei
n,7007705686,25.2063067,91.9093,shop,ticket,Entrance fee 10 rupees
n,7007712486,25.2044464,91.9125569,shop,ticket,Entrance fee 50 rupees
n,7007835385,25.2079105,91.8909321,shop,ticket,Entrance fee 30 rupees
n,7007835386,25.2064582,91.8979328,shop,ticket,Entrance fee 40 rupees
n,7007891785,25.2039529,91.8900459,shop,funeral_directors,Cemetery
n,7007942586,25.2008561,91.9322956,amenity,place_of_worship,Nongtyngur Church
n,7008128385,25.5755535,91.8811898,amenity,restaurant,Lamee Restaurant
n,7010845286,25.2344432,91.7343608,amenity,cafe,
n,7010864185,25.2702609,91.7319735,amenity,restaurant,Vibggyor
n,7010864186,25.2701424,91.7325173,amenity,restaurant,Halari
n,7012998286,25.2443913,91.7241438,shop,ticket,Entrance fee 30 rupees
n,7013049985,25.234207,91.7344786,amenity,cafe,Sohra House Cafe
n,7013121685,25.2353057,91.7320701,shop,funeral_directors,Cemetery
n,7013270985,25.2456238,91.7374564,shop,ticket,Entrance fee 20 rupees
n,7013405187,27.4797219,94.9051674,amenity,fast_food,Domino's
n,7013416585,25.2849191,91.7218014,amenity,bank,State Bank of India
n,7013420485,25.2859124,91.7205201,amenity,restaurant,Nalgre restaurant
n,7013420486,25.2855607,91.7208408,amenity,restaurant,Golden Spoon Dhaba Sohra
n,7013420487,25.285752,91.7210432,amenity,restaurant,Synrem Bhojanalaya
n,7015966385,25.5433688,92.097856,amenity,restaurant,
n,7016156487,25.4681884,92.1827466,shop,bakery,Amazing little bakery! No idea why it's right there.
n,7016214985,25.2399233,91.6812911,amenity,restaurant,Rose Mary restaurant
n,7016215085,25.2399797,91.6810491,amenity,restaurant,Local restaurant
n,7016225985,25.2508108,91.6725693,amenity,cafe,Arnes Wooden Hut
n,7016273298,25.2507487,91.6717258,amenity,cafe,3 sister’s tea stall
n,7016652286,25.2603791,91.6765746,shop,convenience,
n,7017986475,26.4864359,91.5986824,amenity,place_of_worship,Tarani Hari Mandir
n,7017989702,26.5067826,91.5985876,amenity,place_of_worship,Tulsibari Durga Mandir
n,7017989705,26.4461741,91.6175082,amenity,college,
n,7017989706,26.4374139,91.6236684,amenity,place_of_worship,Rangia Shiv Mandir
n,7018601750,26.5042854,91.5962308,amenity,police,Tulsibari Police Out Post
n,7018629328,26.4924963,91.5986353,amenity,college,Baidyagarh Girls ME School
n,7021302540,24.8076074,93.111759,amenity,police,Check post - foreigners registration
n,7021481310,24.3168337,92.0659392,amenity,place_of_worship,Group of Sivalinga
n,7021481311,24.3153564,92.0657587,amenity,place_of_worship,Kalyanasundaramurty
n,7024797185,24.770337,93.2521968,amenity,restaurant,Oinamlong
n,7025068785,25.5707589,91.8972352,shop,confectionery,Rajshree Indian sweets
n,7025530785,25.5711694,91.8898243,amenity,cafe,Soul Cafe
n,7025782486,25.5693194,91.898119,amenity,cafe,The Grub
n,7026084985,24.8355755,93.4812751,amenity,restaurant,
n,7035302085,24.788222,93.9404021,amenity,cafe,Books & Coffee
n,7035449585,24.7930777,93.9279594,amenity,restaurant,Laziz Pizza
n,7037458784,26.5032344,93.9770924,amenity,college,Hemo Prova Borbora (HPB) Girls College Ground
n,7037458832,26.5074713,93.9762275,amenity,place_of_worship,Jain Temple
n,7037458848,26.532292,93.9593376,amenity,college,Golaghat Engineering College (GEC)
n,7037458888,26.5282958,93.9738267,amenity,college,Residential Girls Polytechnic College Ground
n,7040439285,25.1746253,90.5215882,amenity,police,"Border, no acces for foreigners"
n,7041285685,24.7683005,93.9368477,amenity,restaurant,Delicious food restaurant
n,7055196385,24.8284161,92.7997361,amenity,fuel,Indian Oil
n,7095155800,24.7463548,93.4250735,amenity,hospital,CHC Nungba
n,7095155801,24.692785,93.803986,amenity,clinic,PHC Oinam
n,7095155806,25.0981451,94.3651788,amenity,hospital,Ukhrul District Hospital
n,7095155808,24.7729916,93.8356766,amenity,clinic,Khumbong PHC
n,7095155813,24.3429852,93.6928709,amenity,hospital,Churachandpur District Hospital
n,7095155816,24.851633,93.622747,amenity,clinic,PHC Longmai (Noney)
n,7095155828,24.9855683,93.5025164,amenity,hospital,"District Hospital, Tamenglong"
n,7095155851,24.70169,93.861783,amenity,clinic,PHC Leimapokpam
n,7095155852,24.735784,93.876711,amenity,clinic,Mekola PHC
n,7095155859,24.846937,93.812648,amenity,clinic,Phayeng PHC
n,7095155862,24.876699,93.685269,amenity,clinic,PHC Haochong
n,7095155863,24.148903,93.594757,amenity,clinic,Community Health Center Singhat
n,7095155876,24.8072194,93.1142523,amenity,hospital,Jiribam CHC
n,7095155880,24.7425501,93.2678597,amenity,clinic,PHC Oinamlong
n,7095155881,24.2571178,93.1066775,amenity,hospital,Parbung district Hospital
n,7099561458,26.1190373,90.0255937,railway,station,Alamganj
n,7099593560,26.2045466,90.1205867,railway,station,Bagribari
n,7099895549,26.0228197,89.9779442,railway,station,Dhubri
n,7099901986,26.077224,89.9555665,railway,station,Gauripur
n,7100882231,25.750121,93.960994,amenity,clinic,Primary Health Centre Piphema
n,7100882236,26.7238973,95.0287876,amenity,hospital,"Mon, District Hospital"
n,7100882239,25.411608,93.642689,amenity,clinic,"Azailong, PHC"
n,7100882241,26.2529567,94.8178952,amenity,hospital,"Tuensang, District Hospital"
n,7100882248,25.8826359,94.781588,amenity,hospital,"Kiphire, District Hospital"
n,7100882252,26.4929778,94.8042633,amenity,hospital,"Longleng, District Hospital"
n,7100882259,25.734052,93.8523098,amenity,clinic,"Molvom, PHC"
n,7100882264,25.904959,93.731523,amenity,hospital,"District Hospital, Dimapur"
n,7100882272,26.0030617,94.5236166,amenity,hospital,"Zunheboto, District Hospital"
n,7100882276,25.5452776,93.6280258,amenity,clinic,Athibung
n,7100882279,25.76274,93.884455,amenity,hospital,"CHC, Medziphema"
n,7100882283,25.5354667,93.7352403,amenity,hospital,"Peren, District Hospital"
n,7100882296,26.2004719,95.0251042,amenity,hospital,"Govt. Hospital, Noklak"
n,7103310140,26.1258634,92.0215581,railway,station,Tetelia
n,7103971896,26.9922136,95.5008622,amenity,hospital,"District Hospital, Khonsa"
n,7106704703,26.182101,91.8333811,railway,station,Narangi
n,7110777758,26.1874453,91.7414934,amenity,bank,IDBI Bank
n,7113122699,26.1850351,91.7590222,shop,laundry,Novex
n,7113216241,26.1572797,91.6920689,railway,station,Kamakhya Junction
n,7113614575,25.5193342,91.2666678,amenity,restaurant,
n,7113634613,25.5196046,91.2673246,amenity,restaurant,
n,7113638229,25.251846,91.6723904,amenity,cafe,
n,7113639403,25.2858872,91.7173709,amenity,place_of_worship,Ramkrishnan Mission
n,7113643644,25.4177395,91.7856609,amenity,restaurant,
n,7113646918,25.2521915,91.6730378,amenity,cafe,
n,7113647659,25.3280781,91.7319508,amenity,restaurant,
n,7113652142,25.5567134,91.9135514,amenity,restaurant,
n,7122862136,26.1020792,91.616621,railway,station,Azara
n,7123383785,26.0731453,91.5180445,railway,station,Mirza
n,7127657825,24.1903303,92.1042451,amenity,hospital,Pecharthal Hospital
n,7127657835,24.304628,92.033346,amenity,hospital,"District Hospital, Unakoti"
n,7127964385,24.4799231,93.8082366,shop,ticket,Foreigners 200 INR
n,7129320089,26.0551154,91.3703245,railway,station,Chaygaon
n,7134808985,27.2374557,94.1076254,amenity,bus_station,Private Bus Stand
n,7138514484,24.8071584,93.1136447,shop,optician,
n,7138519880,24.7893878,93.0294746,amenity,restaurant,
n,7138519881,24.2605613,94.2863846,amenity,fuel,
n,7138528158,24.8071995,93.1136182,shop,beauty,
n,7138528165,24.2478182,94.303769,shop,shoe_repair,Cobbler
n,7138537641,24.821541,93.5629662,amenity,restaurant,
n,7138539058,24.8702861,92.5572036,amenity,restaurant,
n,7138539068,24.7952164,93.8888476,amenity,fuel,
n,7138539458,24.8078691,93.1129615,amenity,bank,United bank of india
n,7138547739,24.2493852,94.3017771,amenity,restaurant,
n,7138548117,25.5107094,92.1629554,amenity,fuel,Indian Oil
n,7138551002,25.0147249,92.5015029,amenity,restaurant,
n,7138551882,24.8071619,93.1135901,shop,photo_studio,
n,7138552150,24.2457775,94.3069856,amenity,restaurant,Laxmi Hotel
n,7138552987,25.4566305,92.2937594,amenity,fuel,
n,7138553219,24.2474615,94.3052514,amenity,restaurant,
n,7138553367,24.8295611,92.7452254,amenity,fuel,Reliance petrol
n,7138554711,25.2083287,92.3738329,amenity,marketplace,
n,7138559487,24.8695991,92.5570273,amenity,police,Badarpur Police Station
n,7138559627,24.8076838,93.1134893,amenity,restaurant,
n,7138560197,24.7473284,93.4205384,amenity,fuel,
n,7138562116,25.469038,92.2817249,amenity,fuel,Reliance
n,7138660278,25.5179517,90.1704141,amenity,hospital,Holy Cross Hospital
n,7138660279,25.556393,91.2290792,amenity,hospital,Nongstoin Civil Hospital
n,7138660288,25.1987267,90.6309637,amenity,hospital,"Capt. Williamson Memorial Hospital, Baghmara"
n,7138660292,25.5678212,91.8570789,amenity,clinic,Shastri Memorial State Dispensary
n,7138660296,25.9341552,91.5771171,amenity,clinic,Jirang State Dispensary
n,7138660298,25.560466,91.6307355,amenity,hospital,Holy Cross Private Hospital
n,7138660307,25.444011,92.198903,amenity,hospital,Dr. Norman Tunnel Hospital
n,7138660313,25.514655,90.219953,amenity,hospital,Tura Maternity and Child Hospital(SDH)
n,7138660328,25.5948315,91.8814234,amenity,clinic,Nehru Memorial State Dispensary
n,7138660337,25.5541791,91.6330915,amenity,hospital,Tirot Sing Memorial Hospital
n,7138660341,25.56476,91.876921,amenity,clinic,Laban State Dispensary
n,7138660362,25.667026,91.904752,amenity,clinic,Barapani St. Dispensary
n,7138660367,25.5701225,91.9137392,amenity,clinic,Rynjah State Dispensary
n,7138660375,25.467945,92.260988,amenity,hospital,Jowai Civil Hospital
n,7138660381,25.5146304,90.6046435,amenity,hospital,Williamnagar Civil Hospital
n,7138660400,25.593203,90.588593,amenity,clinic,Rongrengre St. Dispensary
n,7138660404,25.5762376,91.8666306,amenity,hospital,Reid Provincial Chest Hospital
n,7141409144,26.0149836,91.2958047,railway,station,Bamunigaon
n,7141886460,25.9996208,91.2189943,railway,station,Boko
n,7142134186,27.2026883,94.44346,amenity,bus_station,
n,7150731679,26.0761747,90.3885912,amenity,clinic,"State Dispensary, Baguan"
n,7150731685,25.96612,93.437221,amenity,clinic,"BPHC, Manja"
n,7150731687,24.7895531,92.4123411,amenity,clinic,"Mini PHC, Kaliganj"
n,7150731689,25.9629778,91.0542472,amenity,hospital,Bikali Model Hospital
n,7150731694,24.8434259,92.3111967,amenity,clinic,"State Dispensary, Maizgram"
n,7150731697,24.8821819,93.0637604,amenity,hospital,Joypur Government Hospital
n,7150731698,26.1920322,89.9036243,amenity,clinic,"State Dispensary, Bashbari"
n,7150731699,26.113268,92.082104,amenity,clinic,"State Dispensary, Khetri"
n,7150731700,25.9949777,93.4111539,amenity,doctors,"SHC, Mohongdijua"
n,7150731701,24.9684172,92.5730099,amenity,hospital,"F.R.U, Kalain"
n,7150731703,26.0295044,90.1432363,amenity,clinic,Medertary State Dispensary
n,7150731704,24.8874935,92.8855927,amenity,clinic,"BPHC, Udharbond"
n,7150731705,24.4343511,92.3167195,amenity,doctors,"SHC, Bazaricherra"
n,7150731708,25.497492,89.865075,amenity,clinic,"State Dispensary,Kakripara"
n,7150731713,24.6133722,92.5982471,amenity,clinic,"State Dispensary,Nityanandpur"
n,7150731714,26.1212135,91.9761266,amenity,hospital,Sonapur District Hospital
n,7150731719,26.047343,91.062032,amenity,clinic,"State Dispensary, Hekera"
n,7150731723,26.066582,91.165903,amenity,clinic,"State Dispensary, Chamaria"
n,7150731726,24.7615321,92.5937854,amenity,clinic,"PHC, Algapur"
n,7150731727,26.140975,91.6420851,amenity,clinic,"State Dispensary, Jalukbari"
n,7150731729,25.9389326,91.1417289,amenity,clinic,Dhupguri State Dispensary
n,7150731730,24.75605,92.83407,amenity,clinic,"SHC, Sonabarighat"
n,7150731734,25.9667912,90.889221,amenity,clinic,"State Dispensary, Darrangiri"
n,7150731737,26.1542429,91.8315083,amenity,clinic,"State Dispensary, Satgaon"
n,7150731741,24.849582,92.492738,amenity,clinic,Mahakal TC (PHC)
n,7150731743,25.9889135,90.17771,amenity,clinic,"State Dispensary, Dhumerghat"
n,7150731745,24.822849,92.432166,amenity,hospital,Kachuadam MG Model Hospital
n,7150731746,26.0989523,92.3119577,amenity,clinic,"State Dispensary, Nellie"
n,7150731748,24.883091,92.3098,amenity,hospital,Girishganj Model Hospital
n,7150731751,24.8649571,92.476133,amenity,clinic,Bhanga Health centre
n,7150731752,26.1069887,90.7899875,amenity,clinic,"State Dispensary, Dolgoma"
n,7150731753,26.0237647,90.5695016,amenity,clinic,"State Dispensary, Bodahpur"
n,7150731754,24.9193114,93.1136507,amenity,clinic,"BPHC, Harinagar"
n,7150731758,24.277157,92.52125,amenity,clinic,Gharmura FV PHC
n,7150731759,26.124633,91.617525,amenity,hospital,Azara 30 Bedded Rural Hospital(F.R.U)
n,7150731762,24.584103,92.3411897,amenity,hospital,Patherkandi MG Model Hospital
n,7150731765,25.721206,89.9047078,amenity,hospital,"Civil Hospital, Hatsingimari"
n,7150731766,24.5687234,92.463196,amenity,clinic,"PHC, R. K. Nagar"
n,7150731767,26.1392575,91.7907585,amenity,clinic,Capital State Dispensary
n,7150731769,25.849921,92.8781343,amenity,hospital,Kheroni Model Hospital
n,7150731770,24.683782,92.8448811,amenity,clinic,"Mini PHC, Narsingpur"
n,7150731781,26.1606497,91.6887221,amenity,hospital,Pandu FRU Hospital
n,7150731782,26.0721449,90.9232097,amenity,clinic,Simlitola dispensary
n,7150731784,24.8099512,93.105894,amenity,hospital,Jirighat Hospital
n,7150731786,26.1582289,91.6576111,amenity,clinic,"State Dispensary, Garigaon"
n,7150731790,26.1855246,89.835777,amenity,clinic,"State Dispensary, Kachokhana"
n,7150731791,26.0884542,92.9962842,amenity,clinic,"State Dispensary, Dighaljar"
n,7150731794,24.824249,92.6621686,amenity,hospital,Salchapra Hospital
n,7150731795,26.1036737,92.1365073,amenity,clinic,"State Dispensary, Dimoria"
n,7150731796,25.978309,91.474852,amenity,clinic,"State Dispensary, Loharghat"
n,7150731798,26.1091148,91.4806194,amenity,clinic,"State Dispensary, Nahira"
n,7150731799,26.0112846,91.2996591,amenity,hospital,Bamunigaon Model Hospital
n,7150731800,24.869951,92.6966173,amenity,clinic,"State Dispensary, Gonirgram"
n,7150731805,26.0185929,91.194858,amenity,clinic,"State Dispensary, Bhalukghata"
n,7150731807,24.4723897,92.5520013,amenity,clinic,"PHC,Katlicherra"
n,7150731810,25.1147869,92.8546589,amenity,clinic,"PHC, Harangajao"
n,7150731814,25.7400123,92.9143698,amenity,clinic,"Mini PHC, Diyungmukh"
n,7150731815,24.5163595,92.6140897,amenity,hospital,Vernerpur T.E. Hospital
n,7150731818,25.584891,89.88231,amenity,hospital,Jhowdanga hospital
n,7150731819,24.732586,92.889607,amenity,clinic,"BPHC,Sonai"
n,7150731820,26.130283,89.872364,amenity,clinic,"State Dispensary, Moterjhar"
n,7150731825,26.146862,91.060319,amenity,clinic,"State Dispensary, Kachumara"
n,7150731828,26.165505,91.727046,amenity,clinic,"State Dispensary, West Guwahati"
n,7150731829,24.74495,92.350035,amenity,clinic,"PHC, Nilambazar"
n,7150731834,26.1495333,91.6674002,amenity,hospital,Govt. Ayurvedic College & Hospital
n,7150731838,25.9829392,90.7895475,amenity,hospital,Dudhnoi (F.R.U)
n,7150731841,26.1037304,91.7520264,amenity,clinic,"State Dispensary, Lakhara"
n,7150731842,25.9686844,91.4222417,amenity,clinic,"State Dispensary, Kulshi"
n,7150731843,24.8766476,92.5730321,amenity,hospital,KATIGORAH MODEL HOSPITAL
n,7150731844,26.1001387,90.3378197,amenity,clinic,"State Dispensary, Chunari"
n,7150731846,24.8574911,92.697908,amenity,clinic,"Mini PHC, Rajnagar"
n,7150731847,26.105427,91.2606686,amenity,clinic,"State Dispensary, Alikash"
n,7150731850,26.115257,91.46451,amenity,hospital,Guimara Hospital
n,7150731852,24.9258746,92.7474569,amenity,clinic,"BPHC, Borkhola"
n,7150731853,24.487602,92.26753,amenity,clinic,"PHC, Tilbhum"
n,7150731854,26.1146348,93.0355876,amenity,hospital,"CHC, Howraghat"
n,7150731856,25.1327,93.017566,amenity,clinic,"State Dispensary, Jatinga"
n,7150731857,24.3188551,92.5268092,amenity,clinic,"State Dispensary, Jamira"
n,7150731859,26.0333289,90.7482816,amenity,clinic,"State Dispensary, Dohela Majakhili"
n,7150731863,26.0506369,91.3945081,amenity,clinic,"State Dispensary, Chhaygaon"
n,7150731865,24.6759815,92.7396645,amenity,clinic,"Mini PHC, Borjalenga"
n,7150731867,26.0653299,91.5282389,amenity,clinic,"State Dispensary, Moniari Tiniali"
n,7150731869,24.6718333,92.5632382,amenity,hospital,"Civil Hospital, Hailakandi"
n,7150731870,26.1671521,92.6537353,amenity,hospital,Kampur Hospital
n,7150731871,26.1494815,91.9771078,amenity,clinic,"State Dispensary, Digaru"
n,7150731874,24.7637523,92.4877219,amenity,clinic,"State Dispensary, Monosangan"
n,7150731877,26.0796899,89.8715609,amenity,hospital,Dhevdevi hospital
n,7150731882,26.0726361,91.8754677,amenity,clinic,"State Dispensary, Tamulikuchi"
n,7150731887,24.856214,92.652144,amenity,clinic,"Mini PHC, Fulbari"
n,7150731888,26.178878,92.3003698,amenity,clinic,"State Dispensary, Meruagaon"
n,7150731892,26.1020669,90.3944379,amenity,hospital,Ambari Bazar Model Hospital
n,7150731894,24.8616184,92.5204243,amenity,hospital,"Srigouri, CHC"
n,7150731896,26.0040694,90.8496262,amenity,clinic,"State Dispensary, Kushdhowa"
n,7150731897,24.944708,92.928747,amenity,hospital,Thaligram Hospital
n,7150731898,26.1164479,91.784179,amenity,clinic,"State Dispensary,Bhetapara"
n,7150731901,24.4147648,92.5733758,amenity,hospital,Mahatma Gandhi Model Hospital
n,7150731903,25.4972828,93.1167991,amenity,clinic,"BPHC, Langting"
n,7150731904,24.398518,92.5617115,amenity,clinic,"PHC, Manipur"
n,7150731905,26.1272002,90.5163135,amenity,clinic,"State Dispensary, Bardhamal"
n,7150731906,26.029995,92.930448,amenity,clinic,"State Dispensary, Kapash Bari"
n,7150731908,24.6030992,92.3193725,amenity,clinic,"PHC, Patherkandi"
n,7150731912,24.67941,92.341638,amenity,clinic,"Mini PHC, Baraigram"
n,7150731913,26.129282,91.8097986,amenity,clinic,"State Dispensary, Khanapara"
n,7150731914,26.0459045,89.8178868,amenity,clinic,"State Dispensary, Bherbhnagi"
n,7150731915,25.8727334,91.4454792,amenity,clinic,"State Dispensary, Rajapara"
n,7150731916,24.625834,92.356787,amenity,clinic,"State Dispensary, Duhalia"
n,7150745406,27.4765764,95.1650112,amenity,hospital,St. Lukes Hospital
n,7150745407,27.108545,95.03788,amenity,hospital,Deepling Tea Estate Hospital
n,7150745410,27.45783,94.9771994,amenity,hospital,Bokel Tea Estate Hospital
n,7150745414,26.9712074,95.0899633,amenity,hospital,Manjushree Hospital
n,7150745420,27.1958851,94.4223158,amenity,hospital,Dhakuakhana F.R.U
n,7150745422,27.386318,95.0457564,amenity,hospital,Romai Tea Estate
n,7150745424,27.1763415,94.9448362,amenity,hospital,Khumtai Tea Estate Hospital
n,7150745428,27.509819,95.017022,amenity,hospital,Greenwood Tea Estate Hospital
n,7150745429,27.2062639,94.5079045,amenity,clinic,Matmora State Dispensary
n,7150745436,27.487594,94.940004,amenity,hospital,Assam Medical College and Hospital
n,7150745443,26.975469,94.143375,amenity,clinic,"State DispensaryCH, Gormur"
n,7150745444,27.1239777,93.9295187,amenity,hospital,Laluk Model Hospital
n,7150745446,27.7246434,95.0564931,amenity,hospital,Ramdhan Dikhari Hospital
n,7150745450,27.350498,94.543537,amenity,hospital,Bengenagarah Hospital
n,7150745451,27.9255347,95.7629805,amenity,hospital,Chapakhowa F.R.U
n,7150745454,27.5094432,94.9757439,amenity,hospital,Maijan Tea Estate Hospital
n,7150745455,26.9030744,94.5398452,amenity,clinic,"Mini PHC, Charing"
n,7150745458,27.2205871,94.3159217,amenity,clinic,Bebejia State Dispensary
n,7150745459,27.4875313,94.9123192,amenity,clinic,Dibrugarh State Dispensary
n,7150745460,26.9591552,94.2791079,amenity,clinic,Bongaon State Dispensary
n,7150745461,27.4082434,95.0442162,amenity,clinic,Ghoramora State Dispensary
n,7150745466,27.4580357,94.5743654,amenity,hospital,Dhemaji Civil Hospital
n,7150745467,27.0903275,94.8081909,amenity,hospital,Mohokutie Tea Estate Hospital
n,7150745468,26.8602879,92.5577894,amenity,hospital,"Government Hospital, Dighaljuli Gaon"
n,7150745469,27.550876,95.6926,amenity,hospital,Phillobari Model Hospital
n,7150745471,26.986092,94.633868,amenity,hospital,Sibsagar Civil Hospital
n,7150745473,26.845787,91.871661,amenity,hospital,Nonaipara Hospital
n,7150745476,27.018378,95.043379,amenity,hospital,Jaboka Tea Estate Hospital
n,7150745477,27.183871,93.964693,amenity,hospital,Dolouhat Tea Garden Hospital
n,7150745478,26.867707,94.791612,amenity,clinic,"Mini PHC, Santak"
n,7150745479,27.392224,95.7743845,amenity,clinic,"State Dispensary, Inthem"
n,7150745480,26.9943545,95.0709836,amenity,hospital,Towkok Hospital
n,7150745481,27.181087,94.911762,amenity,hospital,Moranhat Government Hospital
n,7150745483,27.0797791,95.0968389,amenity,hospital,Longpatia Hospital
n,7150745488,27.032335,95.058492,amenity,hospital,Sonari Civil Hospital
n,7150745490,27.2727496,94.0174109,amenity,hospital,Deezo Tea Garden Hospital
n,7150745491,26.9676795,95.0582173,amenity,clinic,Namtola Tea Estate Dispensary
n,7150745492,27.4603111,95.0850978,amenity,hospital,Dikom Tea estate hospital
n,7150745498,27.1401547,94.1092315,amenity,hospital,Panigaon Hospital
n,7150745499,26.8361293,93.2919997,amenity,hospital,Borgang Model Hospital
n,7150745503,27.127612,94.739596,amenity,hospital,"CHC, Demow"
n,7150745504,26.8833117,94.7187187,amenity,clinic,"State DispensaryCH, Ligiripukhri Nazira"
n,7150745507,27.0258483,94.8284735,amenity,hospital,Patsaku Hospital
n,7150745508,27.1875599,94.1323744,amenity,clinic,Azad State Dispensary
n,7150745509,26.8809204,93.7538581,amenity,hospital,Kalabari Model Hospital
n,7150745512,27.2236641,95.3130304,amenity,hospital,Nigam hospital
n,7150745515,27.028934,93.834513,amenity,clinic,Kherajkhat State Dispensary
n,7150745517,27.4922491,95.0868214,amenity,hospital,Hazelbank Tea Estate Hospital
n,7150745518,26.9666701,93.8661852,amenity,hospital,Narayanpur Model Hospital
n,7150745519,27.4262225,95.7606427,amenity,clinic,"Mini PHC, Pengeri"
n,7150745527,27.2613471,94.1003308,amenity,hospital,"Civil Hospital, North Lakhimpur"
n,7150745530,27.148293,94.936707,amenity,hospital,Hingrijan Tea Estate Hospital
n,7150745532,27.837655,95.211262,amenity,hospital,Jonai Civil Hospital
n,7150745545,26.902256,94.42307,amenity,clinic,Ougari State Dispensary
n,7150745547,27.048248,94.914828,amenity,clinic,Dhemaji Desangpani State Dispensary
n,7150908485,25.6567041,94.099169,amenity,restaurant,Oppa Gimbap
n,7152416066,26.0014891,90.7618909,railway,station,Dudhnai
n,7153254921,26.2620879,91.6977421,amenity,clinic,"State Dispensary, Changsari"
n,7153254922,26.449904,94.1326737,amenity,hospital,"CHC, Borholla"
n,7153254931,26.277729,92.599186,amenity,clinic,"State Dispensary, Phulaguri"
n,7153254932,26.4107888,91.5113527,amenity,hospital,Dakshingaon Hospital
n,7153254935,26.1961824,93.9295837,amenity,hospital,Kachomari Hospital
n,7153254938,26.293048,91.7138738,amenity,clinic,"State Dispensary, Dorakohora"
n,7153254940,26.4671094,92.8179123,amenity,hospital,Kaoimari Nurul Hussain F.R.U
n,7153254945,26.4657206,92.8538766,amenity,hospital,Mowamari Model Hospital
n,7153254946,26.3664224,91.5120214,amenity,clinic,"State Dispensary, Sanekuchi"
n,7153254949,26.3663574,92.5961847,amenity,clinic,"State Dispensary, Aibheti"
n,7153254952,26.4709474,90.8027602,amenity,hospital,Manikpur Model Hospital
n,7153254953,26.4405658,90.2237457,amenity,hospital,Dhaoliguri Hospital
n,7153254955,26.3070013,92.3635211,amenity,hospital,Bhurbandha Model Hospital
n,7153254958,26.3849654,90.1292411,amenity,clinic,"State Dispensary, Pratapkhata"
n,7153254971,26.3435674,90.5154491,amenity,hospital,Boitamari Model Hospital
n,7153254972,26.2589296,92.2320563,amenity,clinic,"State Dispensary, Garmari"
n,7153254973,26.4017828,90.2742484,amenity,hospital,"RNB Civil Hospital, Kokrajhar"
n,7153254974,26.3354261,90.6647298,amenity,clinic,"State Dispensary, Abhayapuri"
n,7153254981,26.2753867,89.8144699,amenity,clinic,"State Dispensary, Baterhat"
n,7153254984,26.3527968,92.435216,amenity,clinic,"State Dispensary, Mikirbheta"
n,7153254985,26.2909012,90.2271916,amenity,clinic,"State Dispensary, Lakhiganj"
n,7153254987,26.4604684,91.8283762,amenity,hospital,Duni Model Hospital
n,7153254992,26.4256728,94.1294188,amenity,hospital,Urangial Hospital
n,7153254994,26.3666002,92.714374,amenity,hospital,"Maternity & Child Health Hospital, Mohkhuli"
n,7153254998,26.3642822,92.5542803,amenity,hospital,Ga-Khajua Hospital
n,7153254999,26.3085995,90.7792969,amenity,clinic,"State Dispensary, Rangapani"
n,7153255004,26.2282126,92.2764015,amenity,clinic,"State Dispensary, Baghara"
n,7153255009,26.4457506,91.2595742,amenity,hospital,"Mahatma Gandhi Model Hospital , Makhibaha"
n,7153255010,26.3792006,94.1396357,amenity,clinic,"Mini PHC, Raidangjuri"
n,7153255011,26.3163076,90.4669228,amenity,clinic,"State Dispensary, Bahalpur"
n,7153255014,26.3938604,90.2018279,amenity,clinic,"State Dispensary, Sukhanjhora"
n,7153255021,26.406486,90.590941,amenity,clinic,"State Dispensary, Majgaon"
n,7153255029,26.423051,93.7449144,amenity,clinic,"BPHC, Chowkihola"
n,7153255032,26.2927182,93.989693,amenity,clinic,"Mini PHC, Kachamari"
n,7153255034,26.4631032,94.0962738,amenity,clinic,"Mini PHC, Athkhelia"
n,7153255036,26.282504,90.778365,amenity,hospital,Chandamama Model Hospital
n,7153255042,26.1982351,91.5401705,amenity,clinic,"State Dispensary, Dampur"
n,7153255050,26.3034343,90.5844616,amenity,clinic,"State Dispensary, Bishnupur"
n,7153255053,26.374117,90.764245,amenity,hospital,Kirtanpara Hospital
n,7153255056,26.4458028,91.2888925,amenity,clinic,"State Dispensary, Haribhanga"
n,7153255057,26.3860062,90.8443674,amenity,clinic,"State Dispensary, Chakla Kokila"
n,7153255060,26.441283,92.613613,amenity,hospital,Dagaon Hospital
n,7153255071,26.2712288,92.4232216,amenity,clinic,"State Dispensary, Jaluguti"
n,7153255072,26.4042816,92.4826394,amenity,clinic,"State Dispensary, Ahom Gaon"
n,7153255073,26.3491706,91.8184931,amenity,clinic,"State Dispensary, Dumunichowki"
n,7153255075,26.4104174,90.1713053,amenity,clinic,"State Dispensary, Saktiashram"
n,7153255078,26.4653164,90.034637,amenity,clinic,"State Dispensary, Joymaguri"
n,7153255086,26.1938618,92.5918737,amenity,clinic,"State Dispensary, Bagalajan"
n,7153255087,26.4312897,90.5770438,amenity,hospital,"Civil Hospital, Bongaigaon"
n,7153255088,26.4685968,92.5418817,amenity,clinic,Doomdoomia Balisatra Dispensary
n,7153255091,26.1982891,90.1416556,amenity,hospital,Bagribari Model Hospital
n,7153255097,26.4695206,92.5660134,amenity,clinic,"State Dispensary, Balikatia"
n,7153255098,26.375096,92.7941613,amenity,clinic,"State Dispensary, Puranigudam"
n,7153255101,26.440636,90.3485961,amenity,clinic,"State Dispensary, Salakati"
n,7153255108,26.252273,92.3548836,amenity,hospital,Morigaon Civil Hospital
n,7153255114,26.3910111,90.0758702,amenity,clinic,"SHC, Tulshibil"
n,7153255116,26.2674658,92.7322934,amenity,clinic,"State Dispensary, Nonoi"
n,7153255123,26.269198,92.654203,amenity,clinic,"State Dispensary, Borjoha"
n,7153255124,26.4156418,92.7428996,amenity,hospital,Rupohi Model Hospital
n,7153255125,26.344804,92.689441,amenity,hospital,B.P. Civil Hospital
n,7153255128,26.3566457,92.5157046,amenity,clinic,"State Dispensary,Kahuati"
n,7153255136,26.4322986,90.833927,amenity,clinic,"State Dispensary, Jhawbari"
n,7153255138,26.358325,91.6019904,amenity,clinic,"State Dispensary, Koniha"
n,7153255141,26.3677873,90.6315621,amenity,clinic,"State Dispensary, North Salmara"
n,7153255144,26.4338541,90.0668161,amenity,clinic,"PHC, Bhowraguri"
n,7153255145,26.3653771,90.3743573,amenity,clinic,"State Dispensary, Nayekgaon"
n,7153255151,26.2352212,91.8234566,amenity,clinic,"State Dispensary, Kurua"
n,7153255152,26.4392506,94.039756,amenity,clinic,"Mini PHC, Boruagaon"
n,7153255153,26.383854,91.349695,amenity,hospital,"Mahatma Gandhi Model Hospital, Belsor"
n,7153255154,26.3161251,92.5624057,amenity,clinic,"State Dispensary, Jajori"
n,7153255155,26.226166,92.7730114,amenity,hospital,Kondoli Model Hospital
n,7153255156,26.4477049,91.4364392,amenity,hospital,S.M.K. Civil Hospital
n,7153386668,26.6337966,91.0964259,amenity,hospital,Salbari Model Hospital
n,7153386670,26.7253552,92.3190642,amenity,hospital,Orang Tea Estate Hospital
n,7153386671,26.628821,92.796941,amenity,hospital,Kanaklata Civil Hospital
n,7153386675,26.5467433,92.0735911,amenity,clinic,Bhakatpara State Dispensary
n,7153386677,26.6456268,94.1876136,amenity,hospital,Jalukanibari Hospital
n,7153386682,26.555335,93.514024,amenity,clinic,Malasipathar MPHC
n,7153386683,26.7787135,91.9323039,amenity,hospital,Hattigor T.E. NHRM Hospital
n,7153386685,26.567991,90.374987,amenity,clinic,Garubhasa State Dispensary
n,7153386687,26.759156,94.566161,amenity,hospital,Amgoori Tea Estate Hospital
n,7153386688,26.6767445,92.8447804,amenity,clinic,"PHC, Panchmile"
n,7153386689,26.560468,90.677272,amenity,clinic,Borobazar State Dispensary
n,7153386690,26.7952297,91.891026,amenity,hospital,"Bhooteachang Hospital, Bhooteachang"
n,7153386691,26.49646,90.70567,amenity,clinic,Bijni State Dispensary
n,7153386692,26.662206,91.767289,amenity,hospital,Panisheli Hospital
n,7153386696,26.699467,92.400363,amenity,hospital,Sirajuli Model Hospital
n,7153386697,26.5779016,91.3071631,amenity,clinic,Karemura State Dispensary
n,7153386699,26.803012,91.945076,amenity,hospital,Majuli Hospital
n,7153386700,26.6883632,92.7403561,amenity,hospital,"Civil Hospital, Milanpur"
n,7153386701,26.608735,93.982926,amenity,clinic,Charingia BPHC
n,7153386702,26.5901856,91.7216114,amenity,clinic,Maharipara State Dispensary
n,7153386704,26.8156567,91.8313484,amenity,hospital,Bamunjuli Tea Estate Hospital
n,7153386706,26.605946,91.2388893,amenity,clinic,Sarumanikpur State Dispensary
n,7153386707,26.6003726,93.9488146,amenity,hospital,Charingia CHC
n,7153386710,26.718317,91.75147,amenity,hospital,Suola Tea Estate Hospital
n,7153386714,26.716299,92.193553,amenity,hospital,Rowta Model Hospital
n,7153386716,26.5245094,90.0903344,amenity,doctors,Patakata- Hospital
n,7153386717,26.728958,91.9878124,amenity,clinic,"State Dispensary, Harisinga"
n,7153386722,26.5473804,90.2342667,amenity,clinic,Patgaon State Dispensary
n,7153386727,26.758697,91.41602,amenity,clinic,Subankhata State Dispensary
n,7153386728,26.4851178,90.2594077,amenity,clinic,Simborgaon State Dispensary
n,7153386735,26.4909564,91.3004364,amenity,clinic,Digheli State Dispensary
n,7153386737,26.654944,94.044528,amenity,clinic,Mazikuchi MPHC
n,7153386750,26.606702,91.340058,amenity,clinic,Adalbari State Dispensary
n,7153386751,26.498934,92.216719,amenity,hospital,Shyampur hospital
n,7153386755,26.601607,93.928498,amenity,clinic,Buralikson MPHC
n,7153386756,26.5167138,90.1205671,amenity,clinic,Gossainichina State Dispensary
n,7153386757,26.8067427,94.0747654,amenity,clinic,Kalbari State Dispensary
n,7153386758,26.719912,92.078817,amenity,hospital,Udalguri Civil Hospital
n,7153386759,26.618207,93.55287,amenity,clinic,Dolamara MPHC
n,7153386761,26.5254284,90.4903363,amenity,hospital,JSB CIVIL HOSPITAL
n,7153386762,26.7133336,94.1259375,amenity,clinic,Dohotia State Dispensary
n,7153386764,26.830727,93.073837,amenity,hospital,Balichang Model Hospital
n,7153386766,26.622609,90.244477,amenity,clinic,Jharbari State Dispensary
n,7153386768,26.72667,93.147765,amenity,hospital,"Sub-Divisional Hospital, Biswanath Charali"
n,7153386769,26.641367,93.860987,amenity,clinic,Bholaguri MPHC
n,7153386773,26.6362219,91.1744098,amenity,hospital,Charna bazar hospital
n,7153386775,26.7449311,91.8913927,amenity,hospital,Paneri Tea Estate Hospital
n,7153386777,26.743026,91.843191,amenity,hospital,Dimakuchi Tea Estate Hospital
n,7153386779,26.6555774,92.7876709,amenity,hospital,155 Base Hospital
n,7153386788,26.49675,91.44689,amenity,clinic,"State Dispensary, Hati Namati"
n,7153386789,26.7827777,92.0497212,amenity,hospital,Pakribari Hospital
n,7153386791,26.5759294,93.7200774,amenity,clinic,Deithor MPHC
n,7153386792,26.8067912,92.1434244,amenity,clinic,"State Dispensary, Bandarguri"
n,7153386794,26.6805759,94.0190017,amenity,clinic,Khatgaon MPHC
n,7153386799,26.7111768,91.6528228,amenity,clinic,Khatorbari State Dispensary
n,7153386801,26.517897,92.854152,amenity,clinic,"State Dispensary, Ambagan"
n,7153386802,26.8074896,93.1407229,amenity,clinic,Pabhoi State Dispensary
n,7153386806,26.835227,94.4086004,amenity,hospital,"FRU, Teok"
n,7153386808,26.613555,91.398171,amenity,clinic,Barimakha State Dispensary
n,7153386811,26.7270612,92.6484096,amenity,hospital,Bandarmari Hospital
n,7153386813,26.5353098,91.5964363,amenity,clinic,Dwarkuchi State Dispensary
n,7153386814,26.7267163,91.7513379,amenity,hospital,Atterikhat Tea Estate Hospital
n,7153386815,26.6385132,90.3782603,amenity,clinic,Runikhata State Dispensary
n,7153386817,26.734572,92.991403,amenity,hospital,Nagsankar Hospital
n,7153386823,26.652765,93.876041,amenity,clinic,Badulipara MPHC
n,7153386824,26.55508,92.197536,amenity,clinic,Dalgaon State Dispensary
n,7153386825,26.485704,93.787531,amenity,clinic,Naharchalla MPHC
n,7153386827,26.656474,92.745751,amenity,clinic,Besseria State Dispensary
n,7153386830,26.4908364,90.9685928,amenity,hospital,Barpeta Road F.R.U
n,7153386832,26.5746196,93.7654295,amenity,clinic,Ponka MPHC
n,7153386833,26.768397,93.1439,amenity,hospital,Kwuari Hospital
n,7153386835,26.680182,92.765946,amenity,hospital,Dekargaon Hospital
n,7153386836,26.5635846,91.1692116,amenity,clinic,Saderi State Dispensary
n,7153386837,26.49716,92.9480618,amenity,clinic,"State Dispensary, Panigaon"
n,7153386838,26.783763,94.6148137,amenity,hospital,Borsillah Tea Estate Hospital
n,7153386839,26.664079,91.340726,amenity,hospital,Dr. Ravi Boro Civil Hospital
n,7153386840,26.576301,91.973687,amenity,clinic,"State Dispensary, Kalaigaon"
n,7153386844,26.803634,94.698917,amenity,clinic,"PHC, Gelakey"
n,7153386847,26.60561,92.153004,amenity,clinic,Baruajhar State Dispensary
n,7153386848,26.5921452,91.4296682,amenity,clinic,Debachara State Dispensary
n,7153386849,26.8256222,94.1668492,amenity,clinic,Ownamukh State Dispensary
n,7153386856,26.614146,92.4792647,amenity,clinic,"State Dispensary, Singri"
n,7153386859,26.728677,91.378296,amenity,hospital,Nikashi Civil Hospital
n,7153386863,26.638823,91.824156,amenity,hospital,Bhergaon Model Hospital
n,7153386864,26.531096,94.056696,amenity,clinic,Kamarbondha Ali BPHC
n,7153386865,26.7363291,92.9650646,amenity,hospital,Kusumtala Model Hospital
n,7153386866,26.4766416,91.2715269,amenity,hospital,Tihu F.R.U
n,7153386869,26.7311844,92.3662962,amenity,hospital,Mazrowmari Hospital
n,7153386870,26.653159,93.990156,amenity,clinic,Kuralguri MPHC
n,7153386873,26.7397494,91.8072736,amenity,hospital,Borengajuli Tea Estate Hospital
n,7153386874,26.641792,93.598697,amenity,hospital,Swahid Kamala Miri Civil Hospital Bokakhat
n,7153386875,26.5519644,90.152929,amenity,clinic,Serfanguri State Dispensary
n,7153386876,26.4815876,90.5150881,amenity,hospital,New Bongaigaon Railway Hospital
n,7153386883,26.564335,93.9104067,amenity,clinic,Chinatoli State Dispensary
n,7153386885,26.4950591,91.5098365,amenity,clinic,"State Dispensary, Nilpur"
n,7153386886,26.667705,93.9490516,amenity,clinic,Missamora BPHC
n,7153386888,26.494423,92.809737,amenity,hospital,Lorimukh Hospital
n,7153386890,26.6970438,93.820751,amenity,hospital,Dusutimukh hospital
n,7153386892,26.801021,93.348082,amenity,hospital,Behali Hospital
n,7153386893,26.708769,93.974574,amenity,clinic,Dergaon SHC
n,7153386902,26.5078672,91.1672137,amenity,hospital,Pathsala Sub-Divisional Civil Hospital
n,7153386905,26.596512,90.6077992,amenity,hospital,Subhaijhar Model Hospital
n,7158627864,26.1270795,90.6211111,railway,station,Goalpara Town
n,7158912835,26.4973796,90.7074554,railway,station,Bijni
n,7159379654,26.4758239,90.5372357,railway,station,New Bongaigaon Junction
n,7186976786,24.4996119,93.7781465,amenity,bank,Bank of India
n,7199508093,25.6788951,94.1093422,amenity,place_of_worship,Koinonia Baptist Church
n,7199522617,25.6729389,94.1174365,amenity,bank,State Bank of India
n,7203773286,26.1588089,91.8167198,shop,supermarket,Easy Mart
n,7213168185,24.8066181,93.9346851,amenity,bank,State Bank of India
n,7213745985,24.8288419,92.7994691,amenity,restaurant,Indian food corner
n,7213745986,24.8596057,93.6237932,amenity,cafe,
n,7213745987,24.8600255,93.6238238,amenity,restaurant,
n,7213745988,24.8231815,93.4764599,shop,convenience,
n,7213745989,24.8231379,93.4765193,shop,mobile_phone,
n,7213745990,24.8229087,93.4766279,amenity,restaurant,Rice hôtel
n,7213745991,24.7464228,93.4258359,shop,convenience,
n,7213746085,24.8600427,93.6235549,amenity,restaurant,Xavier rice hotel
n,7213746086,24.8598308,93.6236606,shop,convenience,
n,7213746087,24.8597383,93.6237871,shop,convenience,
n,7213746089,24.8596636,93.6238444,shop,mobile_phone,
n,7213746090,24.8229402,93.4766216,shop,convenience,
n,7213746091,24.823043,93.4765208,shop,greengrocer,
n,7213746092,24.746589,93.4260148,amenity,cafe,Hôtel Paratha tea
n,7213746093,24.7462797,93.425905,amenity,restaurant,Rice hôtel
n,7216783185,24.2366538,92.2853553,amenity,fuel,Biswakarma Pet. Agency
n,7218670885,25.0617709,92.3803684,amenity,place_of_worship,Catholic Church
n,7221682485,25.270113,91.7326955,amenity,restaurant,Halari Restaurant
n,7232787290,26.980136,94.15711,amenity,fast_food,50Rs Thali - delicious!!!!
n,7241194485,24.2509862,94.2978164,amenity,place_of_worship,Laymen's Evangelical Fellowship
n,7242741385,25.4690343,92.278797,amenity,restaurant,Hôtel rajasthan
n,7242741986,25.3568813,92.3692036,shop,convenience,
n,7242741987,25.357595,92.3682997,amenity,restaurant,
n,7242741988,25.5932552,92.0382929,amenity,restaurant,
n,7242741989,25.5932828,92.0382631,shop,convenience,
n,7242741990,25.5222038,92.1421933,shop,convenience,
n,7242742885,25.357524,92.3686367,amenity,bank,
n,7242742886,25.5190704,92.1417538,amenity,place_of_worship,
n,7242743185,25.519077,92.1416873,amenity,school,
n,7242750285,25.5191886,92.1417526,shop,convenience,
n,7244593785,26.1367086,91.8019394,shop,cosmetics,IOSIS Wellness - Slimming Skin Spa Salon
n,7252362285,25.5169011,91.2639656,amenity,school,Célia and Marc school
n,7252362286,25.5193046,91.2651868,shop,convenience,
n,7252362287,25.5196079,91.2674038,amenity,restaurant,
n,7252362785,25.5198969,91.2675921,amenity,bank,ATM
n,7259685285,25.4135126,94.0984122,amenity,place_of_worship,St. John’s church
n,7270778685,24.831463,92.800193,amenity,bus_station,
n,7271176085,24.8104461,93.9342479,amenity,fast_food,Street food
n,7274012087,24.8211737,93.5596704,amenity,police,
n,7274012091,24.7837019,93.664356,amenity,place_of_worship,
n,7274012092,24.7916951,93.7274733,amenity,police,
n,7274012093,24.7862086,93.1541213,amenity,police,
n,7274014285,24.7199998,93.2600972,amenity,police,Kaimai Checkpoint
n,7274014485,24.7589605,93.347386,shop,convenience,
n,7274014685,24.8588358,93.6258728,shop,convenience,
n,7274014686,24.8086208,93.7587486,amenity,cafe,N. Heng Jol
n,7274014687,24.7725381,93.8277751,shop,convenience,Kungphong market complex
n,7274014688,24.7893443,93.2230207,amenity,police,Kaiphundai Post
n,7274014785,24.8427199,93.6278182,amenity,police,Rani Gaidinliu Dwar
n,7274014786,24.7925035,93.6954998,amenity,police,
n,7274014787,24.7718351,93.792476,amenity,police,
n,7276232286,24.3780342,94.1581463,amenity,restaurant,Gaby's Café
n,7281924285,24.8067525,93.9327504,amenity,bus_station,Jeeps to Silchar
n,7301496130,26.5688572,94.2112015,amenity,place_of_worship,Pathargaon temple
n,7332615785,26.1872781,91.7521122,shop,bicycle,Track and race (with intl' brands)
n,7344991585,25.6796323,94.0797858,amenity,school,Seithogei Living School
n,7344991586,25.6777921,94.0828824,amenity,restaurant,Mhachaki
n,7388623576,24.3444258,91.9769665,amenity,school,তেলিবিল উচ্চ বিদ্যালয়
n,7388623578,24.344284,91.9774391,amenity,hospital,Sharifpur Health Center
n,7388623579,24.3451808,91.9765617,amenity,place_of_worship,আমতলাবাজার জামে মসজিদ
n,7388637037,24.3452178,91.9768346,shop,telecommunication,S.K Telecom
n,7388687148,24.344847,91.9768291,amenity,cafe,Muhibur Computer And Fast Food
n,7388687149,24.3449437,91.9768149,shop,variety_store,Minha Pan Vandar
n,7388687151,24.3457047,91.9764645,shop,trade,Tajul Traders
n,7388687152,24.3452081,91.9766202,amenity,marketplace,Mosjid Market
n,7388687153,24.344531,91.9774024,amenity,school,Sharifpur Govt. School
n,7390369080,24.7650674,93.8961393,amenity,fast_food,
n,7391599406,24.3452957,91.9765712,shop,tailor,Qayum Tailor
n,7391599407,24.3456128,91.9760978,amenity,school,Nomouja Modinatul Ulum Islamia Madrasha
n,7391599418,24.343534,91.9746208,amenity,place_of_worship,GURAIPHAR EIDGAH
n,7391599419,24.3432339,91.9746574,amenity,place_of_worship,GURAIPHAR MOSJID
n,7391599420,24.345023,91.9769138,shop,variety_store,HARUN VERITIES STORE
n,7391599421,24.3453156,91.976682,shop,variety_store,SHAPLA VERITIES STORE
n,7433567167,24.2584657,93.6591232,amenity,doctors,Sattelite OST centre Geljang
n,7433597620,24.2042133,93.9019865,amenity,clinic,Community Health Center Chapikarong
n,7433652609,24.1487263,93.5911104,amenity,doctors,OST centre sattelite LRRC
n,7453194319,26.1182318,91.7952491,shop,hairdresser,
n,7453194321,26.1182137,91.7954355,shop,yes,
n,7453194330,26.1181577,91.7954963,shop,yes,
n,7453194331,26.1181637,91.7954849,shop,yes,
n,7453194340,26.1182184,91.7953693,shop,yes,Patanjali
n,7453206499,26.1173159,91.7984001,shop,pastry,Sharma Sweet
n,7453206500,26.1173297,91.798441,shop,books,
n,7453206501,26.1173273,91.7984638,shop,books,
n,7453206502,26.1173008,91.7986013,shop,books,
n,7453206503,26.1173243,91.798498,shop,yes,
n,7453206504,26.1173219,91.7985382,shop,tailor,
n,7453206505,26.1173038,91.7985751,shop,mobile_phone,
n,7453206506,26.1173195,91.7985154,shop,books,
n,7455689080,25.2572154,90.4668188,shop,books,
n,7466222816,24.813088,93.1940757,amenity,cafe,vooter ghor
n,7532315486,24.1460375,92.3369868,amenity,place_of_worship,"Zawlnuam Bawrei, Presbyterian Church"
n,7532350905,27.4861949,95.0527014,amenity,hospital,Ganeshbari Tea Hospital
n,7532350906,27.491521,94.9326787,amenity,doctors,Dr. Kalyan Khound
n,7532350908,27.4899224,94.9234647,amenity,hospital,Medicare Hospitals
n,7532350909,27.4705115,94.9303813,amenity,doctors,Dr. Silpika C. Bora
n,7532350910,27.471864,94.929577,amenity,doctors,Dr. Santanu Bora
n,7532350915,27.4891852,94.9163573,amenity,hospital,Astha Hospital
n,7532350916,27.0305236,95.007256,amenity,doctors,Dr. Jyoti Shyam
n,7532350917,27.490729,94.929957,amenity,hospital,Archana Trauma & Orthopaedics Hospital & Research Centre
n,7532350918,27.4931921,95.363006,amenity,clinic,Dr. Saikia's Clinic
n,7532350919,27.4885523,94.9183841,amenity,clinic,Dr. Paul's Multiplicity Clinic
n,7532350920,27.4699353,95.0821294,amenity,hospital,Nahortoli Tea Garden Hospital
n,7532350921,27.4874573,94.9302172,amenity,clinic,Saishav Clinic
n,7532350922,26.9866718,94.632303,amenity,clinic,Dr.A.Ahad's Clinic
n,7532350923,27.4873926,95.3698187,amenity,clinic,Todi Diagnostic Center
n,7532350925,27.491599,94.931213,amenity,clinic,Aditya Pain and Spine Clinic
n,7532350927,27.463452,95.362283,amenity,hospital,Sewpur T.E. Hospital
n,7532350928,27.485901,95.379983,amenity,hospital,R.C. Agarwal Memorial Hospital
n,7532350930,27.4895621,94.9220454,amenity,clinic,Sanjeev Kakati Clinic
n,7532350931,27.4795977,94.9001477,amenity,hospital,M.F. Hospital & Research Centre
n,7532350932,27.4894536,94.9303907,amenity,doctors,Dr. Narayan Upadhayay
n,7532350933,27.4905497,95.3521161,amenity,clinic,Child Care Clinic
n,7532350934,27.474194,94.910468,amenity,clinic,Sai Diagnostics
n,7532350935,27.4702004,94.9310708,amenity,doctors,Dr. Nazim & Dr. Nasim
n,7532350936,27.4705285,94.9299334,amenity,clinic,Heramba Bordoloi Eye Centre
n,7532350937,27.482309,94.904118,amenity,clinic,Dr. Kayal's Clinic
n,7532350938,27.491458,94.9329053,amenity,hospital,G.M. Hospital
n,7532350939,27.3642023,95.3111099,amenity,clinic,BRC Health Care Clinic
n,7532350942,27.0246752,95.0223529,amenity,doctors,Dr. Rajen Gogoi
n,7532350943,27.4706173,94.9033175,amenity,doctors,Dr. Priyanka Chowdhury Dutta
n,7532350944,27.0296395,95.0137901,amenity,clinic,KONOKLOTA MEMORIAL HOSPITAL
n,7532350945,27.4521463,94.9061227,amenity,doctors,Dr. Parthapratim Dutta
n,7532350946,27.4823914,95.3662399,amenity,doctors,Dr. Nitoo Baruah
n,7532350947,27.1843094,95.3663889,amenity,hospital,APL Hospital
n,7532350948,27.1924708,95.3572597,amenity,clinic,Chasma Ghar & Eye Clinic
n,7532350951,27.4804835,94.904126,amenity,clinic,Drishti Netralaya Clinic & Opticals
n,7532350953,27.4893893,95.3519789,amenity,doctors,Dr. S.K. Dey
n,7532350957,27.197128,94.9095726,amenity,clinic,Doctor's Chamber & Pharmacy
n,7532350958,26.9930039,94.6425231,amenity,clinic,SankaRoadev Multispeciality Physiotherapy Clinic
n,7532350960,27.1926198,95.3544089,amenity,clinic,Gaurav Drug House & Physiotherapy
n,7532350962,27.507346,95.356023,amenity,doctors,Dr. Chetia
n,7532350963,27.5020796,95.3544527,amenity,doctors,Dr. K.Jugal Phukan
n,7532350968,27.3589922,95.314113,amenity,clinic,Doctor Clinic
n,7532350969,27.4834296,95.3457223,amenity,clinic,Saket Physiotherapy Clinic
n,7532350971,27.4742893,94.5612264,amenity,clinic,Dhemaji Eye Clinic
n,7532350972,27.4910516,94.9316652,amenity,clinic,Derma Clinic
n,7532350973,27.4891966,94.9176258,amenity,doctors,Dr.Mukesh Fogla
n,7532350974,27.4936184,95.3488317,amenity,hospital,Apollo Hospitals
n,7532350975,27.4747322,94.9036906,amenity,doctors,Dr. Saikat Patra
n,7532350976,27.4713212,94.9183342,amenity,doctors,Dr. Reena Ahmed
n,7532350977,26.9936152,94.6261889,amenity,doctors,Dr. Astak Ahmed
n,7532350978,27.4887556,95.3547167,amenity,doctors,Dr. Uk Paul
n,7532350979,27.486637,94.929173,amenity,clinic,Trinity Speciality Clinic
n,7532350980,27.4798487,94.904211,amenity,doctors,Derma Doctor
n,7532350982,26.9931493,94.6432002,amenity,clinic,Apollo Diagnostics
n,7532350983,27.49351,95.3503886,amenity,doctors,Dr. G.S Gogoi
n,7532350985,27.4862203,94.5698492,amenity,doctors,Dr. Brinchi
n,7532350987,27.4908587,95.3570837,amenity,clinic,ECHS Polyclinic
n,7532350988,27.0261774,95.0183865,amenity,hospital,Sonari Town Hospital
n,7532350990,27.48202,95.101352,amenity,hospital,Nudwa Hospital
n,7532350991,26.808992,94.524182,amenity,clinic,Life Care Clinic
n,7532350993,27.4727248,94.5578241,amenity,clinic,Mili Nursing Home
n,7532350995,27.4920331,95.3507839,amenity,clinic,Apple Pharma Consultant Neuropsychiatrist
n,7532350997,26.986672,94.632641,amenity,clinic,Blink Eye Clinic
n,7532351000,27.4701787,94.5580656,amenity,hospital,BCB Care Hospital
n,7532351001,27.493347,95.349472,amenity,clinic,Apollo Clinic
n,7532351004,27.4723298,94.5580985,amenity,hospital,Mili Hospital & Recharch Centre
n,7532351005,27.3623126,95.3117723,amenity,doctors,Dr. Ronjon Bhattacharyya
n,7532351007,26.993236,94.642705,amenity,hospital,Erc Eye Care Hub Hospital
n,7532351008,27.3664549,95.3096009,amenity,doctors,Dr. Bipul Chandra Kakoty
n,7532351009,27.4899117,94.9306187,amenity,clinic,Physio Care Clinic
n,7532351012,27.4697518,94.9069765,amenity,doctors,Dr. Mriganka Baruah
n,7532351014,27.1728125,94.924252,amenity,doctors,Dr. Lohit K Borah
n,7532351015,27.4886394,95.3550417,amenity,clinic,Dr. Anupam Agarwal Skin Clinic
n,7532351016,27.4891115,94.9298835,amenity,hospital,Archana Hospital
n,7532351017,27.4813715,95.3657221,amenity,clinic,Swastik Nursing Home
n,7532351018,27.4790745,94.8977538,amenity,doctors,Dr. Haque Chamber
n,7532351019,26.9804987,94.6378242,amenity,hospital,Netra Jyoti Eye Hospital
n,7532351020,27.03222,95.058501,amenity,hospital,Rajapukhuri Hospital
n,7532351021,26.9847789,94.6379868,amenity,clinic,Maxcare ENT Clinic
n,7532351022,27.3651284,95.3106996,amenity,clinic,Apollo Diagnostics
n,7532351023,27.0297093,95.0122694,amenity,doctors,Dr. Prafulla Chandra Bora
n,7532351024,27.4869398,94.9292563,amenity,doctors,Dr. Bn Mahanta
n,7532351025,27.4893771,95.3536722,amenity,doctors,Dr. Bhattacharjie
n,7532351030,27.4898148,94.9258202,amenity,hospital,Holy Child Clinic and Hospital
n,7532351031,27.4872732,94.9473118,amenity,doctors,Dr. Sorbeswar Bhuyan
n,7532769913,26.1641531,90.6249928,amenity,clinic,Pain Care Physiotherapy Clinic
n,7532769914,26.4665178,90.5614451,amenity,clinic,First Choice Children's Clinic
n,7532769915,26.4963558,90.5476472,amenity,doctors,Dr. S Ali
n,7532769916,26.0147017,89.983767,amenity,clinic,Ortho Care
n,7532769917,26.4030208,90.269202,amenity,clinic,Be Well Physiotherapy Clinic
n,7532769918,26.4409882,91.4358691,amenity,hospital,Nalbari Multispeciality Hospital
n,7532769919,26.035101,89.968964,amenity,clinic,Isha's Clinic
n,7532769920,26.3572887,90.8687052,amenity,clinic,Good Health Diagnostic Centre
n,7532769922,26.17965,90.606702,amenity,hospital,Al-Salam Hospital
n,7532769924,26.1561906,90.6185497,amenity,doctors,Dr. S Rahman
n,7532769926,26.4255446,90.9730438,amenity,doctors,Dr. Ajit Ch Choudhury
n,7532769927,26.431394,90.9704402,amenity,clinic,"We Care Diagnostic, Howly"
n,7532769928,26.020138,89.990816,amenity,clinic,Dr.Debmoy Sanyal Clinic
n,7532769929,26.3593278,90.8707242,amenity,clinic,Islam Clinic
n,7532769931,26.161551,90.621609,amenity,hospital,Life Care Hospital
n,7532769932,26.1819434,90.6011152,amenity,doctors,Dr. Tarique Aziz
n,7532769933,26.3317849,91.0037501,amenity,clinic,Northeast Imaging Research Centre
n,7532769936,26.4405772,91.4372181,amenity,doctors,Dr. Rupjyoti Patowary Child Specialist
n,7532769937,26.1629074,90.6243872,amenity,clinic,Ortho Care Clinic
n,7532769940,26.3588761,90.8682997,amenity,clinic,Rahat Poly Clinic
n,7532769941,26.4409074,91.4335539,amenity,clinic,Nalbari Pediatric Centre
n,7532769942,26.1641962,90.6249686,amenity,doctors,Dr. P.K.Das
n,7532769946,26.4080747,90.2727727,amenity,clinic,Dr. A Das Eye Clinic
n,7532769947,26.4936496,90.5484137,amenity,clinic,Dr. Sartazuddin Clinic
n,7532769949,26.140962,90.6098175,amenity,hospital,"Martyr Nidhanu Ram Rajbongshi Civil Hospital, Goalpara"
n,7532769950,26.1452069,90.6121517,amenity,clinic,Sandhya Maternity Clinic
n,7532769951,26.4467724,91.4413244,amenity,clinic,Nalbari Super Speciality Clinic
n,7532769952,26.4385256,91.4430654,amenity,hospital,Nalbari Eye Hospital
n,7532769953,26.4830572,90.5535478,amenity,clinic,Life Line Clinic
n,7532769954,26.1757611,90.625851,amenity,clinic,Diabetic Care
n,7532769955,26.4685312,90.5607376,amenity,clinic,Dr. Shalini's Navjeevan Clinic
n,7532769956,26.447815,91.4301451,amenity,hospital,Medinova Hospital
n,7532769958,26.4393026,91.437036,amenity,clinic,Q Clinic & Diagnostic
n,7532769959,26.4407862,91.4427158,amenity,doctors,"Dr. Pranab Malla, Baruah"
n,7532769960,26.4429766,91.4380171,amenity,doctors,Dr. Aneel Talukdar
n,7532769962,26.4069053,90.2684896,amenity,clinic,Onoline Diagnostic Centre
n,7532769967,26.021654,89.98736,amenity,doctors,Dr. Reshab Rajak
n,7532769968,26.444573,91.4412001,amenity,doctors,Dr. Bibhuti Chakravarty
n,7532769969,26.4628316,90.803258,amenity,clinic,Mahadar Pathok Clinic
n,7532769970,26.3569674,90.8674844,amenity,clinic,B K Polyclinic
n,7532769971,26.4156994,90.2770444,amenity,clinic,City Clinic
n,7532769972,26.1593621,90.6191721,amenity,clinic,Ayushjyoti Wellness Centre
n,7532769973,26.4423588,91.4429223,amenity,hospital,Indu Eye Hospital
n,7532769974,25.5355375,89.8621634,amenity,clinic,Modern Physiotherapy Clinic
n,7532769976,26.0206989,89.9743278,amenity,clinic,The Aragya Clinic Medical and Diagnostics Center
n,7532769979,26.4789746,90.5564046,amenity,doctors,Dr. A D Sharma
n,7532769982,26.4464528,91.440382,amenity,doctors,Dr.Jogesh Choudhury
n,7532769983,26.4007054,90.2687962,amenity,clinic,Omega Clinic and Diagnostics
n,7532769984,26.4409438,91.4353171,amenity,doctors,Dr. Urmi Devi Choudhury
n,7532769985,26.4670602,90.5613926,amenity,clinic,Dr. Shalini Bhasin's Navjeevan Clinic
n,7532769986,26.3589323,90.8688288,amenity,clinic,H.R. Diagnostic Centre
n,7532769987,26.428226,90.967608,amenity,doctors,Dr. Hasmat Ali
n,7532769990,26.4016462,90.2730716,amenity,clinic,City Scan and Research Centre
n,7532769991,26.1763902,90.6197894,amenity,clinic,Apollo Diagnostics Centre
n,7532769992,26.4404286,91.4372854,amenity,doctors,"Dr. Rana Pratap Deka, Orthopaedic Surgeon"
n,7532769994,26.020289,89.984049,amenity,clinic,Apex Pathology
n,7532769995,26.0369083,89.9639277,amenity,clinic,The Heart Clinic
n,7532769996,26.4756544,90.5627225,amenity,doctors,Dr.Nc Das
n,7532769997,26.4453168,91.4388023,amenity,clinic,"Eye Clinic, Nalbari"
n,7532769999,26.44448,91.4322423,amenity,hospital,United Hospital
n,7532770000,26.4457404,91.4377716,amenity,clinic,"Physio Care, Physiotherapy & Rehabilitation Center"
n,7532770001,26.4371946,91.447095,amenity,hospital,Dakhingaon State Hospital
n,7532770003,26.4430322,91.4359442,amenity,clinic,Astha Orthopaedic Clinic
n,7532770004,26.4362364,91.4362395,amenity,doctors,Dr.S N Sarma
n,7532770005,26.3353589,91.0019536,amenity,hospital,NIRC Hospital
n,7532770006,26.443121,91.43806,amenity,hospital,Fuleswari Nurshing Home
n,7532770008,26.1614151,90.6214374,amenity,clinic,Prime Diagnostic Centre
n,7532770009,26.4304406,91.4371181,amenity,clinic,Bharat Piles Clinic
n,7532770011,26.176516,90.624388,amenity,hospital,Old Civil Hospital
n,7532770013,26.148719,90.615907,amenity,clinic,Novacare Clinic and Diagnostic Centre
n,7532770015,26.147869,90.6139009,amenity,clinic,Hrishi Clinic & Diagnostic Center
n,7532770016,26.4468558,91.4410809,amenity,clinic,Panchatap Physiotherapy Clinic
n,7532770017,26.1601772,90.620566,amenity,clinic,Dr. M A Faruquei Clinic
n,7532770019,25.9594282,91.0545096,amenity,clinic,Bhargab Diagnostic Centre
n,7532770021,26.3242689,90.9841273,amenity,clinic,Pragati Medicos
n,7532770023,26.0268039,89.9743412,amenity,clinic,Dr. Amrita Clinic
n,7532770024,26.416271,90.9843077,amenity,clinic,Human Health Care Clinic
n,7532770026,26.1600636,90.6205539,amenity,doctors,Dr. B.C. Baishya
n,7537159739,26.354847,92.6869711,amenity,clinic,Swapna Eye Clinic
n,7537159740,26.3468395,92.6870739,amenity,clinic,Jotsna Clinic
n,7537159741,26.7017132,92.4735063,amenity,clinic,JK Nath Clinic
n,7537159742,26.702749,92.4766918,amenity,clinic,City Diagnostic Center
n,7537159743,26.3536408,92.6910228,amenity,doctors,Dr.Jayanta Baroowa
n,7537159744,26.0055797,92.8462616,amenity,doctors,Dr. G C Das Clinic
n,7537159745,26.1178478,92.1958196,amenity,clinic,Physiotherapy & Pain Relaxation Centre
n,7537159746,26.6306712,92.8053836,amenity,clinic,D K Daimary Clinic
n,7537159748,26.0017261,92.8481676,amenity,hospital,Hojai Civil Hospital
n,7537159749,26.6389017,92.7833173,amenity,clinic,"Dr. Satyajit Boarh, Bone & Joint Clinic"
n,7537159750,26.1214839,92.1980113,amenity,clinic,Family Health Clinic
n,7537159752,26.6331328,92.7954425,amenity,doctors,Dr. H.K. Borah
n,7537159753,26.3535462,92.6868893,amenity,clinic,"City Heart Clinic, Consulting Physician"
n,7537159755,26.6541262,92.7743925,amenity,clinic,Goswami Nursing Home
n,7537159756,26.6351609,92.7839754,amenity,hospital,Ananta Memorial Hospital
n,7537159757,26.1264113,92.2001112,amenity,doctors,Dr. Basumatari
n,7537159758,26.6268595,92.8063011,amenity,clinic,Global Endosurgery Clinic & Diabetes Care Centre
n,7537159761,26.3475767,92.6873525,amenity,clinic,Medi+Lab Diagonostic Centre
n,7537159762,26.6391998,92.7833004,amenity,clinic,Orthopaedic Surgeon
n,7537159764,26.1233959,92.1996435,amenity,clinic,Spinal Life Physiotherapy Clinic
n,7537159766,25.7622761,93.1749268,amenity,hospital,Lumding Civil Hospital
n,7537159767,26.6270332,92.7899334,amenity,clinic,Dr..Tamuli Chamber Eye
n,7537159769,26.362518,92.687138,amenity,clinic,Lekhashree Clinic
n,7537159770,26.2587936,92.2321557,amenity,hospital,Garmari Hospital
n,7537159771,25.7511921,93.1669589,amenity,clinic,Skin Clinic
n,7537159774,26.639929,92.7902295,amenity,doctors,Dr.M.Borkakati
n,7537159776,26.236991,92.3474653,amenity,hospital,Sultan Hospital & Research Centre
n,7537159779,26.0012091,92.8491137,amenity,clinic,Obal Pain & Palliative Clinic and Global Diagnostics
n,7537159780,26.6424622,92.7925588,amenity,doctors,Dr. Aparajeeta Baruah
n,7537159781,26.6278244,92.7929097,amenity,doctors,Dr. Subrata Kakoti - Child Specialist
n,7537159783,26.0057065,92.845938,amenity,hospital,Eye Hospital
n,7537159784,26.355817,92.6868185,amenity,doctors,Dr.Jogen Gohain
n,7537159785,26.355186,92.6858202,amenity,clinic,Dr.Indu Bhusan Clinic
n,7537159787,26.3564691,92.6644501,amenity,hospital,Dew Care Hospital & Research Centre
n,7537159788,26.7044265,92.4777782,amenity,clinic,Dr.Taiyab Hussain Clinic
n,7537159789,26.6221602,92.7992363,amenity,clinic,Asha Clinic
n,7537159792,26.7493034,92.1040136,amenity,clinic,Khaklari Clinic
n,7537159793,25.7313533,93.181519,amenity,hospital,"New Civil Hospital, Lumding"
n,7537159794,26.6331746,92.795314,amenity,doctors,Dr. K. C. Borkotoky
n,7537159796,26.6566667,91.9083013,amenity,clinic,Medi Health Care
n,7537159797,26.0007017,92.8508784,amenity,clinic,Dr. S. Bagchi's Memorial Clinic
n,7537159800,25.7515621,93.1727485,amenity,doctors,Nandan Orthopaedics
n,7537159803,26.3549555,92.6860522,amenity,doctors,Dr. Tarun C. Saikia
n,7537159804,26.3605085,92.6921401,amenity,clinic,Dr. Madhusudhan Deb Goswami's Clinic
n,7537159805,26.01002,92.8558116,amenity,doctors,Dr. Arif Khan
n,7537159807,26.627879,92.7899517,amenity,clinic,Arogya Spine & Pain Care Clinic
n,7537159811,26.3564624,92.6899018,amenity,clinic,Apollo Diagnostics
n,7537159812,26.6275966,92.7951904,amenity,clinic,"Matrix Diagnostics, Tezpur"
n,7537159813,26.3507858,92.6877965,amenity,clinic,Ayush Optical & Child Care Clinic
n,7537159814,26.117993,92.19398,amenity,hospital,M G Model Hospital
n,7537159815,26.6285888,92.7927809,amenity,clinic,Apex Healthcare and Diagnostics
n,7537159817,26.6259528,92.7851282,amenity,clinic,Dr. B.R. Kalita Clinic
n,7537159818,26.2578325,92.3419427,amenity,clinic,Morigaon Diagnostic Center
n,7537159820,26.3535021,92.6873634,amenity,clinic,Cutis Skin Clinic
n,7537159821,26.6283927,92.7898518,amenity,clinic,Capital Drug House and Clinic
n,7537159825,26.3485333,92.6867646,amenity,clinic,Arogya Physiotherapy & Rehabilitation Centre
n,7537159826,26.6437931,92.798774,amenity,clinic,Active Body Physiotherapy
n,7537159827,26.6245202,92.7973492,amenity,doctors,Dr.Monish Kr.Guha's Chamber
n,7537159830,26.3515827,92.6753032,amenity,clinic,ENT Specialist
n,7537159831,26.7351219,92.096121,amenity,doctors,Dr. Mridul Soren
n,7537159832,25.7375509,93.2259217,amenity,clinic,Chandura Health Center
n,7537159834,26.0064026,92.8578361,amenity,clinic,Medimax Health Clinic
n,7537159835,26.0071138,92.8641138,amenity,clinic,Apollo Information Centre
n,7537159837,26.8465731,92.1258029,amenity,clinic,Bikash Clinic
n,7537159839,26.7030247,92.4765783,amenity,clinic,Ultrasound Clinic
n,7537159840,26.7042538,92.477102,amenity,hospital,Old Civil Hospital
n,7537159842,26.6318562,92.7984719,amenity,clinic,Dr. K.P. Chakravarty's Clinic
n,7537159843,26.3548327,92.6878095,amenity,clinic,Panacea Diagnostic and Clinic
n,7537159844,26.2534848,92.3539299,amenity,clinic,Medix Digital X-Ray and Diagnostic Center
n,7537159845,26.1203481,92.2001968,amenity,clinic,Susrusa Polyclinic
n,7537159846,26.351868,92.6886976,amenity,clinic,Abhinanda Medical Centre
n,7537159847,26.3537156,92.6895169,amenity,clinic,Madrasi Piles Clinic
n,7537159848,26.1191121,92.1944842,amenity,hospital,Jagiroad Health and Service Hospital
n,7537159849,26.242917,92.3356276,amenity,clinic,Life Line Physiotherapy & Pain Clinic
n,7537159850,26.6460382,92.7768335,amenity,clinic,Hkbm Physiotherapy & Rehabilation Centre
n,7537159851,26.3531044,92.6920112,amenity,doctors,Dr.P.K Sarma
n,7537159852,26.355472,92.685949,amenity,clinic,Dr. Dey's Clinic
n,7537159853,26.7034703,92.4757762,amenity,clinic,VK Medicine & Ent Clinic
n,7537159854,26.626133,92.7840247,amenity,clinic,Dr. Pradip Baruah Clinic
n,7537159855,26.3503224,92.6887613,amenity,clinic,Trinayan Health Care and Research Centre
n,7537159856,26.253553,92.354659,amenity,clinic,Alam Diagnostics
n,7537159858,26.3453277,92.6881557,amenity,clinic,Advanced Physiotherapy & Rehabilitation Centre
n,7537159859,26.7029297,92.4781376,amenity,hospital,Dristidaan Eye Hospital
n,7537680938,26.1384392,91.7988396,amenity,doctors,Dr. Kripesh Ranjan Sarma
n,7537680939,26.1786248,91.8265503,amenity,clinic,A.B. Polyclinic
n,7537680940,26.189749,91.7570654,amenity,clinic,Physiotherapy Clinic Barowari
n,7537680942,26.1439362,91.7295332,amenity,doctors,Dr. Bhabendra Deka
n,7537680943,26.1231502,91.8000308,amenity,clinic,The Royal Care Clinic
n,7537680945,26.1383649,91.7988318,amenity,clinic,Pancreas Liver Gastro Clinic
n,7537680946,26.1534156,91.7801223,amenity,clinic,Aksi Advanced Eye Centre
n,7537680947,26.1573969,91.7886804,amenity,clinic,S.A. Research Diagnostic & Cure Centre
n,7537680948,26.1581995,91.7765555,amenity,clinic,Rigpa Children's Clinic
n,7537680949,26.1607051,91.7728328,amenity,clinic,Shabd Speech Therapy Clinic
n,7537680951,26.1595614,91.7736931,amenity,clinic,Eye Clinic
n,7537680953,26.1929276,91.7525271,amenity,clinic,Dr. Dilip Ghosal Clinic
n,7537680955,26.1716484,91.7709774,amenity,clinic,Skulpt-Face - Facial Aesthetic Clinic
n,7537680957,26.1665116,91.7686642,amenity,clinic,Foresight Eye Clinic
n,7537680959,26.1665161,91.779165,amenity,doctors,Dr. S. J. Saikia's
n,7537680960,26.1699176,91.7781354,amenity,clinic,Guwahati Neuro Clinic
n,7537680964,26.1676312,91.7788063,amenity,hospital,Dr. Nitin Dutta Eye Foundation Hospital
n,7537680966,26.1848626,91.756128,amenity,clinic,Nazma Memorial Masum Eye Care
n,7537680967,26.1848931,91.7581456,amenity,clinic,The Eye Care Center
n,7537680968,26.1761717,91.779238,amenity,clinic,Sparsh Physiotherapy
n,7537680970,26.161558,91.7707214,amenity,clinic,Eye Doctors - An Eye Institute & Surgery Centre
n,7537680971,26.1533451,91.7801397,amenity,clinic,Dermacity
n,7537680972,26.1734242,91.7718075,amenity,clinic,Guwahati Eye Centre
n,7537680973,26.1382228,91.7990216,amenity,clinic,Apollo Diabetes Care
n,7537680975,26.1526228,91.8117586,amenity,clinic,DD Healthcare
n,7537680977,26.1422048,91.7966093,amenity,clinic,Ganga Clinic
n,7537680979,26.1680477,91.769431,amenity,clinic,Sight First The Eye Clinic
n,7537680980,26.1329585,91.8141586,amenity,clinic,Kinesis Physiotherapy
n,7537680981,26.1483328,91.787396,amenity,clinic,"Revive Physiotherapy,Sports Injury & Pain Care Clinic"
n,7537680982,26.1231793,91.8001057,amenity,clinic,New Bongshidhar Clinic
n,7537680983,26.1528388,91.811726,amenity,doctors,Dr. Sibashish Saha
n,7537680984,26.1910868,91.7553953,amenity,clinic,Dr. Goswami's Clinic
n,7537680987,26.1222864,91.7992229,amenity,clinic,Disiti Eyecare
n,7537680989,26.1776697,91.8202295,amenity,clinic,Dr. Mazumdar Clinic
n,7537680992,26.1774723,91.7750324,amenity,clinic,Dr Jayanta KR Goswami's Clinic
n,7537680993,26.1317003,91.7862988,amenity,clinic,Disha Eye Clinic
n,7537680995,26.1897099,91.7531218,amenity,clinic,Orthopaedic Clinic
n,7537680997,26.1671439,91.7657746,amenity,clinic,Guwahati Eye Institute & Research Centre
n,7537680999,26.173245,91.7740457,amenity,doctors,Dr. B.P. Chakraborty
n,7537681000,26.130366,91.7864,amenity,clinic,Atika Optical & Eye Clinic Centre
n,7537681001,26.1596509,91.7698563,amenity,clinic,Paedriatric Surgery Unit
n,7537681004,26.1675605,91.7690006,amenity,clinic,Vasocare Interventional Radiology and Pain Clinic
n,7537681005,26.1310897,91.8088994,amenity,hospital,Eye Clinic
n,7537681006,26.1679453,91.7693503,amenity,clinic,Audio Care - Audiology Centre
n,7537681010,26.1568649,91.7798108,amenity,clinic,Long Life Physiotherapy Clinic
n,7537681012,26.1383279,91.8010408,amenity,clinic,Sun Valley Hospital
n,7537681013,26.1304526,91.8079674,amenity,hospital,Sarma Gynae & Obs Clinic
n,7537681014,26.1459201,91.7858282,amenity,clinic,Sanjivani Physiotherapy and Pain Clinic
n,7537681015,26.1849575,91.758903,amenity,clinic,Umananda Clinic
n,7537681020,26.1758917,91.7747667,amenity,clinic,Orthoptic Clinic
n,7537681022,26.1718747,91.7778763,amenity,cafe,Ti sy town cafe
n,7537681024,26.1684008,91.7685332,amenity,clinic,Endovascular Surgery and Interventional Radiology Clinic
n,7537681026,26.1305948,91.7863981,amenity,clinic,Nidaan Healthcare
n,7537681029,26.1338954,91.8090932,amenity,clinic,Guwahati Gastroentrology and Liver Clinic
n,7537681033,26.1678053,91.7657704,amenity,clinic,Life Line Physiotherapy Clinic
n,7537681034,26.1313723,91.8085923,amenity,hospital,Outpatient clinic1
n,7537681036,26.136286,91.81821,amenity,clinic,Gautam Physiotherapy Clinic
n,7537681037,26.172172,91.7708483,amenity,clinic,"Pain Clinic, Guwahati"
n,7537681038,26.1332238,91.8289889,amenity,clinic,Dr. Chakravarty Pathological Lab and Clinic
n,7537681039,26.1799187,91.7747903,amenity,clinic,Reiki Clinic
n,7537681040,26.1287983,91.7811515,amenity,clinic,Family Health Centre
n,7537681041,26.14938,91.786968,amenity,doctors,Dr. Twinkle Daulaguphu
n,7537681042,26.1785921,91.8257891,amenity,doctors,"Dr. Ashok Kumar, Guwahati"
n,7537681043,26.1769881,91.7736117,amenity,clinic,Save Sight Eye Centre
n,7537681044,26.170483,91.77013,amenity,clinic,BHC Spine Clinic
n,7537681046,26.1808273,91.7733903,amenity,clinic,Dristi Eye Clinic
n,7537681047,26.1406064,91.8099728,amenity,clinic,S K Clinic
n,7537681049,26.1667198,91.7670145,amenity,clinic,G.I. Surgery & Endo Laparoscopy Centre
n,7537681050,26.1419047,91.7969571,amenity,clinic,Child and Women Health Clinic
n,7537681051,26.1619578,91.7711294,amenity,clinic,Kaya Skin Clinic
n,7540578841,24.6774632,92.5651127,amenity,clinic,Apollo Diagnostics
n,7540578842,24.819358,92.795703,amenity,clinic,"Skin Care Clinic, Silchar"
n,7540578844,26.7425645,93.1541613,amenity,hospital,K P Memorial Hospital
n,7540578847,26.510725,93.973082,amenity,clinic,Physical Care-Physiotherapy Clinic
n,7540578848,24.8109641,92.7974973,amenity,clinic,Clinicare Diagnostic Centre
n,7540578849,24.8671671,92.3696582,amenity,doctors,Dr. N. S. Das
n,7540578850,24.8607814,92.3706032,amenity,hospital,Railway Hospital
n,7540578851,24.8064948,92.7999839,amenity,clinic,Cure Up Physiotherapy Clinic
n,7540578852,26.7605743,94.2077801,amenity,doctors,Dr. Pradip Goswami
n,7540578853,26.5163478,93.9684896,amenity,clinic,Nizara Devi Eye Specialist Clinic
n,7540578854,24.869115,92.3629,amenity,clinic,Arogya Niketan
n,7540578855,26.7593203,94.2131923,amenity,clinic,Orthocare & Rehab Clinic
n,7540578856,24.8573379,92.368921,amenity,hospital,New Life Line Hospital
n,7540578857,24.8680157,92.3649507,amenity,clinic,Dr. Subhasish's Diabetes Clinic
n,7540578859,26.745837,93.1509692,amenity,clinic,Aarogya ENT Clinic
n,7540578860,26.7543504,94.2152473,amenity,clinic,Polyclinic For Women & Children
n,7540578862,25.2928613,93.1452388,amenity,clinic,Good Samaritan First Aid Clinic
n,7540578863,26.7587511,94.2043388,amenity,doctors,Dr.Md Sahdullah
n,7540578864,24.8159935,92.8006222,amenity,clinic,Dr. Nandi Clinic
n,7540578866,26.7669056,94.2071066,amenity,hospital,City Orthopaedic Hospital
n,7540578868,26.516694,93.9708447,amenity,clinic,Kheria Clinic
n,7540578869,26.5096254,93.9642533,amenity,hospital,K.K.Civil Hospital
n,7540578870,26.7427024,93.1522,amenity,clinic,Swasti Clinic
n,7540578871,26.7594433,94.2118141,amenity,doctors,Dr. Animesh Sarkar
n,7540578873,26.7607748,94.2011934,amenity,clinic,Aarogya Physiotherapy Clinic
n,7540578874,26.738283,94.200626,amenity,clinic,Jorhat Christian Medical Centre
n,7540578876,25.8539708,93.4414527,amenity,clinic,Rongnihang Clinic
n,7540578877,26.7563746,94.1992699,amenity,clinic,Olympus Endoscopy Center
n,7540578878,26.7567459,94.2003761,amenity,doctors,Dr. Pallab Kr Bhattacharjee
n,7540578879,25.8495113,93.4398079,amenity,clinic,Inghun Clinic
n,7540578881,25.1672497,93.0128173,amenity,hospital,"Holy Spirit Hospital, Haflong"
n,7540578882,25.8546559,93.4400722,amenity,clinic,Calvary Health Clinic
n,7540578884,26.7427548,93.1550986,amenity,hospital,Netraloi Eye Hospital
n,7540578885,26.5106562,93.9660603,amenity,doctors,Dr. Bina Hazarika
n,7540578886,24.6754688,92.5611235,amenity,doctors,Dr. Jaffar Iqbal
n,7540578888,26.7422086,93.152418,amenity,clinic,Manyata Maternity Clinic
n,7540578889,24.8649516,92.3591784,amenity,clinic,Apollo Diagnostics
n,7540578890,26.752657,94.211663,amenity,clinic,Physiotherapy Care Clinic-Jorhat
n,7540578891,26.7552344,94.1947564,amenity,clinic,"Dr. Paul's Clinic, Jorhat"
n,7540578892,26.7595141,94.2125056,amenity,clinic,Saikia ENT Clinic
n,7540578893,24.6850785,92.5595604,amenity,doctors,Dr. Tapan Kc Bhattacharjee
n,7540578894,26.7591684,94.2112943,amenity,clinic,Advanced ENT Clinic
n,7540578895,26.5130358,93.9665306,amenity,doctors,Dr. Manas Roy
n,7540578896,24.8649129,92.3591809,amenity,doctors,Dr. Malik
n,7540578897,26.7588129,94.2041206,amenity,clinic,CNS Clinic
n,7540578898,24.8163279,92.8017457,amenity,doctors,Dr.Rajdeep Roy
n,7540578899,26.744393,94.2012466,amenity,clinic,"Arogya Clinic, Orthopaedic & Physiotherapy"
n,7540578900,24.8679397,92.3566824,amenity,doctors,Dr. Indraneel Dey
n,7540578902,24.6764371,92.566705,amenity,clinic,Aaroti Diagnostics Centre
n,7540578903,26.7594245,94.211412,amenity,doctors,Dr.Swagat Tamuli
n,7540578905,26.5075456,93.9738649,amenity,doctors,Dr. Deepak Saikia
n,7540578906,26.7587356,94.2113865,amenity,clinic,Apex Orthocare Clinic
n,7540578907,24.8659184,92.3699251,amenity,doctors,Dr. Mukta Mohi Kutir
n,7540578909,26.7595328,94.2117906,amenity,doctors,Dr. B.N. Dey
n,7540578910,24.8620579,92.3699007,amenity,hospital,Ashirwad Hospital
n,7540578912,26.764708,94.2043679,amenity,doctors,Dr. Ratul Sharma
n,7540578915,24.8738439,92.345528,amenity,doctors,Dr. Nazim Uddin Ahmed
n,7540578916,26.7621573,94.208063,amenity,hospital,Chandraprabha Eye Hospital
n,7540578917,26.5121084,93.9673357,amenity,hospital,KKC Hospital
n,7540578918,26.74506,94.2008707,amenity,clinic,Niramoy Hospital and Research Centre
n,7540578919,24.7530205,92.8358436,amenity,clinic,Chiranjib Clinic
n,7540578921,26.7661241,94.2077373,amenity,clinic,Mid Land Poly Clinic
n,7540578922,24.864506,92.3679055,amenity,clinic,Joy Bijoy Diagnostics
n,7540578925,24.8674243,92.3632535,amenity,clinic,Shovana Clinic
n,7540578926,26.516703,93.9748688,amenity,clinic,Golaghat Nursing Home
n,7540578927,26.7423321,93.1539946,amenity,clinic,Trinayan Eye Care Centre
n,7540578928,26.7644557,94.2072054,amenity,clinic,Dr. Mothurendra Borthakur Clinic and Research Centre
n,7540578929,26.510796,93.9669727,amenity,clinic,Dutta's Psychiatric Clinic
n,7540578931,26.7385005,94.2010669,amenity,hospital,Mission Hospital
n,7540578932,24.679501,92.5654211,amenity,doctors,Dr. Chambers
n,7540578933,26.7579087,94.2147667,amenity,clinic,Dr. K.C. Dey's Clinic
n,7540578934,26.7506117,94.2033157,amenity,clinic,Nilax Multispeciality Clinic & Diagnostic Centre
n,7540578935,24.6739427,92.5647365,amenity,hospital,Shifa Hospital & Research Centre
n,7540578936,26.743331,93.15444,amenity,clinic,Jyoti Prashad Boruah Clinic
n,7540578937,26.5141552,93.9703815,amenity,clinic,Northeast Diabetes Care & Research Centre
n,7540578938,25.8505847,93.4327789,amenity,doctors,Dr.Jagat Sing Teron's
n,7540578939,24.871633,92.371854,amenity,hospital,Urban Hospital
n,7540578940,26.7335391,94.1955141,amenity,clinic,Barua Surgical Centre
n,7540578941,25.8424827,93.432633,amenity,clinic,Diphu Diagnostic & Treatment Centre
n,7540578942,24.8235287,92.7975197,amenity,clinic,Choudhury Eye Clinic
n,7540578943,24.871251,92.3599259,amenity,hospital,IMS Hospital
n,7540578944,26.7477423,94.2019694,amenity,clinic,KG Nursing Home
n,7540578946,24.8680876,92.362293,amenity,hospital,"Mother & Child Health Wing,Civil Hospital"
n,7540578948,26.742704,93.1561416,amenity,hospital,JK Hospital
n,7540578949,24.8702,92.361076,amenity,clinic,North East Diagnostic & Research Centre
n,7540578951,26.7415315,94.2000749,amenity,clinic,Pan Diagnostic Centre
n,7540578952,24.6803011,92.5630225,amenity,clinic,Pain Control Clinic
n,7540578953,24.819011,92.787211,amenity,clinic,Binode Doctor's Clinic
n,7540578954,24.8694259,92.3583703,amenity,hospital,"Red Cross Hospital, Karimganj"
n,7540578956,26.7399201,93.1481919,amenity,clinic,Maynayata Maternity Clinic
n,7540578957,24.7972471,92.7924278,amenity,clinic,Heart Care
n,7540578958,26.7647293,94.2019823,amenity,doctors,Dr. Bhaskar Bhagawati
n,7540578960,24.8677918,92.3624667,amenity,hospital,North Karimganj New Hospital
n,7540578961,25.8593364,93.4431091,amenity,clinic,Rongkhelan Clinic
n,7540578962,24.8723472,92.3558281,amenity,clinic,Dr. N Chackraborty' S Clinic
n,7540578963,26.7592475,94.2115558,amenity,clinic,Dibya Clinic
n,7540578964,26.5128758,93.9593755,amenity,doctors,Dr. S W Rohman
n,7540578965,25.8421593,93.4392644,amenity,clinic,Apollo Diagnostics PCC Centre
n,7540578966,24.686982,92.555274,amenity,clinic,"Physiotherapy Clinic, Hailakandi"
n,7540578968,24.8668952,92.3499353,amenity,clinic,Ankur Diagnostics
n,7541546117,26.1604315,91.685733,amenity,clinic,Ruma ENT Polyclinic
n,7541546119,26.1748408,91.7571722,amenity,doctors,Dr.Santana Sarmah (Eye Specialist)
n,7541546121,26.1719088,91.7326232,amenity,clinic,Ayushman Physiotherapy Clinic
n,7541546122,26.1802634,91.739485,amenity,clinic,Asthma Allergy Centre
n,7541546125,26.172709,91.754061,amenity,doctors,Dr. Swaraj Paul
n,7541546126,26.1584802,91.6890083,amenity,clinic,Nilkamal Optical Eye Clinic
n,7541546128,26.158699,91.696014,amenity,clinic,Health Care Clinic
n,7541546132,26.1724993,91.7591285,amenity,clinic,Skin Care Clinic
n,7541546136,26.158488,91.7349833,amenity,clinic,Devalakshmi Healthcare Pain & Physiotherapy Clinic
n,7541546138,26.17207,91.740325,amenity,doctors,Dr. Suresh Jain - Child Specialist
n,7541546141,26.1596985,91.6856538,amenity,clinic,Dr. Pradipta Sanker Guha Children's Clinic
n,7541546142,26.0491623,91.3906969,amenity,clinic,Orien's Health & Wellness Centre
n,7541546143,26.0723213,91.4270142,amenity,clinic,J M B Clinic
n,7541546145,26.1472457,91.646027,amenity,clinic,"Life Care Diagnostic, Lankeshwar"
n,7541546146,26.1398521,91.6409579,amenity,doctors,Dr. Atul Ch. Sarmah
n,7541546147,26.1107268,91.7466165,amenity,doctors,Dr. Anil Kumar Bhagawati
n,7541546148,25.9781097,91.2243891,amenity,clinic,Dr. Das Clinic
n,7541546150,25.9786571,91.2247761,amenity,clinic,Boko Polyclinic and Research Centre
n,7541546151,26.1458262,91.7274383,amenity,hospital,Dhirenpara First Referral Unit
n,7541546154,26.1718842,91.7583806,amenity,clinic,Narayana Superspeciality Clinic
n,7541546155,26.0487412,91.3910912,amenity,clinic,Saud Medicos
n,7541546156,26.1721107,91.7395618,amenity,clinic,Apollo Clinic - Best Diagnostic Center
n,7541546158,26.1732274,91.7567462,amenity,doctors,Dr. Keshans Clinic
n,7541546159,26.1526727,91.6846448,amenity,doctors,Lakshya J Basumatary
n,7541546161,26.1454737,91.7411135,amenity,hospital,Critical Care Hospital
n,7541546162,26.1719208,91.7479425,amenity,clinic,Netrajyoti Eye Clinic
n,7541546163,26.1539924,91.6940842,amenity,clinic,Pratyasha Health Care
n,7541546164,26.1375981,91.6283245,amenity,clinic,I Care Diagnostic
n,7541546165,26.127944,91.681335,amenity,doctors,Dr. Karan Saraf
n,7541546167,26.1632831,91.659461,amenity,doctors,Dr Faruk Ahmed
n,7541546168,26.1718296,91.736906,amenity,clinic,Guwahati Physiotherapy & Healthcare Clinic
n,7541546170,26.0487329,91.3909301,amenity,clinic,Rapid Cure Diagnostic Centre
n,7541546172,26.0493337,91.3929986,amenity,clinic,Aarogya Doctors Clinic
n,7541546173,26.1695537,91.7362162,amenity,doctors,Dr. Chandana Deka
n,7541546175,26.1684348,91.7367235,amenity,clinic,Instacare Clinic
n,7541546177,26.4283816,91.6288003,amenity,clinic,Sanjivan Arogya Clinic
n,7541546179,26.1710288,91.7476626,amenity,doctors,Dr. Vijay Nahata
n,7541546180,26.0481003,91.386728,amenity,clinic,Bubukan Clinic
n,7541546182,26.0489721,91.3917706,amenity,clinic,Saloi Clinic
n,7541546183,26.4589228,92.0292368,amenity,clinic,Physiotherapy Clinic
n,7541546184,26.0480483,91.3862023,amenity,clinic,Life Support Diagnostic Center
n,7541546185,26.1668909,91.7364237,amenity,clinic,Gonggoisha Eye Clinic
n,7541546187,26.1674325,91.7368502,amenity,clinic,D & B Clinic
n,7541546188,26.1509561,91.694464,amenity,hospital,"Central Hospital, Maligaon"
n,7541546189,26.1720356,91.7391477,amenity,clinic,Dynamic Physiotherapy Centre
n,7541546190,26.2653123,91.6996393,amenity,clinic,Dutta Eye Treatment Center
n,7541546191,26.1695581,91.7356942,amenity,clinic,"Skin and Cosmetology Clinic, Kumarpara"
n,7541546192,26.1108994,91.7522069,amenity,doctors,Dr. Ashok Kumar
n,7541546193,26.1262339,91.6810496,amenity,doctors,Dr. Abhijit Phukan
n,7541546195,26.4358486,91.6249575,amenity,clinic,Pinacle Health Care and Diagnostic Center
n,7541546198,26.1615901,91.6948507,amenity,clinic,Ayush Physiotherapy Centre
n,7541546203,26.0480273,91.3867363,amenity,doctors,Dr.Pankaj Adhikari
n,7541546204,26.1748831,91.7569282,amenity,clinic,"Apple Care, Guwahati"
n,7541546206,26.1783704,91.7496064,amenity,clinic,Nawab Clinic
n,7541546208,26.1095482,91.7193239,amenity,doctors,Dr. Prasanta Kumar Gogoi
n,7541546213,26.159363,91.733658,amenity,clinic,Chandsi Khata Chykitshalaya
n,7541546216,26.048066,91.386714,amenity,doctors,Dr.Manas Goswami
n,7541546217,26.1534457,91.7395088,amenity,clinic,Raksha Multispeciality Physiotherapy Centre
n,7541546218,26.1765174,91.5681952,amenity,clinic,DPNH Eye Sualkuchi
n,7541546219,26.1749637,91.7581997,amenity,clinic,Divyachakshu Eye Clinic
n,7541546220,26.1424917,91.642344,amenity,clinic,Omega Eye Clinic & Research Center
n,7541546221,26.0489664,91.3901416,amenity,clinic,Chikitsa Clinic
n,7541546223,26.1629129,91.7458246,amenity,clinic,Pariksha Diagnostic Clinic
n,7541546224,26.1731559,91.7488239,amenity,clinic,Dr.S. Chakravarty Orthopaedic & Physiotherapy Clinic
n,7541546226,26.1724234,91.7561036,amenity,clinic,Acupuncture Clinic
n,7541546229,26.0946751,91.5366994,amenity,clinic,"Rapid Cure Diagnostic Centre, Mirza"
n,7541546230,26.1734191,91.752219,amenity,clinic,Lahkar Physiotherapy Clinic
n,7541546231,26.1620111,91.6590555,amenity,clinic,SM Clinic
n,7577517041,25.2873638,92.0968584,amenity,hospital,Rasongsli Nursing Home
n,7577517042,25.582507,91.9217576,amenity,hospital,CAPF Hospital
n,7577517043,25.592821,91.942756,amenity,hospital,Regional Cancer Centre
n,7577517044,25.5958462,91.9474231,amenity,hospital,Ayurvedic & Homoeopathy Hospital
n,7577517045,25.588019,91.913836,amenity,hospital,Nigrimes Hospital
n,7577517046,25.590552,91.910655,amenity,hospital,Composite Hospital
n,7577517047,25.593468,91.8792002,amenity,clinic,O & G Clinic
n,7577517049,25.6789181,91.9094552,amenity,hospital,ICAR Hospital
n,7577517050,25.7483755,91.8865692,amenity,clinic,Elyon Eye Care
n,7577517051,25.5780871,91.8771407,amenity,doctors,Dr. Merrily
n,7577517052,25.5658685,91.8873184,amenity,clinic,Oral Health Centre & Dental Clinic
n,7577517053,25.569903,91.896383,amenity,clinic,Bansara Eye Care Centre
n,7577517054,25.5666296,91.8784637,amenity,clinic,Memorial Clinic
n,7577517055,25.4362133,92.2052507,amenity,hospital,Civil Hospital
n,7577517056,25.5694877,91.8978537,amenity,clinic,Heal and Smile Dental & Medical Centre
n,7577517058,25.5792898,91.8781127,amenity,clinic,Bansara Eye Care
n,7577517060,25.563584,91.880668,amenity,clinic,Hope Clinic
n,7577517061,25.5622172,91.9054314,amenity,clinic,Dr. B Lyngdoh Clinic
n,7577517063,25.4682013,92.2876219,amenity,hospital,Nazareth Hospital
n,7577517064,25.5671475,91.9027668,amenity,clinic,Mohanam SN Ayurvedic Centre
n,7577517065,25.614335,91.901388,amenity,clinic,Nehu Clinic
n,7577517066,25.3366026,92.6200009,amenity,clinic,"PHC, Saipung"
n,7577517075,25.5633011,91.8774911,amenity,clinic,Apollo Teleclinic
n,7577517076,25.4692031,92.2391729,amenity,hospital,Woodland  WK Hospital
n,7577517077,25.5752156,91.8714508,amenity,hospital,Jiban Ram Goenka Hospital
n,7577517078,25.5721912,91.8867398,amenity,hospital,CHGS Wellness Centre
n,7577517079,25.5647415,91.9031082,amenity,hospital,John Roberts Hospital
n,7579580173,25.5165354,90.1671545,amenity,hospital,Danak Samguri Hospital
n,7579580175,25.4940162,89.9432399,amenity,hospital,"Civil Hospital, Ampati"
n,7579580176,25.6520385,90.3347324,amenity,hospital,Adventis Mission Hospital
n,7579580177,25.516166,90.220322,amenity,clinic,Clear Vision Eye Care
n,7579580179,25.49798,90.618645,amenity,hospital,Sampalgre Hospital
n,7579580180,25.5201568,90.1767347,amenity,hospital,Maternity and Child Hospital
n,7579580181,25.5227112,90.18235,amenity,hospital,CRPF Composite Hospital
n,7579580182,25.912899,90.628695,amenity,hospital,Gangdobi Hospital
n,7579580185,25.3674522,91.4602074,amenity,clinic,Bansara Eye Care
n,7579580191,25.5212405,90.2171856,amenity,hospital,T.B. Hospital
n,7579580192,25.5079447,91.2738426,amenity,hospital,T.B. Hospital
n,7579580193,25.9165611,90.6493529,amenity,hospital,Civil Hospital
n,7579580194,25.9474414,90.6056206,amenity,hospital,Khaldang Rongsrek Hospital
n,7580090612,24.7789374,93.9363749,amenity,doctors,Dr. Sushil
n,7580090613,24.6787399,94.0452406,amenity,clinic,Plasma Clinic
n,7580090614,24.821708,93.960881,amenity,doctors,Dr. Dinakumar Yambem
n,7580090615,24.6357343,94.0027273,amenity,clinic,Health City Physiotherapy Clinic
n,7580090616,24.812527,93.923942,amenity,clinic,Langol View Clinic
n,7580090619,24.802966,93.9475392,amenity,hospital,Remedy Hospital
n,7580090621,24.8292567,93.9468203,amenity,clinic,Dr. Nabachandra's Paediatric Clinic
n,7580090622,24.8125815,93.9585104,amenity,clinic,Niti Clinic
n,7580090623,24.804797,93.977998,amenity,clinic,Excel Polyclinic & Diagonist Centre
n,7580090624,24.7849387,93.9270237,amenity,doctors,Dr. Guliver
n,7580090625,24.804006,93.951051,amenity,clinic,ACME Fertility and Healthcare Centre
n,7580090626,24.705028,93.946242,amenity,hospital,Noor Hospital And Research Institute
n,7580090630,24.7963702,93.9336596,amenity,clinic,Dr.Ramananda Eye Care Clinic
n,7580090633,24.7872523,93.9354154,amenity,clinic,Yaima Eye Clinic
n,7580090634,24.8103168,93.9641929,amenity,hospital,Incinerator Plant Hospital
n,7580090635,24.8049777,93.9473355,amenity,hospital,Care Foundation Hospital
n,7580090636,24.807533,93.948963,amenity,clinic,Classical Homeopathy Clinic
n,7580090637,24.7841154,93.9481021,amenity,clinic,Sharma Eye Care
n,7580090640,24.8270906,93.9332964,amenity,hospital,Hillside Charitable Hospital & Research Institute
n,7580090641,24.8231011,93.9324335,amenity,clinic,Dr. Sudharanjan ENT
n,7580090642,24.8169894,93.9370011,amenity,doctors,Dr. Dhanarasha
n,7580090643,24.6486497,93.9773152,amenity,hospital,Piles Clinic & Hospital
n,7580090644,24.8265309,93.9441717,amenity,clinic,Trucare ENT Clinic
n,7580090645,24.826015,93.945767,amenity,clinic,Focus Eye Clinic
n,7580090647,24.7782009,93.9277701,amenity,hospital,Apex Hospital & Research Centre
n,7580090648,24.6369403,94.0030459,amenity,clinic,Shija Clinic
n,7580090649,24.7770895,93.9387901,amenity,clinic,Sunshine Physiotherapy Clinic
n,7580090650,24.7854341,93.9270671,amenity,clinic,Green Valley Clinic
n,7580090651,24.7982563,93.9460854,amenity,hospital,Advanced Hospital
n,7580090652,24.8238586,93.9469333,amenity,clinic,Care Physio Clinic
n,7580090655,24.8129497,93.9267455,amenity,clinic,Dr. Romen Eye Clinic
n,7580090658,24.8120518,93.932019,amenity,hospital,Peace Hospital And Research Institute
n,7580090659,24.826597,93.9497282,amenity,clinic,Little Clinic
n,7580090660,24.7829374,93.9372447,amenity,clinic,Jandho Memorial Clinic
n,7580090661,24.625182,94.012785,amenity,hospital,District Hospital
n,7580090663,24.831337,93.925439,amenity,hospital,Ayush Hospital
n,7580090664,24.8224055,93.9624105,amenity,clinic,Langlen Eye Clinic
n,7580090665,24.7794408,93.9448822,amenity,hospital,Robins Lisa Hack Hospitals
n,7580090666,24.7867774,93.9444026,amenity,doctors,Dr. Nabakanta Sharma
n,7580090667,24.6898934,94.0689953,amenity,doctors,Mutum Romen
n,7580090668,24.8259769,93.946772,amenity,clinic,Dr. Karam Lokendro Skin Clinic
n,7580090669,24.820721,93.9333595,amenity,doctors,Dr. Chito
n,7580090670,24.6654057,94.0264577,amenity,clinic,Wangkhem Health Centre
n,7580090672,24.787954,93.9224072,amenity,hospital,Asian Hospital
n,7580090673,24.742727,93.93083,amenity,doctors,Dr. Nabakeshore Singh
n,7580090674,24.800567,93.979882,amenity,clinic,AK Clinic
n,7580090675,24.821748,93.934591,amenity,hospital,City Hospital
n,7580090677,24.8133317,93.9267238,amenity,hospital,Vision Plus Hospital
n,7580090678,24.825042,93.944864,amenity,hospital,City Hospital & Research Centre
n,7580090679,24.7843453,93.9388357,amenity,hospital,Iboyaima Hospital & Research Centre
n,7580090680,24.7953238,93.9306454,amenity,clinic,"Asia Pacific Centre for Heart, Lungs and Vascular Care"
n,7580090681,24.7911378,93.9259114,amenity,clinic,Dr. Suraj Clinic
n,7580090682,24.8327632,93.945552,amenity,clinic,Divine Health Care
n,7580090683,24.8155071,93.9427306,amenity,hospital,Maipakpi Maternity and Child Hospital
n,7580090684,24.807536,93.955412,amenity,clinic,Kaka Physiotherapy Clinic
n,7580090685,24.809745,93.936582,amenity,hospital,Chamber Hospital
n,7580090686,24.8250246,93.93191,amenity,hospital,Shija ENT Hospital
n,7580090687,24.813033,93.928092,amenity,hospital,Sky Hospital & Research Centre
n,7580090689,24.807817,93.9246888,amenity,clinic,Dr. Taruni Clinic
n,7580090691,24.7978391,93.9327835,amenity,clinic,Babita Physiotherapy Clinic
n,7580090692,24.791908,93.92025,amenity,clinic,Radhamanbi Fetility Centre
n,7580090693,24.7970726,93.9011923,amenity,clinic,Dr. Basanta Clinic
n,7580090694,24.6741251,94.0445763,amenity,clinic,Sanabam Eye Care Centre
n,7580090695,24.8147178,93.9483091,amenity,hospital,Mangal Hospital
n,7580090696,24.779201,93.910265,amenity,doctors,Dr. Irengbam Nanda Meetei
n,7580090697,24.821241,93.934375,amenity,doctors,Dr. Bilasinni
n,7580090698,24.790429,93.925032,amenity,hospital,Igastrocare Hospital
n,7580090699,24.807551,93.94797,amenity,clinic,Life Span Diabetes Clinic
n,7580090700,24.813296,93.9274422,amenity,clinic,Kidney Care Clinic
n,7588412939,24.315521,93.984819,amenity,hospital,District Hospital
n,7588412940,24.6497008,93.8989569,amenity,hospital,Ayurvedic Hospital
n,7588412942,24.6591362,93.9042102,amenity,clinic,Yumnam Surjit Physiotherapy Clinic
n,7588412943,24.3283536,93.6926999,amenity,clinic,Dr. Diki Clinic
n,7588412944,25.107044,94.36126,amenity,hospital,Women Hospital
n,7588412945,24.6356578,93.7650877,amenity,hospital,Tuberculosis Hospital
n,7588412946,24.4947449,93.9851146,amenity,clinic,Dr. Shilendra Eye Care
n,7588412947,24.3432096,93.6955445,amenity,clinic,LL Dental Clinic
n,7588412948,24.3427925,93.695123,amenity,hospital,Nazaret Hospital
n,7588412950,24.3346959,93.6947521,amenity,clinic,Ebenezer Polyclinic
n,7588412952,24.5194473,93.9426554,amenity,hospital,Sun Hospital
n,7588412953,24.3567296,93.7041619,amenity,clinic,Hauboi Clinic
n,7588412954,25.285501,94.030172,amenity,hospital,District Hospital
n,7588412955,24.354226,93.706938,amenity,clinic,Ideal Nursing Home
n,7588412956,24.3544746,93.7036526,amenity,clinic,Samaritan Nursing Home
n,7588412957,24.657799,93.899455,amenity,clinic,SS Health Care Clinic
n,7588412958,24.645764,93.8976452,amenity,hospital,Rangini Hospital
n,7588412959,24.3415959,93.6951194,amenity,clinic,TSI Dental Clinic
n,7588412960,24.3347339,93.6933264,amenity,clinic,Hatzaw Polyclinic
n,7588412961,24.3367056,93.6846233,amenity,clinic,Dr. Khups' Eye Clinic
n,7588412962,24.719028,93.846725,amenity,hospital,Nambol Hospital
n,7588412964,25.088019,94.3627241,amenity,hospital,CHSRC Hospital
n,7588412965,24.5063272,93.9654142,amenity,hospital,Nature Cure Hospital
n,7588412966,24.5990498,94.0353989,amenity,clinic,Swiss Clinic
n,7588412967,24.497729,93.982997,amenity,hospital,EMA Hospital
n,7588412968,24.5208781,93.9389501,amenity,clinic,Raj Polyclinic
n,7588412969,24.7170462,93.8328903,amenity,hospital,ACS Hospital
n,7588412970,25.146992,93.967622,amenity,hospital,Dam Dam Hospital
n,7588412972,24.3588201,93.7047585,amenity,clinic,Zion Clinic
n,7588412973,25.160697,93.96399,amenity,hospital,Kangpoki Mission Hospital
n,7588412974,24.975133,93.497247,amenity,hospital,District Hospital
n,7588412975,24.9859138,93.4994811,amenity,hospital,Atipu Hospital
n,7588412976,24.806942,93.1158562,amenity,hospital,"CHC, Jiribam"
n,7588412977,24.7793336,93.1396322,amenity,hospital,District Hospital
n,7588412978,24.778685,93.1387555,amenity,hospital,Jiribam Hospital
n,7588412979,25.2713511,94.0245471,amenity,clinic,Crystal Clinical Lab
n,7588412980,24.4945231,93.9847561,amenity,doctors,Dr. Manichandra
n,7588412981,24.4997615,94.0127658,amenity,clinic,Dr. Memcha Clinic
n,7596021441,24.3415909,93.6906727,amenity,clinic,MSF
n,7614502531,26.330963,94.530994,amenity,hospital,Lenjem Hospital
n,7614502533,25.909191,93.7211796,amenity,clinic,Grace Health Care
n,7614502534,25.907827,93.731059,amenity,clinic,Good Health Diagnostic & Clinic
n,7614502535,25.906185,93.733221,amenity,clinic,Family Health Clinic
n,7614502536,25.9138961,93.7234361,amenity,doctors,Dr. Imcha Jamir
n,7614502537,25.9214861,94.2193714,amenity,clinic,Rapha Clinic
n,7614502538,25.5734942,94.3047665,amenity,hospital,Civil Hospital
n,7614502539,25.906627,93.731253,amenity,hospital,City Hospital
n,7614502541,26.2704552,94.4469613,amenity,hospital,Unit Hospital
n,7614502542,26.2057603,94.2004138,amenity,hospital,Sanis Hospital
n,7614502544,25.6892,94.0989252,amenity,clinic,Kohima Skin & Aesthetic Clinic
n,7614502545,25.644849,93.656025,amenity,clinic,ZBCC Healing Centre
n,7614502546,25.5242888,94.1308005,amenity,hospital,Khuzama T.B. Hospital
n,7614502550,25.906816,93.733918,amenity,clinic,Mercy Eye Centre
n,7614502551,25.9065754,93.7262206,amenity,clinic,Sunjay Surgi Care
n,7614502552,26.3176018,94.5094781,amenity,hospital,Assamrifle Hospital
n,7614502553,25.8820969,94.7815154,amenity,hospital,Civil Hospital
n,7614502555,25.906115,93.731787,amenity,clinic,Government of Nagaland Urban Leprosy Clinic
n,7614502559,25.9055101,93.7500946,amenity,hospital,Dimapur Hospital and Research Centre
n,7614502561,25.6739991,94.1079165,amenity,clinic,Identity Eye Care
n,7614502562,26.091946,94.257752,amenity,hospital,N.Ezung Hospital
n,7614502563,25.671248,94.106699,amenity,clinic,Putuonuo Nursing Home
n,7614502564,25.6586535,94.098742,amenity,clinic,City Clinic
n,7614502565,25.692885,94.4557927,amenity,hospital,Assamrifle Hospital
n,7614502567,25.672919,94.26644,amenity,clinic,Chethaba Health Centre
n,7614502568,25.9142282,93.7096698,amenity,hospital,Fellowship Nursing Home
n,7614502571,25.913789,93.722688,amenity,clinic,Langkumer's Clinic
n,7614502572,25.5381468,94.228953,amenity,hospital,Zuketsa Hospital
n,7614502573,25.908579,93.716553,amenity,hospital,Nagaland Multispeciality Hospital & Research Centre
n,7614502575,25.592514,94.189416,amenity,hospital,Kezocha Hospital
n,7614502576,26.070246,94.875934,amenity,hospital,Shamator Hospital
n,7614502577,26.0924813,94.2580838,amenity,clinic,Vision Eye Care
n,7614502578,25.732764,94.108014,amenity,hospital,Regimental Hospital
n,7614502583,25.6697712,94.0954426,amenity,clinic,District Tubercolosis Centre
n,7614502585,25.910328,93.737026,amenity,clinic,Dr. Belho's Clinic
n,7614502587,25.7227121,94.3242418,amenity,hospital,General Hospital
n,7614502588,25.8872853,93.7556933,amenity,hospital,Olive Christian Hospital and Reserch Centre
n,7614502589,26.7219386,95.0289195,amenity,hospital,Rapha Hospital
n,7614502591,25.910989,93.7207787,amenity,clinic,Premier Ortho Care
n,7614502593,25.909739,93.712297,amenity,hospital,JK Hospital
n,7614502597,25.913846,93.724528,amenity,clinic,Gilead Nursing Home
n,7614502598,25.4816237,93.7887183,amenity,hospital,New Puilwa Hospital
n,7614502599,25.6448895,94.1032895,amenity,hospital,Kohima Mental Hospital
n,7614502600,26.8972914,95.0894333,amenity,hospital,Unit Hospital
n,7614502601,25.915639,93.719991,amenity,clinic,Dr. Murry Clinic
n,7614502604,25.801377,93.784951,amenity,hospital,Referral Hospital
n,7614502606,25.9136651,93.7245336,amenity,clinic,Oriential Nursing Home
n,7614502609,25.910593,93.72132,amenity,clinic,Smile Dental Clinic
n,7614502613,26.7142848,94.6351003,amenity,hospital,NPPC Hospital
n,7614502615,25.8103371,94.845178,amenity,hospital,Civil Hospital
n,7614502618,25.7058115,94.4619153,amenity,clinic,Vese Clinic
n,7614502620,25.9083545,93.7035979,amenity,hospital,Shamrock Hospital
n,7615441763,27.10857,93.697428,amenity,hospital,Samaritan Hormin Hospital
n,7615441765,27.353033,93.043222,amenity,hospital,Seppa District Hospital
n,7615441766,27.0973479,93.6770975,amenity,hospital,Niba Hospital
n,7615441768,27.1301214,93.7474761,amenity,hospital,Tago Memorial Hospital
n,7615441769,27.1008421,93.6281623,amenity,hospital,Heema Hospital
n,7615441771,26.88521,95.321261,amenity,hospital,Longing Hospital
n,7615441773,27.1392719,95.7386846,amenity,hospital,District Hospital
n,7615441774,27.1028001,93.6319658,amenity,clinic,Abees Clinic
n,7615441777,27.153219,93.7673813,amenity,hospital,RGU Health Centre
n,7615441778,27.664404,95.868314,amenity,hospital,Government Hospital
n,7621605912,24.3650387,92.0209683,amenity,hospital,Irani Hospital
n,7621605917,24.168476,91.958401,amenity,hospital,Rajkandi Hospital
n,7621605918,24.259235,92.181908,amenity,hospital,Jalabasa Hospital
n,7621605922,24.371949,92.165601,amenity,clinic,Apollo Clinic
n,7621605933,24.3717301,92.1516952,amenity,hospital,Eye Hospital
n,7638517587,24.1331197,92.331995,amenity,hospital,Zawlnuam Hospital
n,7662581206,25.7778513,93.1028384,railway,station,Patharkhola
n,7725834904,27.5376562,93.8198645,amenity,school,Frontier School
n,7736313456,26.1172844,91.6991751,amenity,place_of_worship,gfff
n,7779986523,26.2418559,91.5398464,amenity,place_of_worship,Hajo Dargah
n,7817274248,27.0734612,93.6332161,amenity,place_of_worship,st john bosco catholic church
n,7819490059,25.6478579,93.6707187,amenity,bank,SBI
n,7822057877,25.6491572,93.6704204,amenity,place_of_worship,
n,7822089745,25.6620812,93.6946784,shop,supermarket,
n,7822113092,25.6731379,94.1076709,amenity,bank,IDBI Bank
n,7822122349,25.6737759,94.1086778,amenity,cafe,Ozone Cafe
n,7903872144,24.1827838,93.4579593,amenity,place_of_worship,EBCC Sialbu
n,7972578193,25.6875307,94.1007172,shop,mall,Trends
n,7972620083,26.096318,94.2540709,amenity,bank,SBI
n,7972620084,26.0960899,94.2542354,amenity,bank,Axis Bank
n,7972633985,26.0957045,94.2552904,amenity,bank,ICICI Bank
n,7972633986,26.0737982,94.2599743,amenity,fuel,
n,7973149585,25.6707668,94.1067952,amenity,bank,Bank of Baroda
n,7973149586,25.6706854,94.1067422,shop,sports,Adidas
n,7973149587,25.6685079,94.1055654,shop,yes,Blackberry
n,7973149588,25.6684742,94.1046003,amenity,bank,Federal Bank
n,7973171000,25.6544883,94.1013222,amenity,bank,State Bank of India
n,7980097132,26.0960898,94.2569332,amenity,place_of_worship,Wokha Baptist Church
n,7980121746,26.1044731,94.2576778,amenity,bus_station,NST Station
n,7980130385,26.1097023,94.2553234,amenity,place_of_worship,Wokha Village Baptist Church
n,7985395414,25.7523604,93.1796311,amenity,place_of_worship,soni mondir
n,7996208057,24.7458824,93.4256606,amenity,restaurant,
n,7996280998,25.576939,91.8834738,amenity,bank,Meghalaya Rural Bank
n,7996308175,24.7472708,93.4209512,amenity,fuel,
n,7996325713,24.795138,93.940457,amenity,restaurant,
n,7996333618,25.9606557,93.5864079,amenity,restaurant,
n,7996334615,24.7458445,93.4256171,amenity,marketplace,
n,7997382206,25.8091513,93.7898369,amenity,place_of_worship,Christian Revival Church Chumoukedima
n,7997384230,25.8102681,93.7881458,amenity,marketplace,Daily Market
n,7998358277,25.8026191,93.801026,amenity,college,Patkai Christian College
n,7998406601,25.8179443,93.7846875,amenity,marketplace,Weekly Market
n,7998533421,25.6583504,94.0988706,amenity,bank,State Bank of India
n,7998533424,25.6749945,94.1088063,shop,stationery,Kemegwi
n,8000340797,25.6479447,94.1078397,shop,car_repair,
n,8000340798,25.6684903,94.1024244,shop,gas,Belho Gas
n,8000340799,25.6724501,94.1091673,shop,gas,Seyie Gas
n,8000340800,25.6537631,94.0995274,shop,gas,Belho Gas
n,8000340801,25.68861,94.0987337,shop,gas,Yhome Gas
n,8000340802,25.6854543,94.1024143,shop,gas,MARCOFED Gas
n,8002506075,25.7492042,93.1693201,amenity,place_of_worship,Sitala Mandir
n,8005917649,25.8687935,93.7659875,amenity,bank,SBI ATM
n,8012398277,25.8581858,93.7687878,amenity,bank,State Bank of India
n,8012398278,25.8599417,93.7682393,amenity,restaurant,Korean Uncle's Cafe
n,8023555005,26.4459842,91.4373271,shop,motorcycle,KTM Nalbari
n,8041812491,26.1721615,91.760022,amenity,bank,Bank of Baroda
n,8080414021,24.3524696,93.7048487,amenity,place_of_worship,E.F.C.I Church
n,8080444400,24.3515891,93.7048814,amenity,place_of_worship,I.C.I Church
n,8096238405,25.9124339,93.7039572,shop,clothes,HERMOSA
n,8123374520,25.6713626,94.1074829,shop,electronics,One Bit
n,8123546418,25.6711102,94.107294,shop,clothes,Gravity Store
n,8123583628,25.6752772,94.1086718,amenity,bank,Central Bank of India ATM
n,8123584952,25.6685307,94.1058988,amenity,bank,State Bank of India ATM
n,8123588847,25.6573366,94.0962199,amenity,bank,State Bank of India ATM
n,8123636576,25.6566344,94.0954487,amenity,restaurant,US Pizza
n,8123641318,25.6542473,94.0990433,amenity,bank,Canara Bank
n,8124902182,26.2889801,94.1186386,amenity,university,Government Higher Secondary School
n,8124902183,26.2809882,94.1271769,amenity,university,Don Bosco Higher Seconary School
n,8124902184,26.2880311,94.1158374,amenity,place_of_worship,Baptist Church
n,8124902185,26.2832877,94.1174521,amenity,place_of_worship,Sacred Heart Church
n,8133424506,25.6585567,94.0993622,amenity,marketplace,TYO Bamboo Market
n,8133432499,25.6567894,94.0958999,amenity,restaurant,Big Bite
n,8148438002,25.845613,94.051732,amenity,police,Zhadima IRB
n,8186191011,24.7206229,93.8408794,amenity,restaurant,Laziz Pizza Nambol
n,8186245354,24.7191326,93.8392886,amenity,fast_food,Shirui Food
n,8186249933,24.7177196,93.8375146,amenity,fast_food,Food Zilla
n,8186331040,24.6297238,93.7628952,amenity,fast_food,Joinibhash Cafe
n,8186438408,24.6280257,93.7623699,shop,supermarket,Bishnupur Bazar
n,8188798285,26.1407074,91.8113148,shop,car_parts,Zero Gear
n,8204665996,25.7147851,93.7874722,amenity,clinic,"Primary Health Centre, Riizaphema"
n,8205237694,25.6036868,94.1225184,amenity,hospital,"Government Hospital, Zakhama"
n,8208471018,24.7195146,93.8048111,amenity,clinic,"Primary Health Centre, Kabowakching"
n,8208503575,24.6741895,93.7853607,amenity,clinic,"Primary Health Centre, Keinou Thongkha"
n,8208556498,24.7130345,93.8750719,amenity,clinic,"Primary Health Centre, Kayai Lanpok"
n,8208594436,24.6784428,93.8491855,amenity,clinic,"Primary Health Centre, Ishok"
n,8208612235,24.6960716,93.7891272,amenity,clinic,"Primary Health Centre, Irengbam"
n,8208676507,24.7168674,93.7838858,amenity,clinic,"Primary Health Centre, Leimaram"
n,8208683285,24.6854158,93.8279438,amenity,clinic,"Primary Health Centre, Naorem"
n,8220598783,24.6251236,93.7620648,shop,bakery,Homely Bakers
n,8243243712,26.1565503,91.7782465,shop,clothes,Max Fashion
n,8258281531,24.774154,93.9053371,shop,baby_goods,Firstcry
n,8308355217,26.0868154,91.5650886,amenity,restaurant,Ranjeeta
n,8366437967,25.5343601,94.2441988,amenity,clinic,"Primary Health Centre, Zapami"
n,8401309652,26.2551482,92.3290878,amenity,place_of_worship,"Catholic Church, Morigaon"
n,8401309653,26.2552206,92.3285733,amenity,school,"St Theresa's School, Morigaon"
n,8419596407,26.1009869,91.5971825,amenity,restaurant,Kamakhya Grand
n,8432231123,24.8540093,92.4801341,railway,station,Bhanga
n,8460337578,25.664593,94.0925816,amenity,bank,SBI ATM
n,8460380743,25.6597236,94.0968806,amenity,bank,SBI ATM
n,8460380744,25.6570189,94.0961004,amenity,restaurant,Amaris
n,8460380745,25.6570189,94.0960677,amenity,restaurant,Kinderd
n,8460380746,25.6573557,94.0963339,amenity,cafe,D Cafe
n,8460390833,25.6588993,94.09929,amenity,bank,SBI ATM
n,8460390834,25.6608782,94.1002128,amenity,bank,SBI ATM
n,8460435807,25.6627544,94.0998144,amenity,bank,SBI ATM
n,8460435808,25.6685577,94.1056134,amenity,restaurant,Symphony cafe
n,8474543555,25.6763893,94.1059734,amenity,bank,SBI ATM
n,8474569682,25.6680732,94.1049367,amenity,bank,UCO Bank
n,8482078592,25.8583089,93.7689475,shop,clothes,The_Hanger_19
n,8483491092,24.2003675,93.8996503,amenity,clinic,MSF clinic chakpikarong
n,8484009070,24.3428299,93.6940026,amenity,school,Secondary school
n,8512893821,24.4539118,94.0234905,amenity,cafe,JV Restro
n,8566979184,26.118073,91.6149288,shop,chemist,Baba Ganesh Medicos
n,8640177998,26.0811276,91.5617847,amenity,restaurant,Canteen
n,8640190892,26.0823058,91.5581353,shop,yes,Dhanjeet
n,8640193532,26.0824334,91.5575856,shop,yes,Jonmoni
n,8677982104,25.3073404,91.5862866,amenity,fuel,Indian Oil
n,8677986393,25.2940296,91.5777919,amenity,police,Mawsynram Police Station
n,8717736587,25.4901326,92.7215456,amenity,school,Middle English School
n,8717776322,25.4902262,92.7226685,amenity,school,Lower Primary School
n,8717779947,25.4867655,92.7235054,amenity,school,Himalayan Acaemy
n,8753572673,26.0703155,91.4224035,amenity,school,Rohini Kumar Chaudhary High School
n,8776943258,26.1766117,91.7650803,shop,department_store,Moksha Events
n,8778539905,24.3352555,93.6831013,amenity,place_of_worship,"PCI (R), Bungmual Church"
n,8778539910,24.3360122,93.6808385,amenity,place_of_worship,"EBCC, Bungmual"
n,8778539911,24.3332751,93.6834761,amenity,place_of_worship,"EBCC, Bethany"
n,8778539912,24.3329431,93.6873705,amenity,place_of_worship,"EBCC, Dorcas Veng"
n,8778539916,24.338594,93.6876641,amenity,place_of_worship,"EBCC, D. Phailian"
n,8778588406,24.3301777,93.6935138,amenity,fuel,New Lamka Petrol Pump
n,8791197185,24.3374568,93.6886633,amenity,school,Donbosco High School
n,8791197186,24.3384268,93.6896684,amenity,school,Royal Academy
n,8791258360,24.3325912,93.6716226,amenity,place_of_worship,"EBCC, Pearsonmun"
n,8824872504,25.4976741,94.3864152,amenity,place_of_worship,Laii Baptist Church
n,8891145026,27.7751129,91.9833315,amenity,place_of_worship,चुमी ग्यात्से
n,8892581535,24.7817646,93.938667,shop,electronics,Nibiaa Devices
n,8917621806,25.5953604,91.898887,amenity,cafe,From the Pot
n,8925303114,24.5937533,92.3040459,shop,religion,Asit Private Limited
n,8925478132,24.59392,92.3038211,amenity,place_of_worship,Bilbari Shiv Mandir
n,8925492655,24.5916419,92.2981519,amenity,place_of_worship,Jagannath Temple South Bilbari (Asit)
n,8927847594,24.5948117,92.304785,amenity,place_of_worship,Jagannath Temple Middle Bilbari (Asit)
n,8990386645,26.654025,93.9889013,amenity,clinic,Kuralguri Mini P.H.C.
n,8999694693,27.399181,95.314595,railway,station,Bordubi Road
n,8999694694,27.3991671,94.1824856,railway,station,Baginadi
n,8999694695,26.5616754,94.0956546,railway,station,Chakiting
n,8999694696,25.820221,93.517152,railway,station,Daldali
n,9026849405,25.5851882,91.8692575,amenity,place_of_worship,Lumkshaid Presbyterian Church
n,9072764831,27.0862681,95.6162985,amenity,place_of_worship,Lanwang Baptists Church
n,9085265563,25.6032243,94.397111,amenity,place_of_worship,
n,9091372772,27.3399973,95.7369922,amenity,place_of_worship,Nonglai Buddhist Monastary
n,9103549413,27.5445179,93.81,amenity,place_of_worship,Town Baptist Church
n,9126463079,27.5448634,93.8145941,shop,car_repair,Hills Auto Agency Maruti Garage
n,9126463080,27.5450097,93.8144854,shop,car_repair,Maruti Hills Auto Agency
n,9140633202,27.4836892,95.172683,shop,convenience,Chabua Daily Market
n,9141783411,27.4783233,94.9013481,amenity,place_of_worship,হনুমান মন্দির
n,9141978753,27.4777465,94.9052645,amenity,place_of_worship,শ্রী শ্রী হনুমান মন্দির
n,9142043131,27.4779187,94.9004281,amenity,restaurant,Food Track
n,9142428679,26.8882042,95.3203761,shop,books,Winto Book shop
n,9171972265,26.2701942,91.9863197,amenity,restaurant,Chanaka Riverine Camp
n,9176356738,26.1110057,91.6132753,amenity,restaurant,Sardarji da dhaba
n,9180214317,26.3121111,92.6367596,amenity,place_of_worship,Sankari kala Kristi kendra
n,9186847496,26.0856136,91.5683425,amenity,restaurant,Food-E
n,9195671346,27.4246705,96.0280519,amenity,fuel,
n,9195671347,27.4241767,96.0270393,amenity,marketplace,
n,9195671348,27.4243876,96.0305428,amenity,place_of_worship,
n,9204757717,24.8672206,92.3662772,amenity,place_of_worship,শিব মন্দির
n,9212116553,27.4812525,95.1659265,amenity,place_of_worship,দুর্গা মন্দির
n,9213142717,24.6794675,92.3433993,amenity,place_of_worship,শ্রী রাধারমন আশ্রম
n,9213384852,27.4801072,94.9042612,amenity,bank,Bank Of India
n,9213829775,26.088964,91.5626802,amenity,restaurant,MBN Kitchen
n,9214228436,27.4829458,94.9037235,amenity,bank,ICC Bank
n,9214231523,27.4806067,94.9064455,shop,shoes,Woodland
n,9214231563,27.4807933,94.9067943,amenity,marketplace,Goenka Market
n,9214231564,27.4810949,94.906704,amenity,bank,Yes Bank
n,9214231565,27.4810091,94.9067997,amenity,bank,Vijaya Bank
n,9215488818,24.3798726,92.1626926,amenity,place_of_worship,Kali bari
n,9215929534,27.4821415,95.1723145,amenity,school,Industrial Technical Institute
n,9217693017,24.3743323,92.1643329,amenity,place_of_worship,Iskcon Temple
n,9237848509,25.317734,91.7026849,shop,ticket,
n,9256452217,24.1618136,92.0428181,amenity,place_of_worship,Bhabatarini Mondir
n,9262779917,24.4263881,92.1922761,amenity,place_of_worship,Lalcherra Shiv Mandir
n,9263000917,24.4469443,92.2266147,amenity,place_of_worship,প্রেমতলা কালীবাড়ী
n,9277901517,24.9670234,92.5749714,amenity,place_of_worship,Kali temple
n,9283397817,25.6671853,91.9010145,amenity,place_of_worship,Shiv Temple
n,9295908306,24.8259887,93.9458978,amenity,restaurant,subway imphal
n,9339762747,25.5850962,91.8894464,shop,convenience,Thabah Store
n,9342367645,26.8347744,94.2864272,amenity,restaurant,Sweet Tooth
n,9342367646,26.7619374,94.208626,amenity,restaurant,Sweet Tooth
n,9348968900,25.9114415,93.733522,amenity,place_of_worship,HIndi Baptist Church
n,9369441819,25.9815157,90.7867203,amenity,cafe,
n,9376043291,25.8459417,93.4436521,amenity,restaurant,Lazeez Restaurant
n,9376049711,25.8444501,93.4420691,amenity,restaurant,Pei Kitchen
n,9376053137,25.8451239,93.442971,amenity,restaurant,Meat & Eat
n,9376059611,25.8482834,93.4350337,amenity,fuel,Essar Petrol Station
n,9376060809,25.8444409,93.4421661,amenity,restaurant,Poor Man's Kitchen
n,9376122287,25.8409433,93.4383875,amenity,restaurant,Little Dragon Restaurant
n,9376142750,25.840946,93.4382965,amenity,cafe,Cafe Plipli
n,9376210529,25.8369163,93.4323065,amenity,bank,State Bank of India
n,9376210530,25.8319306,93.4301196,amenity,hospital,Diphu Medical College
n,9376210531,25.8353537,93.427479,amenity,college,Singkiri College
n,9376215664,25.8395275,93.4384882,amenity,bank,Assam Gramin Vikash Bank
n,9376232961,25.8428091,93.4395778,shop,supermarket,CAK Building
n,9376250052,25.8452969,93.4384338,amenity,bank,North East Small Finance Bank
n,9376333074,25.8438669,93.4406189,amenity,marketplace,Diphu Market
n,9376333075,25.8396641,93.4273243,amenity,cafe,Friends Cafe
n,9378691449,25.8449922,93.437747,amenity,bank,HDFC Bank
n,9378691450,25.8447901,93.4376378,amenity,fuel,Indian Oil
n,9378691451,25.8439953,93.4372251,amenity,fuel,Assam Oil
n,9378846473,25.8447516,93.4369958,shop,car_repair,KAAC Workshop
n,9378902217,25.8417332,93.4382518,amenity,bank,IDBI Bank
n,9378909935,25.8407867,93.4383567,amenity,bank,Axis Bank
n,9378909936,25.8483799,93.4457832,amenity,hospital,Rengpoli Hospital
n,9404347698,25.9178545,93.4412065,amenity,hospital,Catholic Hospital
n,9404355687,25.8411771,93.4379596,shop,mall,Reliance Trends
n,9463171417,26.6721971,94.3079145,amenity,hospital,Katonibari T.E. Hospital
n,9463192617,26.6705474,94.3103221,amenity,place_of_worship,Manav Dharam Ashram
n,9463195118,26.6678257,94.3072347,amenity,place_of_worship,Katonibari AG Church
n,9470745970,25.2988116,91.5814165,amenity,bus_station,Mawsynram Station
n,9470762651,25.2990071,91.5816423,amenity,bus_station,Taxi to Shillong
n,9534587362,26.1437362,91.6701495,amenity,college,Tata Institute of Social Sciences
n,9534823858,26.1422966,91.6685432,amenity,cafe,Tea Cafe
n,9536443592,24.7925793,92.9756108,amenity,place_of_worship,Papal Masjid
n,9536443593,24.7930816,92.9727917,amenity,place_of_worship,Tolengram Masjid
n,9536936757,24.8090491,92.9133903,amenity,bank,Assam Gramin Vikash Bank
n,9537045267,24.8146361,92.9033235,amenity,place_of_worship,Lambabasti Kontha Masjid
n,9554591233,24.7926718,93.0003478,shop,shoes,Fashion Feet
n,9563662344,24.8088568,92.9149568,shop,clothes,Jakir Pangal Firon & Shoe Dukan
n,9570931273,27.4876483,94.9187603,amenity,hospital,Puja Hospital
n,9571656906,26.5112997,93.9784378,amenity,place_of_worship,Namghar
n,9587489212,27.5877859,94.7257653,amenity,bank,IDBI Bank
n,9589142578,24.790401,93.0188024,shop,electronics,CyberWeb
n,9594379464,27.6596218,94.7045209,amenity,fuel,Indian Oil
n,9596976560,27.5927159,94.7236813,amenity,bank,Punjab National Bank
n,9598817299,24.8089311,92.9140539,shop,clothes,Fashion Point Baskandi
n,9602616952,24.809306,92.9149665,shop,clothes,Nazir Cloth Store Baskandi
n,9603453477,24.8090161,92.9099861,shop,car,Parbez Car
n,9608153657,24.8101515,92.9158812,shop,clothes,Mazumder Cloth and Shoe Store
n,9608233699,24.820058,92.939066,shop,shoes,Pinku Shoe Store
n,9608281713,24.8089125,92.9136187,shop,clothes,New Panjabi
n,9608341188,24.8103022,92.8924417,shop,clothes,Genuine Leather Shop
n,9608994188,24.7924448,93.0050573,shop,electronics,Baby Electronics
n,9609166054,24.7935463,93.0192145,shop,furniture,Laskar Furniture
n,9610472282,24.8127756,92.8613714,shop,supermarket,IDNOAAS Fancy Bazaar
n,9610532029,24.8105499,92.9172933,shop,electronics,Pear Electronics and Electrician
n,9610578838,24.8105148,92.9182082,shop,hardware,MS M
n,9610578839,24.8105261,92.9182222,shop,hardware,MS RM Enterprise
n,9610605938,24.8105524,92.918309,shop,hardware,Barbhuiya Tiles and Sanitation
n,9610664775,24.8289546,93.0217214,shop,clothes,Ema Cloth Store Pailapool
n,9610787471,24.8289162,93.0228721,shop,mobile_phone,Digital Tech Communications Pailapool
n,9610842974,24.8291902,93.022642,shop,appliance,Casual Corner
n,9611185817,24.8087334,92.9133419,shop,mobile_phone,Alom Mobile
n,9625640262,26.9579775,94.6557688,amenity,school,TRB Joysagar Campus (Construction in progress)
n,9631354100,24.7899519,93.020518,shop,mobile_phone,Fulertal Galaxy 2
n,9653476116,26.4524994,92.3923023,amenity,hospital,
n,9653481521,26.4525932,92.3924643,shop,supermarket,
n,9659096653,26.3424303,92.7271085,amenity,fast_food,smoky bae
n,9697071593,24.2416122,91.6595269,amenity,school,HOOGLIA HAZI MONSOB ULLAH BILATERAL HIGH SCHOOL
n,9697247794,24.4025042,92.0122105,amenity,school,AHMED SHOHAN SONALI JUNIOR SCHOOL
n,9697247795,24.4153391,92.0211696,amenity,school,HYDER GONJ HIGH SCHOOL
n,9697264885,24.4242712,92.1347593,amenity,school,RAJKIE ALBINTILA MUKTHIJUDDHA HIGH SCHOOL
n,9697264886,24.4379983,92.1580728,amenity,school,RAGHNA BOTULI HIGH SCHOOL
n,9697264887,24.4593694,92.1482128,amenity,school,FULTALA BASHIRULLAH HIGH SCHOOL
n,9697264888,24.4876106,92.1413639,amenity,school,SAGORNAL HIGH SCHOOL
n,9697264889,24.5111512,92.1509242,amenity,school,HAZI SUNA MIAH APTARUN NESSA HIGH SCHOOL
n,9697264890,24.5157289,92.1415932,amenity,school,JIBANJUTI NAGAR JUNIOR SCHOOL
n,9697264891,24.5349616,92.1600229,amenity,school,SILUYA HIGH SCHOOL
n,9697264892,24.5159287,92.20595,amenity,school,KACHURGUL HIGH SCHOOL
n,9697377374,24.5851162,92.1997127,amenity,school,HAZI MONOHOR ALI M SAIFUR RAHMAN HIGH SCHOOL
n,9697397573,24.8898792,92.4790401,amenity,school,এম আর মজুমদার বিদ্যানিকেতন
n,9697397574,24.9040573,92.4639229,amenity,school,Shunashar Secondary School
n,9697397575,24.9231375,92.480667,amenity,school,Wazed Ali Mozumder High School
n,9697397576,24.9305089,92.4459894,amenity,school,Hafiz Mazumder Bidyaniketon
n,9697397577,24.9429299,92.423437,amenity,school,Manikpur Government Primary School
n,9697397578,24.9508011,92.4225498,amenity,school,Shimantik International High School
n,9697511538,25.135358,92.1296219,amenity,school,
n,9697511541,25.1610854,92.0993936,amenity,school,
n,9697511542,25.1752087,92.0545468,amenity,school,NOLJURI SHAPTAGRAM JUNIOR SCHOOL
n,9697874515,25.4895386,89.8459166,amenity,school,BOKBHANDA HIGH SCHOOL
n,9711491942,26.1910045,91.7658427,shop,gift,
n,9717035978,25.5626201,91.8297678,amenity,place_of_worship,Nongumlong Presbyterian Church
n,9717205938,25.5789961,91.8679087,amenity,place_of_worship,Barapathar Shiv Temple
n,9730174642,26.6095389,93.8628504,railway,station,Numaligarh
n,9739196369,25.8462152,93.4259745,amenity,cafe,Your Little Food Corner
n,9742686701,26.6959166,92.8371991,shop,hardware,Brahmaputra Enterprise
n,9760182213,26.1651483,91.7795834,amenity,restaurant,The VIEW Restaurant And Lounge
n,9761003858,25.7583156,93.3076183,railway,station,Langcholiet railway station
n,9761003859,25.7729148,93.387018,railway,station,Nailalung railway station
n,9761003860,25.7549185,93.2436485,railway,station,Bar Langfer S railway station
n,9761003882,26.7412014,94.4371491,railway,station,Lahing
n,9761003883,26.78379,94.482874,railway,station,Seleng Hat
n,9761004250,26.1605194,92.6573324,railway,station,Kampur railway station
n,9761004251,26.1094687,92.7405312,railway,station,Jamunamukh
n,9761004252,26.0393796,92.8027958,railway,station,Jugijan railway station
n,9761004253,26.6691375,93.9838504,railway,station,Barua Bamungaon
n,9761061600,26.1243167,91.8166564,shop,beauty,LuxeBeauty By JPH
n,9767739804,27.4864447,95.3531727,shop,cosmetics,Tinsukia Traders
n,9774440372,26.5502031,92.9336161,amenity,bank,Assam Gramin Vikash Bank
n,9774440373,26.5505883,92.9337479,amenity,school,Kuwaritol LP School
n,9812030833,26.1375874,91.6285762,shop,supermarket,Pariwar
n,9812030834,26.1375905,91.6282721,shop,supermarket,Jio Smart Point
n,9812549786,26.1375806,91.6285128,amenity,restaurant,Aroma Delicacy Restaurant
n,9827084615,24.5357501,94.1558944,amenity,place_of_worship,
n,9827109475,24.511436,94.1097289,amenity,place_of_worship,
n,9827109492,24.463928,94.1056984,amenity,place_of_worship,
n,9827115413,24.4407044,94.2412353,amenity,school,Kambang Khullen Primary School
n,9827259431,24.3941911,94.2551678,amenity,place_of_worship,
n,9827259432,24.3929937,94.2546382,amenity,school,Leibi Primary School
n,9827269980,24.4529406,94.2222517,amenity,school,Sita Government High School
n,9827269992,24.4522273,94.1519375,amenity,school,Khudei Khullen Primary School
n,9827269993,24.4112361,94.19454,amenity,school,Chellep Primary School
n,9827269994,24.4679846,94.1296499,amenity,school,Phungchong Primary School
n,9827269995,24.4625791,94.1043277,amenity,school,Kangoi Primary School
n,9827275611,24.4343274,94.293091,amenity,school,Rilam Primary School
n,9827973700,24.6145655,94.2999791,amenity,place_of_worship,
n,9828163870,24.3495773,94.2582531,amenity,school,
n,9828163912,24.4144678,94.1931332,amenity,place_of_worship,Loikom Baptist Church
n,9828163913,24.4289151,94.1906872,amenity,place_of_worship,Laipham Baptist Church
n,9828209851,24.3770407,94.0106243,amenity,school,Jawahar Navodaya Vidyalaya
n,9831789932,26.3574273,90.5222958,railway,station,Bechimari
n,9834431224,26.2753278,90.4378626,railway,station,Chapar
n,9837266184,24.8317856,93.5630089,railway,station,Awangkhal
n,9839806385,24.8591099,93.6325027,railway,station,Noney
n,9839806388,24.8383213,93.7178287,railway,station,Haochong
n,9839806399,24.8195117,93.8205385,railway,station,Phayeng
n,9839807719,24.7639447,93.8654977,railway,station,Imphal
n,9848396241,25.7602149,93.7125172,railway,station,Sukhovi
n,9848396304,25.7821432,93.6354232,railway,station,Dhansiripar
n,9848477377,25.7427091,93.8501834,railway,station,Molvom
n,9876351634,24.5001555,94.3452071,amenity,place_of_worship,
n,9881622553,24.7132987,94.5574523,amenity,place_of_worship,Phaikoh Christian Church
n,9881660577,24.6635945,94.5654849,amenity,place_of_worship,
n,9887501771,24.4558935,94.2237542,amenity,place_of_worship,
n,9893766363,26.1786876,91.7565451,shop,electronics,Digi Co
n,9921821817,26.5768987,92.197789,amenity,school,Niz Dalgaon LP
n,9941837660,25.8481884,93.4330994,amenity,restaurant,Momo Mafia
n,9944292985,26.8286228,92.6851221,amenity,place_of_worship,St. Paul’s Catholic Church
n,9948639404,26.797227,92.7000432,railway,station,Thakurbari Railway Station
n,9952210828,25.2770666,94.5543576,amenity,place_of_worship,Poi Baptist Church
n,9989437174,27.2643956,94.0237415,amenity,place_of_worship,Radha Krishna Mandir
n,9989437175,27.2644719,94.0223145,amenity,place_of_worship,Shiv Mandir
n,9989489379,27.2404012,94.1044133,amenity,college,North Lakhimpur Law College
n,9989489381,27.2383122,94.1057007,amenity,bus_station,ASTC Lakhimpur bus station
n,10009953417,24.8085656,92.9144002,shop,mobile_phone,TestMobile
n,10137679514,27.5038244,95.3381025,shop,hairdresser,
n,10137701523,27.5032463,95.3385907,shop,hairdresser,
n,10137703478,27.4984215,95.3415344,amenity,place_of_worship,Rai Parivarik Mandir
n,10137704362,27.4962086,95.3456279,shop,wine,
n,10137713774,27.4950559,95.3483659,shop,hairdresser,
n,10167160918,27.5209672,95.7356683,amenity,place_of_worship,Bijulibon Tilinga Mandir
n,10167189714,27.5175303,95.72913,amenity,place_of_worship,
n,10196748805,26.9330469,95.1442463,amenity,place_of_worship,
n,10221832427,25.1674339,93.0180307,amenity,bank,SBI
n,10221832431,25.1601805,93.0175856,amenity,fuel,Indian Oil
n,10221832519,25.1837207,93.014171,amenity,marketplace,Sarkari Bagan Market
n,10221832523,25.1724977,93.0176976,amenity,college,Haflong Govt. College
n,10221832524,25.1680766,93.0190969,amenity,police,Haflong Police Station
n,10221832525,25.1678096,93.0182116,shop,mall,Besheng Mart
n,10221832627,25.1739713,93.0134109,shop,gas,Ruina Gas Agency
n,10221832628,25.173043,93.0150161,shop,mall,Family Mart India
n,10221832633,25.1561556,93.0213342,amenity,marketplace,Mahadev tilla
n,10222740922,25.1797324,93.0115688,amenity,fuel,NRL
n,10222740923,25.1827055,93.0137098,amenity,bank,Langpi Dehangi
n,10222741018,25.1869072,93.0065162,amenity,place_of_worship,Lodi Presbyterian Church
n,10222741019,25.1756406,93.0156267,amenity,place_of_worship,Synod Presbyterian Church
n,10222741118,25.1845051,93.0011883,amenity,place_of_worship,Devi Mandir
n,10222755917,25.1634969,93.0198074,amenity,police,SP Office
n,10222792417,25.1726021,93.0120159,amenity,fuel,ESSAR
n,10222792418,25.1874836,93.0184293,amenity,fuel,Assam Oil
n,10222796417,25.1718552,93.0086431,amenity,school,Dibarai High School
n,10222800618,25.1821635,93.0111217,amenity,hospital,Haflong Civil Hospital
n,10222803717,25.180907,93.0098019,amenity,hospital,TB Hospital
n,10222803720,25.1694896,93.0161488,amenity,bank,SBI Branch
n,10222803817,25.1810738,93.0091065,amenity,place_of_worship,Longmang Presbyterian Church
n,10222805818,25.175129,93.0155777,shop,outpost,Delhivery
n,10222809618,25.1698205,93.0160822,amenity,place_of_worship,Jagganath Mandir
n,10222809621,25.1695522,93.0150673,amenity,bank,Bank of India
n,10222810018,25.1753982,93.0175632,amenity,place_of_worship,Pentecostal Church
n,10222819117,25.1701112,93.015716,amenity,place_of_worship,Shiv Mandir
n,10222819118,25.1709898,93.0162012,amenity,place_of_worship,Majid
n,10222819217,25.1680219,93.0185974,amenity,bank,ICICI
n,10222819317,25.1740793,93.0173039,amenity,place_of_worship,Kalibari
n,10222875618,25.1844969,93.0140875,amenity,place_of_worship,"Shani Mandir,"
n,10222875620,25.1795029,93.0117924,amenity,place_of_worship,Kali Mandir
n,10222875621,25.1788342,93.0129751,amenity,place_of_worship,Boildura Shiv Mandir
n,10222875624,25.1762205,93.0137748,shop,motorcycle_repair,Two wheeler Workshop
n,10222875625,25.1759213,93.0145251,shop,motorcycle_repair,Workshop
n,10222875718,25.1832152,93.0140168,amenity,police,Sarkari Bhagan Police OutPost
n,10222875919,25.168776,93.0165275,amenity,marketplace,Haflong Town Fish and Meat Market
n,10222876019,25.1714009,93.0158618,amenity,bank,Central Bank
n,10222915817,25.1778793,93.0178385,amenity,place_of_worship,Mulhoi Church
n,10222928318,25.1786584,93.0102426,amenity,place_of_worship,Herimdi Madaiko
n,10222928417,25.1714702,93.0091901,amenity,place_of_worship,Shibarai Madaiko
n,10223105917,25.1699922,93.0158083,amenity,bank,UBI
n,10223133317,25.171179,93.0154604,amenity,fast_food,Hotel 407
n,10223133417,25.1711355,93.0154624,shop,radiotechnics,Jyoti Electronics
n,10223169817,25.1726759,93.0150578,amenity,place_of_worship,Keshav Smarak Niwas
n,10223178317,25.1732892,93.0149587,amenity,bank,Bank of Baroda
n,10223184918,25.1709916,93.015629,shop,medical_supply,Prakash Medical Store
n,10223210217,25.1705348,93.0159663,amenity,marketplace,Tribal Market
n,10223212017,25.1695876,93.0153186,shop,medical_supply,Haflong Phramacy
n,10223308721,25.1624591,93.0181205,shop,caravan,Haflong Motors
n,10223309721,25.1603416,93.0147809,amenity,fast_food,Black Rabbit
n,10223310118,25.1615611,93.017376,shop,car,Haflong Car World
n,10223310518,25.1628635,93.0163575,amenity,place_of_worship,Hari Om Mandali Temple
n,10223322017,25.1605916,93.0134052,shop,outpost,Ecom Express
n,10223331817,25.1617522,93.0173263,shop,motorcycle,Bike Showroom
n,10223335617,25.1633824,93.017226,amenity,fast_food,The Deck Restaurant
n,10223345018,25.1644564,93.0125766,amenity,place_of_worship,RamKrishna Durga Mandir
n,10223370320,25.1849026,93.0151742,shop,car,JD Agency Dealership
n,10223370418,25.1656695,93.0185511,amenity,place_of_worship,Don Bosco Church
n,10223370518,25.1696321,93.0162964,shop,medical_supply,M.S Store
n,10223382517,25.1814758,93.0130833,shop,outpost,Ekart Logistic
n,10223382617,25.1825426,93.0135691,shop,outpost,Blue Dart
n,10223382619,25.1874664,93.0150631,amenity,school,Kendria Vidyalaya School
n,10223387619,25.1808582,93.0041019,amenity,place_of_worship,Tingao Khelum ki
n,10223405717,25.1903033,93.0073136,amenity,place_of_worship,Heraka Khelumki Lodi
n,10223405817,25.178828,93.0044599,shop,butcher,Fish and Meat Shop
n,10223405818,25.1792871,93.0042079,amenity,school,Bagetar LP School
n,10223411117,25.1796419,93.0044031,shop,medical_supply,Pharmacy
n,10223632617,25.1713983,93.001708,amenity,school,Fiangpui High School
n,10226865817,25.1304891,93.02229,amenity,place_of_worship,Jatinga Presbyterian Church
n,10226866017,25.1313667,93.0249685,amenity,place_of_worship,Jatinga Catholic Church
n,10226866317,25.1256811,93.0256122,amenity,fast_food,Jatinga Tourist Rest House
n,10231895524,26.3861147,93.9591679,railway,station,Jamuguri
n,10236190225,24.8040772,93.1076785,railway,station,Jirighat
n,10236190226,24.8512706,93.0548813,railway,halt,Kamranga
n,10236190227,24.8538743,92.8340336,railway,station,Moinarband
n,10242037443,26.7164373,89.8521822,amenity,place_of_worship,Chawal Chorten
n,10242055630,26.7161418,89.8532849,amenity,place_of_worship,Chemjong Chorten
n,10248403360,25.5981368,94.1247186,shop,hardware,
n,10248406276,25.6073216,94.1148476,shop,farm,Farmers Market Kigwema
n,10248413727,25.6559842,94.0991176,shop,outdoor,Multi Lines
n,10248416346,25.5981202,94.1246494,shop,stationery,
n,10248416549,25.6154825,94.1167616,amenity,restaurant,
n,10248420277,25.5981103,94.124661,shop,clothes,
n,10248450501,25.6716464,94.1070651,amenity,bank,The Nagaland State Cooperative Bank Ltd
n,10248458801,25.6715559,94.1071774,amenity,cafe,Opera Cafe
n,10248459009,25.6556899,94.0990558,amenity,hospital,Kohima Diagnostic Center
n,10250563770,26.1016904,91.5953552,shop,beauty,Edit unisex salon
n,10261965431,25.9100177,93.7295543,amenity,restaurant,Sharma restaurant
n,10271874730,27.7172317,91.8019072,amenity,place_of_worship,达仓贡 Taktsang Gompa
n,10279712733,27.5436324,95.6814867,shop,convenience,Saikia Store
n,10285498098,26.7114781,94.2333228,amenity,place_of_worship,
n,10285498103,26.7068906,94.2322965,amenity,place_of_worship,
n,10285596718,26.7109602,94.2326747,amenity,place_of_worship,
n,10285608830,26.7227514,94.2299744,amenity,fuel,
n,10285608845,26.7319159,94.2210406,amenity,hospital,Dr. J.K. Saikia Homeopathic Medical College & Hospital
n,10296081109,26.1297247,91.6193752,amenity,college,Assam Don Bosco University
n,10296405166,25.2987257,91.5827404,shop,clothes,
n,10296405167,25.2991201,91.5819982,shop,shoes,
n,10296405168,25.2996316,91.5818486,shop,stationery,
n,10296405169,25.2982303,91.5806625,shop,hardware,
n,10296405170,25.2982581,91.5806565,amenity,bank,Meghalaya Cooperative Apex Bank
n,10296466443,25.2990997,91.5815454,shop,chemist,
n,10296466444,25.2990716,91.5814763,shop,gift,Flo Ra Gift Shop
n,10296466449,25.2989551,91.581417,amenity,restaurant,Food Centre
n,10296471685,25.2982338,91.580858,shop,chemist,
n,10296471686,25.2983594,91.5808009,shop,chemist,J Mercy Pharmacy
n,10296471687,25.2970238,91.5798872,shop,chemist,
n,10296471688,25.2967626,91.5796892,shop,chemist,
n,10296471689,25.298724,91.5825937,amenity,restaurant,
n,10296471690,25.298747,91.582618,shop,chemist,
n,10296713249,25.2982156,91.5806358,shop,optician,
n,10300092456,25.2988136,91.5812264,amenity,clinic,Lyn's Homeopathic Clinic
n,10300092457,25.2988387,91.5812521,shop,electronics,T.S. Electricals
n,10300092458,25.2994926,91.5815102,shop,chemist,
n,10300092459,25.2991299,91.5820313,shop,chemist,
n,10300092460,25.2991278,91.5821356,shop,bakery,
n,10314146669,26.3996203,90.5458155,amenity,place_of_worship,Temple
n,10570232903,25.3908418,91.990579,shop,tea,General Store
n,10570239689,25.3523513,92.0551546,shop,tea,Tea Shop
n,10570246900,25.3527918,92.0549016,shop,tea,Small shop
n,10570248120,25.3003207,91.9500019,shop,yes,Grocery Store
n,10570248224,25.4140265,91.946781,shop,yes,Snacks Shop
n,10570248368,25.3589465,92.0851856,shop,tea,Biscuit Shop
n,10570248987,25.3890884,91.9718234,shop,yes,Small Shop
n,10570251659,25.4140035,91.9467434,amenity,restaurant,Small Eatery
n,10585957993,27.4868865,95.4283548,amenity,place_of_worship,Durga Dwarika Dham
n,10586164337,26.7627658,94.2246845,amenity,place_of_worship,Karni Mata Mandir
n,10586172819,26.0050904,93.7683565,amenity,place_of_worship,Durga Mandir
n,10586195862,26.0241204,93.7823974,amenity,place_of_worship,Bokajan Ram Thakur Mandir
n,10586210935,26.0114874,93.7653026,amenity,place_of_worship,Samaritan Baptist Church
n,10586211338,26.0184389,93.7921629,amenity,place_of_worship,Shri Shri Himaswari Durga Mandir
n,10586237416,24.8361663,93.9134354,amenity,place_of_worship,Lanthungching Baptist Church
n,10586326002,24.8240323,93.9436887,amenity,place_of_worship,Mbc Centre Church
n,10586349948,24.8189761,93.9277918,amenity,place_of_worship,Spirit Of Faith Church
n,10586404522,24.6910777,92.551434,amenity,place_of_worship,Presbyterian Church
n,10586407698,24.6862496,92.5649163,amenity,place_of_worship,Hailakandi Hindu Milan Mandir
n,10586440329,24.6934516,92.561444,amenity,place_of_worship,Kalimata Mondir
n,10586452338,24.4771729,92.7560838,amenity,place_of_worship,EFCI Church
n,10586457717,24.6859368,92.5751583,amenity,place_of_worship,Lakshmirbond Jamme Masjid
n,10586525323,24.5017759,92.7637793,amenity,place_of_worship,Vairengte Presbyterian Church
n,10586531430,24.495615,92.7607107,amenity,place_of_worship,Vairengte Chhimveng Presbyterian Church
n,10587129405,24.3841341,92.181694,amenity,place_of_worship,Buddha Mandir
n,10593369800,26.1568708,91.8499712,amenity,place_of_worship,Ganesh Mandir
n,10593416264,26.0945819,91.5480036,amenity,place_of_worship,Sri Sri Hari Temple
n,10593418564,26.1103264,91.6054781,amenity,place_of_worship,Koliya Krishna Mandir
n,10593449628,26.1089145,91.8100154,amenity,place_of_worship,Lakhi Mandir
n,10593449820,26.1486379,91.6722115,amenity,place_of_worship,Sundarbari Mosque
n,10593493619,26.1805984,91.7487574,amenity,place_of_worship,Paltan Masjid
n,10593556105,26.3368447,92.6868462,amenity,place_of_worship,Chakitup Kali Mandir
n,10601265431,25.595937,91.8807363,amenity,place_of_worship,Balang U Blei
n,10649783017,27.3550764,96.0135253,amenity,restaurant,Shangri-La
n,10649783020,27.3525546,96.0162519,shop,wine,
n,10649783021,27.3568461,96.0137863,amenity,place_of_worship,Krishna Temple
n,10656750238,24.8437786,92.8102483,amenity,place_of_worship,Shree Radha Krishna Temple
n,10678507642,25.6172585,94.1133162,amenity,restaurant,
n,10687764905,26.3354003,91.0084676,amenity,school,"Kendriya Vidyalaya, Barpeta"
n,10687968205,26.3273588,91.0016693,amenity,college,"Madhab Choudhury College, Barpeta"
n,10687977905,26.3304208,91.006361,amenity,bank,"State Bank of India, Bazar Branch, Barpeta"
n,10687977906,26.3262766,91.0169887,amenity,school,"St. Paul's English Medium School, Barpeta"
n,10697365682,25.5591086,91.9031841,amenity,police,Central Reserve Police Force B/67
n,10697365684,25.5578994,91.9031976,amenity,school,S. Ferrando Memorial School
n,10720872706,26.411955,91.9566809,amenity,restaurant,NH 52 Dhaba
n,10729486056,25.5939574,91.8829258,amenity,place_of_worship,St. Dominic Savio Church
n,10729730937,25.5155614,90.2162754,amenity,bus_station,Bus stand at Hawakhana
n,10729730939,25.5126819,90.216855,shop,mall,Tura Super Market
n,10729730944,25.5197081,90.2189239,amenity,bus_station,Bus stand at Chandmari
n,10729730946,25.5079247,90.2153556,amenity,bus_station,Bus stand at Dobasipara
n,10737181272,25.9216197,90.0063451,public_transport,station,Phulbari/Salmara Dry Season Ferry Ghat (March 2023)
n,10737181273,25.8909424,90.0166775,public_transport,station,
n,10743479435,27.4728264,91.6593191,amenity,hospital,Melongkhar BHU II
n,10767558720,25.9695052,93.4465527,amenity,restaurant,Anjali Fast Food
n,10780212842,27.27324,92.428465,amenity,place_of_worship,Stupa
n,10784969484,27.364447,92.2390525,amenity,place_of_worship,Kalachakra Gompa
n,10802173893,26.5698502,91.9703394,amenity,school,Lokapriya Bordoloi Public School
n,10807361351,24.2219719,92.9532294,amenity,police,Sakawrdai Police  Station
n,10807411702,24.1929086,92.5388363,amenity,police,Bairabi Police Station
n,10807414430,24.1753261,92.944674,amenity,police,New Vervek Police Out Post
n,10807417226,24.2339647,92.6749651,amenity,police,Kolasib Police Station
n,10807425688,24.3349237,92.7168013,amenity,police,Bilkhawthlir Police Outpost
n,10807442736,24.1417277,92.3384619,amenity,police,Zawlnuam Police Out post
n,10807450362,24.4917701,92.75921,amenity,police,Vairengte Police Station
n,10807455195,24.4128141,92.7972247,amenity,police,Saiphai Police Station
n,10807458265,24.2349439,92.2985903,amenity,police,Kanhmun Police Station
n,10809895635,26.2504998,94.0447787,amenity,place_of_worship,Nissi Church
n,10809898200,26.2483767,94.0434906,amenity,college,Simanta High School
n,10809942500,26.2484686,94.0420614,amenity,marketplace,Ratanpur Weekly Market
n,10810154009,26.2673375,94.0318619,amenity,place_of_worship,Bathou Temple
n,10810204479,26.2481255,94.0433847,amenity,college,Simanta ME School
n,10810224456,26.2636009,94.0404199,amenity,college,Narayanpur LP School
n,10810253125,26.2480385,94.0447784,amenity,college,Ratanpur LP School
n,10824034339,26.3227932,94.089834,amenity,police,Merapani Police Station
n,10827116805,24.1818539,92.5368687,amenity,place_of_worship,
n,10827203100,24.1864202,92.535469,amenity,place_of_worship,UPC Bairabi North Biak In
n,10864657861,26.1443293,91.7417302,amenity,fast_food,KFC
n,10864657862,26.1442118,91.7417925,amenity,restaurant,Pizza Hut
n,10864657863,26.144505,91.7415536,shop,beauty,Zest & Zeal
n,10880116406,25.5667004,91.8956542,amenity,place_of_worship,St Edmunds Chapel
n,10880116431,25.567009,91.8909334,amenity,place_of_worship,Shrine of Jesus christ
n,10893514968,25.5773146,91.905004,shop,general,Mintu Stores
n,10893565360,25.5799885,91.8978083,shop,supermarket,Vishal Mega Mart
n,10893565361,25.5788662,91.8957944,shop,alcohol,Balahun Wine Store
n,10895796565,25.5781678,91.884041,amenity,place_of_worship,Bharat Sevashram Sangha
n,10895822427,25.5725495,91.8973371,shop,bakery,Little Chef Bakery
n,10895824018,25.5658351,91.8979096,shop,clothes,Pantaloons
n,10895824519,25.5711799,91.8720444,amenity,hospital,Military Hospital
n,10895824591,25.5726554,91.8973288,shop,butcher,Meat Treat
n,10911452260,26.2864268,95.1241014,amenity,place_of_worship,Dan Baptist Church
n,10911452261,26.279509,95.1240721,amenity,clinic,Sub Centre ITC Dan
n,10939285223,26.0822841,91.6098149,amenity,restaurant,Soukaa Dhaba
n,10941948021,27.4268924,92.318663,amenity,place_of_worship,Rungja Phudung Monastery
n,10947365833,26.7590113,94.2033198,shop,chemist,Minakshi Drugs & Surgicals
n,10947365834,26.7588761,94.2089182,amenity,police,SP Office
n,10947374189,26.8317498,94.1951547,shop,fishing,Bor Asom Fisheries and Farm
n,10947374192,26.8627113,94.2360238,amenity,restaurant,Tsangpo River Cruise and Restaurant
n,10947433056,26.1006518,94.5043155,amenity,school,Litsami Village local grounds
n,10947433057,24.7952366,93.9298095,amenity,fuel,Indian Oil
n,10947499225,24.8049259,93.9348265,amenity,bank,United Bank of India
n,10947499226,24.8051207,93.9347406,amenity,bank,HDFC Bank
n,10967689166,27.101798,93.6294852,amenity,fast_food,KFC
n,10973570935,25.8615877,93.7678171,shop,mall,Providence Abode
n,11027586905,25.2126409,93.0279797,shop,grocery,Mabao Zeme Shop
n,11027590805,25.2174274,93.0229187,amenity,place_of_worship,Sontila Shiv Mandir
n,11027590905,25.2154663,93.0175847,amenity,marketplace,Sontila Market
n,11027613006,25.2009023,93.0226593,amenity,place_of_worship,Diyung Shiv Mandir
n,11027613505,25.2150877,93.0164726,amenity,police,5th Assam Police Battalion
n,11027613605,25.2170651,93.0209403,amenity,school,"Jawaharlal Nehru Kendra Vidyalaya, Sontila"
n,11032189482,26.4514842,92.0291326,amenity,fuel,
n,11032189484,26.4512331,92.0292256,amenity,hospital,
n,11032189485,26.4480516,92.0278655,shop,mall,Reliance Trends
n,11033658958,26.7368423,91.7952605,amenity,fuel,Bharat Petroleum
n,11041871506,25.5868548,91.9126578,amenity,fast_food,KFC
n,11062758506,25.2149627,93.0318815,amenity,place_of_worship,Mabao Heraka sub centre
n,11073061875,26.4807432,92.6672581,amenity,place_of_worship,
n,11116208172,26.2219284,92.5108972,amenity,school,"Pranjal Memorial Academy, Raha"
n,11116251088,26.2339864,92.527442,amenity,school,Raha Higher Secondary School
n,11116251795,26.2330757,92.5179234,amenity,bank,Punjab National Bank
n,11116259063,26.231404,92.5183457,amenity,bank,Bank of India
n,11116265571,26.2285921,92.5220318,amenity,school,Raha Girls' High School
n,11116276251,26.228882,92.5189639,amenity,bank,State Bank of India
n,11116277110,26.2292919,92.5207528,amenity,police,Raha Police Station
n,11116454206,26.2308036,92.5188148,amenity,school,Raha Adarsha Shishu Bikash Kendra
n,11116482815,26.2163584,92.5026611,amenity,college,"College of Fisheries, AAU, Raha"
n,11116482818,26.228539,92.5200132,amenity,school,Raha MV School
n,11116482819,26.2234864,92.509746,amenity,place_of_worship,Garhmari Shiva mandir
n,11117000683,26.0849015,90.7352262,amenity,place_of_worship,SSG Shiva Temple
n,11117046291,26.7463142,94.2486328,amenity,college,Jorhat Engineering College
n,11117057757,26.0880557,90.7344233,amenity,school,Sainik School Goalpara
n,11118806622,26.219194,92.5112443,amenity,college,Raha College
n,11119862728,24.9759606,93.9785762,amenity,place_of_worship,Kongba Maru
n,11122066668,26.2310759,92.5160085,amenity,fuel,Indian Oil Petrol Pump
n,11124700489,26.2457146,92.5153287,amenity,fuel,Bharat Petroleum
n,11124764716,26.2104887,92.4988625,amenity,fuel,Bharat Petroleum
n,11127349866,26.2329777,92.520881,amenity,school,Pandit Gopinath Bordoloi High School
n,11127357035,26.2218587,92.5198217,amenity,school,Garhmari LP School
n,11127357036,26.2306181,92.5221708,amenity,place_of_worship,Raha Mosque
n,11128996251,25.678041,94.1092986,amenity,cafe,Glutton
n,11128996252,25.6782755,94.1094354,amenity,cafe,Iko Cafe
n,11128996797,25.6738843,94.1087777,amenity,cafe,Aurora Cafe
n,11132387292,26.3430573,92.7761271,amenity,place_of_worship,Maha Mrityunjay Mandir (মহা-মৃত্যুঞ্জয় মন্দিৰ)
n,11162851113,26.1861435,92.4819908,amenity,school,Bamunijan Higher Secondary School
n,11162920615,26.1698187,92.5186923,amenity,place_of_worship,Maa Basundhari Thaan
n,11207889137,26.1197045,91.8222045,amenity,bus_station,Bike taxi stop - never recommend
n,11253135499,25.5735654,91.8832285,amenity,restaurant,Real China
n,11253147752,25.5763996,91.8824747,shop,clothes,Reliance trends
n,11253194648,25.5736341,91.8832214,amenity,restaurant,Bade Miya
n,11254791656,24.7896188,93.9414075,amenity,restaurant,KFC (Kentucky Fried Chicken)
n,11260929585,25.5760337,91.882337,shop,travel_agency,Baba Travel Agency
n,11262085537,27.0355319,92.6069094,shop,florist,Orchid Research Center
n,11262182037,27.0230125,92.6345685,amenity,place_of_worship,Donyi Polo Tempel
n,11263711037,27.0117163,92.6442973,amenity,cafe,Blue Ocean
n,11263711138,27.011728,92.644331,shop,bakery,Mom's Bakery
n,11266313021,27.0134834,92.6331515,amenity,place_of_worship,
n,11278617768,26.1121563,91.7459328,amenity,fuel,
n,11278660401,26.1127337,91.7990456,amenity,fuel,
n,11279255069,27.1921961,92.578574,amenity,place_of_worship,Dud-Dul Tharpa Ling
n,11279351369,27.1026505,92.5267288,amenity,cafe,Sun Rise
n,11279915541,26.1292163,91.8062336,amenity,restaurant,Restaurant1
n,11279954764,26.1293325,91.8026919,shop,clothes,Rita's
n,11279966235,26.1915278,91.7542825,amenity,restaurant,Changmai
n,11279969149,26.1881483,91.746826,amenity,restaurant,Niri's
n,11281306671,27.0144656,92.6377538,shop,wine,
n,11281434754,26.3902623,91.6406761,amenity,fuel,
n,11281434755,26.4396544,91.6065547,amenity,fuel,
n,11281478030,26.4880406,91.3702479,amenity,fuel,
n,11281483538,26.5224023,91.3357626,amenity,place_of_worship,
n,11281484395,26.5220375,91.3362018,amenity,school,St John's school
n,11281490823,26.4546178,91.4085688,amenity,fuel,
n,11281490986,26.4579424,91.460925,amenity,fuel,
n,11281494243,26.4282202,91.6290284,amenity,hospital,Swasti Hospital
n,11281495579,26.4074926,91.6332286,amenity,fuel,
n,11281504148,26.421647,91.6299793,amenity,fuel,
n,11281506991,26.418114,91.6307212,amenity,place_of_worship,
n,11282571153,27.0145337,92.6379592,shop,yes,
n,11282609369,27.0113302,92.6448554,shop,wine,
n,11282635820,27.0127012,92.6328288,shop,yes,
n,11283247369,27.0139157,92.6378244,shop,wine,Jebishow Wine Shop
n,11285204669,27.0125881,92.6333801,amenity,school,Deliphu Public English School
n,11285220069,27.0124761,92.6352561,amenity,place_of_worship,Bhalukpong Baptist Church
n,11285580670,26.9655868,93.5951258,amenity,fuel,HP
n,11285583169,26.9590547,93.5902534,amenity,police,Hollongi Police Checkpoint
n,11285725569,27.101316,93.6286586,amenity,restaurant,Pizza Hut
n,11285725669,27.1013743,93.6291679,amenity,restaurant,Chicago Pizza
n,11286040569,27.1004723,93.6228288,amenity,cafe,YUKI
n,11286043869,27.1012207,93.6218367,amenity,cafe,The Decembers
n,11286175363,26.6517885,90.9893965,amenity,school,Azad LP school
n,11286204400,26.6514834,90.9983997,amenity,restaurant,Abo restaurant
n,11286231181,27.010786,92.6461965,shop,wine,
n,11286231182,27.0109334,92.6463317,shop,wine,
n,11287578569,27.1012457,93.6218119,amenity,restaurant,Marsang
n,11287578669,27.101312,93.6216793,amenity,restaurant,Happy Hoolock’s
n,11288125127,26.6610926,91.0265736,amenity,restaurant,Himalayan restaurant
n,11288125369,26.6687598,91.1005504,amenity,school,Rupahi senior secondary school
n,11288239768,26.6339471,91.0578656,amenity,school,Santimandir High School
n,11288541969,27.1011864,93.6217399,amenity,restaurant,Marsang
n,11288542069,27.1013005,93.6215869,amenity,restaurant,Happy Hoolock’s
n,11289063917,26.2089989,91.6785286,amenity,school,Sandia international school
n,11289092580,26.3474087,91.6859766,amenity,fuel,
n,11289099072,26.4406198,91.5759267,amenity,fuel,
n,11289105709,26.4571725,91.4607436,amenity,fuel,
n,11289108310,26.4313597,91.6242177,amenity,fuel,
n,11289111369,26.3456381,91.6952639,amenity,fuel,
n,11292674717,27.0997726,93.6259571,shop,yes,
n,11292674718,27.0996843,93.6256334,shop,wine,
n,11292674719,27.0996904,93.6269761,shop,wine,
n,11292674720,27.0996824,93.6248898,amenity,bank,State Bank of India
n,11292722079,27.1085809,93.6563213,amenity,restaurant,The Teico
n,11296654570,27.0130651,92.6325334,shop,convenience,
n,11301628969,25.6886738,94.0984771,shop,clothes,Nagaland Handloom shop
n,11302142469,25.7275171,94.0975593,amenity,cafe,Kitsa Cafe
n,11302549869,25.7253765,94.0952978,amenity,restaurant,Canteen
n,11307447969,25.6895936,94.1087165,amenity,restaurant,Deccani
n,11314008969,25.6936628,94.1035632,amenity,restaurant,The Chimney Hut
n,11314010469,25.6929306,94.1033214,shop,car,Vuto Hyundai
n,11314074395,25.6949123,94.1037912,amenity,fuel,
n,11323131069,25.6292059,93.9757806,amenity,fuel,
n,11323131271,25.6381979,94.0136836,amenity,school,Government High School
n,11328021543,26.1879282,91.747317,shop,ticket,
n,11350402120,25.5640075,91.8608651,amenity,place_of_worship,Mahadev Khola Dham
n,11350415989,25.5699917,91.8714246,amenity,place_of_worship,Rilbong Puja Mandap
n,11350425371,25.7227847,92.037062,amenity,place_of_worship,"Mawtneng, Presbyterian Chruch"
n,11350433814,25.5447582,91.8380087,amenity,cafe,ML 05 Cafe
n,11350439070,25.2069614,91.7221499,amenity,place_of_worship,MAWTHANG PRESBYTERIAN CHURCH
n,11350439071,25.2066519,91.7232254,amenity,place_of_worship,CATHOLIC CHURCH
n,11350439278,25.5646689,91.8710803,amenity,place_of_worship,Satsang Vihar
n,11350452973,25.5637998,91.8698168,amenity,place_of_worship,Garo Baptist Church
n,11350478725,25.5661972,91.8550411,amenity,cafe,Sunset Cafe
n,11350561712,26.6510077,92.8030198,amenity,place_of_worship,"Bishnu Mandir Naamghar, Gotlong"
n,11350561713,26.6512538,92.8047295,amenity,school,Gotlong LP School
n,11350561739,26.6513766,92.8004624,shop,dairy,"Dairy Development TMSS, Gotlong"
n,11350592124,25.5157538,90.2198263,amenity,bank,ATM
n,11350592316,25.5120281,90.1968126,amenity,place_of_worship,Goanang Baptist hurch
n,11350592364,25.5201724,90.1827485,shop,supermarket,District Transport Office
n,11350592399,25.5201843,90.1775038,shop,supermarket,Doordarshan Kendra
n,11350592412,25.5265715,90.1606682,amenity,university,ICFAI University
n,11350592431,25.5158621,90.2162668,amenity,fuel,Shell
n,11351136749,26.3252445,94.5264553,amenity,place_of_worship,Mokokchung Compound Church
n,11351136765,26.326575,94.5230084,amenity,bus_station,"Mopungchucket, Impur station"
n,11351332638,26.7565351,94.2104254,shop,yes,Gungun Store
n,11351332639,26.7576673,94.2105134,amenity,college,RadhaKrishna Junior College
n,11351332649,26.7581396,94.2038935,shop,bakery,Monisha Baery
n,11351332650,26.757762,94.2030397,amenity,restaurant,Nova AKhol
n,11351332651,26.7538629,94.2029298,amenity,hospital,ONGC Medical Section Jorhat
n,11351332652,26.7524506,94.2056047,amenity,clinic,Magnum
n,11351332653,26.751906,94.2039623,amenity,clinic,Magnum Diagonistic Center
n,11351463451,25.6939808,94.0349402,amenity,school,Government Primary School
n,11351475043,25.6937596,94.0335425,amenity,place_of_worship,Sechuma Baptist Church
n,11351482177,25.6952333,94.0333311,amenity,place_of_worship,Baptist Revival Church
n,11351482178,25.6933103,94.031885,amenity,place_of_worship,Christian Revival Church
n,11351580785,25.679615,94.2700887,amenity,place_of_worship,Chesezu Baptist Church
n,11351650580,26.3569224,92.6858689,amenity,college,NOWGONG GIRLS' COLLEGE
n,11351966542,25.6798315,94.2687132,amenity,place_of_worship,CRC Chesezu Nawe
n,11351973941,25.6808002,94.2738242,amenity,place_of_worship,The Pentecostal Mission
n,11351974370,25.194744,91.7887665,amenity,place_of_worship,NONGJRI FELLOWSHIP CHURCH
n,11351988940,25.717064,94.039618,amenity,place_of_worship,Nepali Baptist Church
n,11352018404,25.6825196,94.2767894,amenity,place_of_worship,CRC Chesezu Nasa
n,11352034181,25.6757421,94.2676442,amenity,place_of_worship,A.G Church
n,11353484640,25.5130968,90.1906514,shop,supermarket,Nazing Bazar
n,11353484688,25.5131848,90.191087,amenity,marketplace,
n,11353484723,25.5150062,90.1861145,amenity,fuel,Didagre service station
n,11353484750,25.5172731,90.1879997,amenity,place_of_worship,Nikwatgre Baptist Church
n,11353484753,25.5159081,90.1842315,shop,yes,frank Yamaha Tura
n,11353484755,25.5156079,90.1858984,amenity,hospital,"District PHE Lab, Tura"
n,11355834901,26.7241444,93.1485997,amenity,place_of_worship,namghor
n,11355834904,26.7218636,93.1474258,shop,supermarket,common market
n,11356011334,27.1046735,95.1606401,amenity,marketplace,Spk Daily Market
n,11356011347,27.1043589,95.1602,amenity,place_of_worship,Durga Temple
n,11356011356,27.1039882,95.1598558,amenity,marketplace,Phukan market
n,11356011375,27.1030104,95.1601831,shop,hairdresser,
n,11356011381,27.1020501,95.1613846,amenity,school,SPK .HS .SCHOOL
n,11356011415,27.1003216,95.1640249,amenity,college,Sapekhati College
n,11356011421,27.1045696,95.1655614,amenity,school,S.S.B.N.School
n,11356011422,27.1050963,95.1648592,amenity,school,S.S..N School
n,11356011423,27.1043654,95.1650178,amenity,school,Brookfield English school
n,11356011424,27.1039151,95.1650242,amenity,school,Girls H.S School
n,11356011425,27.0997556,95.160483,amenity,police,SPK.PS
n,11356011441,27.1095808,95.1602927,amenity,school,Anjelika Academy School
n,11356011442,27.1053373,95.1594227,amenity,college,A
n,11356011443,27.0828934,95.1761849,amenity,school,"Radhakrishnan Academy,School"
n,11356011444,27.0825251,95.1765285,amenity,school,"782 No,Lkhimipam L.P School"
n,11356011446,27.0789353,95.1710645,amenity,fuel,
n,11356011447,27.0830755,95.1789059,amenity,school,Sapekhati Jatiyabidyaloi
n,11356011448,27.083693,95.1815256,amenity,fuel,
n,11356104507,25.1921665,91.7896701,amenity,place_of_worship,NONGJRI CATHOLIC CHURCH
n,11356104508,25.1930888,91.7898121,amenity,place_of_worship,NONGJRI PRESBYTERIAN CHURCH
n,11356104509,25.1924633,91.7889031,amenity,place_of_worship,"CHURCH OF GOD, NONGJRI"
n,11356104510,25.1922327,91.7892089,amenity,place_of_worship,"CHURCH OF GOD ECCLESIA, NONGJRI"
n,11356560157,26.6854401,94.3976522,amenity,marketplace,BAMBOO ENTERPRISE
n,11356585740,26.3294129,94.530394,amenity,school,Government School
n,11356598209,26.4151991,94.5368802,amenity,school,Government High School
n,11356598215,26.4420383,94.5371978,amenity,place_of_worship,Longpa Baptist Church
n,11356598216,26.4418838,94.5385042,amenity,place_of_worship,Khanimu Baptist Church
n,11356598225,26.447004,94.5449319,amenity,place_of_worship,Compound Baptist Church
n,11356598236,26.4534005,94.550443,amenity,school,Longjang Government High School
n,11356598237,26.4558055,94.5510539,amenity,school,Imrongriju Government Primary School
n,11356598238,26.4563125,94.5510575,amenity,school,Baptist Mission School
n,11356598239,26.4555109,94.5520485,amenity,hospital,Pharmacy
n,11356598240,26.4544737,94.550657,amenity,bus_station,NST counter
n,11356598251,26.4816665,94.557122,amenity,place_of_worship,Khanimu Baptist Church
n,11356598272,26.4298191,94.6215381,amenity,place_of_worship,Mongsenyimti Baptist Church
n,11356598273,26.4186779,94.6143712,amenity,school,Mongsenyimti Government High School
n,11356598277,26.491486,94.8047989,amenity,hospital,Pharmacy
n,11356598278,26.4933162,94.8039452,shop,bakery,Popular Store
n,11356610314,26.6781825,94.3865533,amenity,school,NAVAJYOTI HIGH SCHOOL
n,11356610325,26.6886764,94.4005825,shop,hardware,SK HARDWARE
n,11356610326,26.6883518,94.4004337,shop,greengrocer,DEY FRUIT SHOP
n,11356610327,26.688199,94.4007713,shop,yes,SAMIM XEROX&COSMETICS
n,11356610328,26.6890111,94.4007327,shop,tea,SAHOR ADDA
n,11356610329,26.6902232,94.4002911,amenity,place_of_worship,SHIVA MANDIR
n,11356610330,26.6899351,94.4002195,amenity,fast_food,SANJU FAST FOOD
n,11356610331,26.6892642,94.4002351,shop,yes,KRB FANCY STORE
n,11356610332,26.6889476,94.4007462,shop,yes,MIRZA STORE
n,11356647168,26.6375352,92.7977338,amenity,college,Darrang College
n,11356647169,26.6363786,92.797581,amenity,college,Darrang College Auditorium Hall
n,11356647182,26.6367832,92.7969568,amenity,college,Darrang College Play Ground
n,11356647250,26.652349,92.8019616,shop,photo,Pixel Decoded
n,11356647322,26.6535747,92.8036688,amenity,place_of_worship,Kali Mandir
n,11356647323,26.6528308,92.8045013,shop,garden_centre,Nameri Nursery
n,11356647326,26.6567524,92.8112815,amenity,place_of_worship,Gandhi Nagar Durga Mandir
n,11356647329,26.6402514,92.8124742,amenity,place_of_worship,Gotlong Eidgah Moidan
n,11356647331,26.6536617,92.8067511,shop,tiles,"City Centre, Tiles and Sanitary Showroom"
n,11356647332,26.6524156,92.7996461,shop,health_food,Solvex
n,11356647333,26.6531802,92.7989736,amenity,marketplace,Paruwa Daily Bazar
n,11356647335,26.6530767,92.7958503,amenity,bank,"Assam Gramin Vikas Bank, Parwa Charali Branch"
n,11356647336,26.6530767,92.7949163,amenity,restaurant,Spring Valley
n,11356647337,26.6530733,92.7952152,amenity,fuel,Lahkar Petrol Pump
n,11356647338,26.6529164,92.7943335,amenity,fuel,Mayur Corporation Petrol Pump
n,11356661693,24.5972505,93.7731694,amenity,place_of_worship,nachou maning leikai mandop
n,11356661696,24.5971516,93.7729634,shop,supermarket,nachou bazar shed
n,11356661730,24.5978128,93.7754257,amenity,place_of_worship,"Ibudhou Sorarel Laibung, Nachou"
n,11356661928,24.5958488,93.7739593,amenity,place_of_worship,nachou mayai leikai mandop
n,11356661929,24.5964636,93.7756886,amenity,place_of_worship,
n,11356661932,24.5989718,93.7653635,amenity,restaurant,Mandyroj Restaurant
n,11356662420,24.5951233,93.7751094,amenity,place_of_worship,nachou mamang leikai laibung
n,11356662423,24.6128202,93.7617957,amenity,fuel,M/S Bitej Gasoline Centre
n,11357040543,26.6753699,92.6842461,amenity,place_of_worship,Juria Nmghar
n,11357040544,26.6755137,92.685113,amenity,place_of_worship,Madhya Nmghar
n,11357212663,26.2034446,93.1258316,amenity,university,Langhin Pamgaom H.S school
n,11357212664,26.2031336,93.1271112,amenity,university,Laghin college
n,11357212720,26.2050658,93.1249238,amenity,place_of_worship,Satsang vihar
n,11357212739,26.2041228,93.1286353,amenity,marketplace,daily market
n,11357212740,26.2031618,93.1286697,amenity,marketplace,daily market
n,11357212761,26.2010946,93.1316484,amenity,college,Girls high school
n,11357212762,26.2023172,93.1317337,amenity,restaurant,
n,11357212763,26.2024115,93.1290229,amenity,restaurant,Nagina hotel
n,11357212764,26.2047228,93.1306111,shop,yes,
n,11357212765,26.2028438,93.1287408,amenity,clinic,
n,11357212767,26.2035559,93.1287391,amenity,restaurant,
n,11357212774,26.2049754,93.1314995,amenity,school,L.B.E.H.S
n,11357212775,26.2027109,93.1342939,amenity,school,M.E.E.H.S
n,11357212776,26.2042435,93.1298298,amenity,fast_food,
n,11357212777,26.2041475,93.1298365,amenity,fast_food,
n,11357212778,26.2040455,93.1298365,shop,butcher,
n,11357212779,26.2038566,93.1299158,shop,greengrocer,
n,11357212780,26.2059576,93.129655,shop,wine,
n,11357212781,26.2049234,93.1287511,shop,wine,
n,11357212787,26.2015112,93.1352269,amenity,place_of_worship,kali mandir
n,11357212788,26.2015666,93.1341127,amenity,hospital,
n,11357212790,26.2047291,93.1287326,amenity,bank,A.G.V.B
n,11357212793,26.2095432,93.1283055,amenity,place_of_worship,Bathou mandir
n,11357461250,26.1086495,93.0320005,amenity,place_of_worship,howraghat musjid
n,11357461273,26.1040401,93.0259084,amenity,hospital,water supply office
n,11357461274,26.1056779,93.0282789,amenity,hospital,Arogyao clinic
n,11357461275,26.1060055,93.0289923,amenity,hospital,Chowdhury Pharmacy
n,11357559357,26.1390517,91.7982042,amenity,restaurant,NOVOTEL HOTEL
n,11357559358,26.1389134,91.7973303,amenity,school,ANAND ACADEMY
n,11357559368,26.1324104,91.7965289,amenity,place_of_worship,NAMGHAR
n,11357565020,26.9233382,94.519214,shop,wine,
n,11357588407,26.8555297,94.4944172,amenity,fuel,Indian Oil Petrol Pump
n,11357588414,26.8543244,94.4927876,amenity,restaurant,Nilakantha Dhaba
n,11357588429,26.8677552,94.5040959,amenity,place_of_worship,Jamuguri Jagya Mandir
n,11357588446,26.8488506,94.4938223,amenity,restaurant,Trinayan Dhaba
n,11357588456,26.8430254,94.484699,amenity,fuel,Bharat Petroleum
n,11357588465,26.8088,94.5235905,amenity,restaurant,Hotel BOB
n,11357588466,26.8090845,94.5231699,amenity,fuel,HP
n,11357589869,26.1383626,91.7922647,amenity,college,DISPUR LAW COLLEGE
n,11357589893,26.1365662,91.7954394,amenity,school,"HOLY HOME SECONDARY SCHOOL,"
n,11357589894,26.1412991,91.7972494,amenity,school,DISPUR GOVT. HIGHER SECONDARY SCHOOL
n,11357589910,26.1325804,91.8071481,shop,supermarket,Nayantara Supermarket1
n,11357589917,26.1363121,91.7973084,amenity,place_of_worship,GANESH MANDIR
n,11357589918,26.1391746,91.7980165,amenity,place_of_worship,SLUICE GATE KALI MANDIR
n,11357589919,26.1385851,91.7980981,shop,supermarket,BAKER'S MART
n,11357592207,25.2835283,92.1069588,amenity,place_of_worship,Presbyterian Church
n,11357592237,25.2858685,92.1058875,amenity,restaurant,Kibo
n,11357592238,25.2846706,92.1057601,amenity,restaurant,Ahnam Chinese Restaurant
n,11357592239,25.2855342,92.1049508,amenity,restaurant,Eunheilo Restaurant
n,11357592240,25.2859223,92.1043346,amenity,place_of_worship,Balang U Blei(M&A)
n,11357592241,25.2850545,92.1040992,amenity,restaurant,Dhaba
n,11357592242,25.2851527,92.1042148,amenity,bank,Rural Bank
n,11357592243,25.2850823,92.1042549,amenity,bank,Apex Bank
n,11357592244,25.2845302,92.1056552,amenity,restaurant,Food Planet
n,11357592322,25.2849089,92.1064094,amenity,bank,State Bank of India
n,11357595548,26.1224521,91.7984515,shop,motorcycle,Divine Honda
n,11357595551,26.1232135,91.7991681,amenity,restaurant,Souka
n,11357598691,26.8122906,94.5208764,amenity,police,Amguri Police Station
n,11357607092,26.072863,91.6068829,shop,computer,
n,11357607151,26.1005566,91.5985898,shop,yes,NIKKI SWEETS
n,11357607167,26.0989199,91.6052223,amenity,restaurant,HYDERABAD KITCHENS
n,11357607168,26.1003934,91.6117957,amenity,restaurant,AHAR RESTAURANT
n,11357607169,26.1000227,91.611842,amenity,restaurant,SIGNATURE SUPERMARKET
n,11357607177,26.1010681,91.5985691,amenity,bank,State Bank of India
n,11357607187,26.100955,91.5977474,shop,supermarket,
n,11357607188,26.1016438,91.5960988,amenity,fast_food,KFC
n,11357618023,26.1171292,91.7978828,amenity,place_of_worship,Temple
n,11357618025,26.1171034,91.7977441,shop,supermarket,Grocery store
n,11357618026,26.118529,91.7982095,shop,supermarket,Grocery store
n,11357618033,26.1215884,91.7989337,shop,florist,
n,11357618034,26.1161709,91.7972171,amenity,bank,State Bank of India
n,11357618036,26.1126719,91.7981678,amenity,bank,ICICI Bank
n,11357618037,26.1158034,91.7983504,amenity,bank,Union Bank of India
n,11357618043,26.1165465,91.7977525,amenity,fuel,
n,11357618044,26.1206886,91.7981044,amenity,fuel,
n,11357634766,26.1507486,91.6720244,amenity,place_of_worship,SHIV MANDIR
n,11357634767,26.1505366,91.6720379,amenity,place_of_worship,DURGA MANDIR
n,11357634768,26.1499972,91.6714111,amenity,restaurant,KALPANA FAMILY RESTAURANT
n,11357638169,26.1499907,91.6739364,amenity,place_of_worship,SUNDARBORI NAMGHAR
n,11357638173,26.1501532,91.6715862,amenity,school,SUNDARBARI MADHYA/UCCHA ENGLISH SCHOOL
n,11357638174,26.1500617,91.6719345,amenity,school,SUNDARBARI PRATHAMIK VIDYALAY
n,11357638181,26.1496696,91.6701531,shop,department_store,MOROM A DEPARTMENTAL STORE
n,11357638182,26.1496769,91.6701661,amenity,restaurant,THE URAKI KITCHEN
n,11357638183,26.1498707,91.6695036,amenity,restaurant,CLAY OVEN
n,11357638184,26.1485303,91.668357,amenity,college,AYURVEDIC COLLEGE FIELD
n,11357638185,26.1452448,91.6653225,amenity,place_of_worship,NIZARAPUR NAM GHAR
n,11357638186,26.1495326,91.6707303,amenity,school,LITTLE HEART SCHOOL(ENGLISH)
n,11357638187,26.1498442,91.670981,amenity,cafe,BURGS & FRIES
n,11357638189,26.1495099,91.6700283,shop,yes,BISHAL PRINTERS
n,11357638190,26.1496061,91.6699149,shop,beauty,VENUS LADIES BEAUTY PARLOUR
n,11357650986,25.5214667,90.2156436,amenity,place_of_worship,Sacred Heart church
n,11357651003,25.5180341,90.2197545,amenity,place_of_worship,Tura Baptish Church
n,11357651006,25.5149555,90.215179,amenity,restaurant,Food Park Restaurent
n,11357651007,25.5142686,90.2130565,amenity,fast_food,Darjeeling Vibes
n,11357651009,25.5144709,90.2124741,amenity,restaurant,Biryani and Rolls
n,11357651010,25.5150175,90.2038069,amenity,hospital,Tura Civil Hospital
n,11357651011,25.5126335,90.1977387,amenity,place_of_worship,Goanang Church
n,11357651022,25.5261605,90.216425,amenity,place_of_worship,WADANANG CHURCH
n,11357651024,25.5257476,90.2262506,amenity,place_of_worship,FATHER COMPOUND
n,11357651027,25.5284699,90.2263591,amenity,place_of_worship,CHITOKTAK BAPTISH CHURCH
n,11357651031,25.5326824,90.222618,amenity,place_of_worship,CHERANGRE CHURCH
n,11357651032,25.5265398,90.2276768,amenity,place_of_worship,UCA CHURCH
n,11357651040,25.5155732,90.2207123,shop,supermarket,URBAN HUB
n,11357651042,25.5170522,90.2211361,shop,supermarket,SANGMA COMPLEX
n,11357651046,25.5121056,90.2172932,shop,supermarket,COUNCIL BUILDING
n,11358393181,26.6894453,94.4019805,shop,yes,CETIA COMPLEX
n,11358393182,26.6896148,94.4021135,shop,yes,ARMAN STORE
n,11358393183,26.6892834,94.4019012,shop,yes,ROSTOM HARWARE
n,11358393184,26.6891367,94.4016775,shop,yes,GRAPHICS HUB
n,11358393185,26.6881602,94.4009952,amenity,restaurant,BORGOS RESTAURANT
n,11358393186,26.6881197,94.4010263,amenity,restaurant,SMOKED HOUSE CAFE
n,11358393187,26.6882607,94.4009438,amenity,restaurant,BORAH FAST FOOD
n,11358393189,26.6870565,94.4011306,shop,jewelry,SANDHYA JEWELLARY
n,11358393190,26.6922953,94.4078688,amenity,restaurant,NAWAZ HOTEL
n,11358393192,26.6923624,94.4087764,shop,yes,ZF POINT
n,11358393209,26.6930455,94.4101138,shop,motorcycle,YAMAHA DEALERSHIP
n,11358393210,26.6931716,94.4109936,shop,yes,ROYAL GROGERY
n,11358393211,26.6936623,94.4115684,amenity,place_of_worship,DEBERAPARA MASJID
n,11358393238,26.6940069,94.4129748,shop,yes,B BORAH STORE
n,11358406929,26.6989634,94.4289536,shop,yes,GOGOI STORE
n,11358407027,26.7011247,94.4367143,amenity,school,MODHYA NAKACHARI HIGH SCHOOL
n,11358407028,26.7005482,94.4372189,shop,yes,LATUMONI DUKAN
n,11358407029,26.7003187,94.43704,shop,yes,BORUAH STORE
n,11358407030,26.7007704,94.4365764,amenity,university,GOHAIBARI B(Awc)
n,11358407031,26.7006425,94.4391733,shop,yes,BOKUL WELDING SHOP
n,11358407032,26.7018695,94.440313,shop,yes,HAZARIKA STORE
n,11358407033,26.7026046,94.4409668,shop,yes,BABLI STORE
n,11358407201,26.6925441,94.4055494,amenity,university,NAKACHARI JATIYA VIDWALAYA
n,11358407206,26.6899692,94.4040115,amenity,university,DESSOI VALLEY ACADMY
n,11358407207,26.690403,94.4043985,shop,convenience,ASHISH GROCERY SHOP
n,11359888678,25.2864079,92.1058992,shop,furniture,
n,11359888679,25.2868377,92.1060761,shop,wholesale,
n,11359888680,25.2859818,92.1059702,shop,beauty,Iahjiang Makeup & Hair Saloon
n,11359888681,25.2863893,92.1061865,shop,beauty,Beauty parlour
n,11359888682,25.2859576,92.1060059,shop,tailor,
n,11359888683,25.2857384,92.1054207,shop,hairdresser,Bikask men's Saloon
n,11359888738,25.285214,92.104937,shop,general,
n,11359888777,25.2857156,92.1034953,amenity,restaurant,
n,11359888779,25.2871669,92.1075747,amenity,fast_food,Zest Fast Food
n,11359888780,25.2867007,92.1063299,shop,car_repair,
n,11368386087,26.1059221,93.0298574,amenity,hospital,Ruksana Medical
n,11369365269,24.1917925,91.829367,shop,grocery,বিশ্বাস মিষ্টান্ন ভান্ডার
n,11377345970,26.1361316,91.8040489,amenity,place_of_worship,Laymen's Evangelical Fellewship Guwahati
n,11378891069,26.1383001,91.799712,amenity,bus_station,Down Town
n,11383078880,26.1713775,91.6791148,public_transport,station,"Pandu Terminal, NW - 2"
n,11393290969,26.1702036,91.763125,amenity,fuel,Bora Service Station
n,11393514569,26.1467609,91.7887959,amenity,fuel,Indian Oil Petrol Pump
n,11395558769,26.1671133,91.7665886,amenity,bank,ICICI (City Business Centre)
n,11428951288,26.1703786,91.7631349,shop,car,Hrishaan Suzuki
n,11428951290,26.1701339,91.7626309,amenity,restaurant,Khorikaa
n,11475714402,26.1892368,91.6940326,amenity,restaurant,
n,11475714404,26.1893427,91.694894,amenity,restaurant,Tapri
n,11507984405,26.3973738,90.2666318,amenity,school,Sister Margaret Nobel School
n,11508012552,26.3946405,90.2740434,amenity,school,Swrang High School
n,11508090737,26.4043183,90.2759788,amenity,college,Kokrajhar Government College
n,11508090748,26.40236,90.2759256,amenity,place_of_worship,Brahma Mandir
n,11508770835,26.4011376,90.2678723,amenity,school,Higher Secondary School
n,11510866643,26.8102598,94.5227123,shop,supermarket,Kailash Bhandar
n,11521765174,27.1451074,93.7637289,amenity,restaurant,
n,11521765175,27.1458892,93.7645947,shop,copyshop,Student Centre
n,11526669769,24.8066509,93.9324152,amenity,bus_station,Jeeps to Nungba
n,11533381701,25.6160558,94.327905,amenity,school,"Government High School, Porba"
n,11533381702,25.6165952,94.332336,amenity,clinic,"Primary Health Center, Porba"
n,11542181369,24.3736679,92.1685242,amenity,bus_station,
n,11549101769,25.1660552,92.4461421,shop,ticket,Chympe falls. 50 Rs.
n,11560194769,26.1590114,91.7818318,shop,supermarket,Quick Shoppe supermarket
n,11577200069,25.6949558,94.1232645,amenity,hospital,Nagaland Institute of Medical Sciences and  Research (NIMSR)
n,11579823069,25.6756185,94.1084443,amenity,bank,Indian Bank
n,11581286394,25.7234257,94.1049628,amenity,place_of_worship,Assembly Staff Fellowship Hall
n,11607691895,26.3804788,90.0838156,amenity,fuel,Indian Oil Petrol Pump
n,11637338969,25.5680759,91.8817937,amenity,bus_station,Guwahati sumo & shared taxi
n,11645442169,25.5917237,91.9377846,amenity,cafe,Zafferano restro lounge
n,11645986326,27.4816574,91.6898621,amenity,place_of_worship,Chhorten
n,11687780154,26.1651971,91.7795015,amenity,hospital,Wipro GE Healthcare Private Ltd.
n,11687789472,26.1670278,91.7792119,amenity,restaurant,Kori's
n,11687796553,26.1664146,91.7794097,amenity,restaurant,D Little Kitchen
n,11687796555,26.166346,91.7793868,shop,hairdresser,Raju Reyaz Hair Clinic
n,11687800719,26.1682155,91.7777911,shop,photo,Black  and Grey Professional Studio
n,11687800720,26.1685512,91.7777947,shop,bakery,Bakery and Confectionary
n,11687800722,26.1675825,91.7780539,shop,hairdresser,Sanjeev Saloon
n,11687800723,26.167371,91.7782684,amenity,restaurant,Kitchen 4 Seasons
n,11687801536,26.1652848,91.7794293,amenity,restaurant,Skyscape Guwahati
n,11687801588,26.1669633,91.7792576,shop,hairdresser,Sudarshana Ladies
n,11687806806,26.1671545,91.7791771,shop,hairdresser,Divine
n,11687807730,26.1657724,91.7796245,amenity,cafe,Hard Rock Cafe
n,11687810652,26.1667469,91.7793302,shop,electronics,Great Eastern Trading Co.
n,11687822089,26.1647803,91.7798237,shop,furniture,EVEREST PLY
n,11687843155,26.1596553,91.7816391,shop,mall,Times Square Mall
n,11687922048,26.1568139,91.7831272,amenity,restaurant,Chai Piyo
n,11687941353,26.151163,91.7864186,amenity,restaurant,The Stayfitr Kitchen Nayanpur
n,11687942308,26.1535209,91.7841006,amenity,restaurant,Town Hall Guwahati
n,11687946396,26.1573183,91.7828659,amenity,restaurant,Naga Dish
n,11687946678,26.1539694,91.7852991,amenity,restaurant,Heavenly Cakes
n,11687952503,26.1538979,91.7854845,shop,clothes,NEwear
n,11687963661,26.1497968,91.7863061,amenity,restaurant,Rice N' More
n,11687965297,26.1509216,91.7861326,amenity,restaurant,Jaluk
n,11687965587,26.1513918,91.785555,shop,bakery,Jain Bakers
n,11687968099,26.1521466,91.784145,amenity,restaurant,Red Hot Chilli Pepper
n,11687968763,26.1494039,91.7859456,amenity,restaurant,Domino's Pizza
n,11687975591,26.1469161,91.7873058,shop,convenience,Madhu Enterprise
n,11687979077,26.1492151,91.7862632,shop,supermarket,Vishal Mega Mart
n,11687980145,26.1473534,91.7877618,shop,tyres,Qadri Tire Shop
n,11687986434,26.1465848,91.7871491,shop,electronics,Checkb4sell
n,11690267217,26.1439656,91.7944854,amenity,school,Shrimanta Shankar Academy
n,11690277284,26.1468318,91.7891691,amenity,bank,HDFC Bank
n,11690277285,26.1459975,91.7894406,amenity,cafe,GTAC Tea Lounge
n,11690280213,26.1458892,91.7903395,amenity,cafe,Leaf Deck Cafe
n,11690280917,26.139054,91.7982885,shop,bakery,Cake Corner
n,11690281561,26.1388549,91.7982352,amenity,fast_food,Byanjon
n,11690281577,26.1475965,91.7891054,amenity,restaurant,OH! Northeast from our hills
n,11690372374,26.1393022,91.8057269,shop,bakery,Chiffon Villa
n,11690379454,26.1388971,91.8135912,amenity,restaurant,RSR Kitchen
n,11704866357,26.3965091,90.0280152,amenity,marketplace,Banglabari Bazar
n,11711565461,26.3355065,90.0969169,amenity,marketplace,Balapara Bazar
n,11738060914,26.2629036,91.6697973,amenity,restaurant,Green Hills Hotels And Resorts
n,11738085200,26.5391254,92.1694059,amenity,restaurant,Green Hills Hotels And Resorts
n,11744691117,25.6372427,91.8932403,amenity,fuel,HP
n,11744695909,25.6949491,91.9294234,amenity,fuel,Bharat Petroleum
n,11744696788,25.6393153,91.892157,amenity,fuel,Bharat Petroleum
n,11744703827,25.6354214,91.8923928,amenity,fuel,Indian Oil
n,11744705378,25.7018721,91.9401836,amenity,college,Christ college
n,11747475337,25.5860372,91.8723985,amenity,fuel,
n,11747478826,25.592524,91.8826162,amenity,place_of_worship,Sacred Heart Theological college
n,11747479125,25.5715491,91.8966965,amenity,restaurant,Dopwai
n,11747501601,25.5778802,91.8728543,shop,clothes,Megtex
n,11747501894,25.5783918,91.8731503,amenity,place_of_worship,Shrine Hanuman Temple
n,11747505809,25.5925946,91.8829126,amenity,restaurant,JK food corner
n,11747529405,25.5928269,91.8827142,shop,ticket,
n,11749679157,25.5689622,91.8972716,amenity,bank,SBI
n,11749731973,25.5696883,91.8957233,amenity,school,Mary Rice center for special education
n,11752679459,25.4210125,91.7915246,shop,ticket,
n,11752719698,25.5104078,91.8120952,amenity,fuel,
n,11752732522,25.5362673,91.8230582,shop,ticket,
n,11752744338,25.4812483,91.819389,amenity,fuel,
n,11752773939,25.554056,91.8455995,amenity,fuel,
n,11752777407,25.3124536,91.7602957,shop,ticket,
n,11752778000,25.400257,91.7705185,amenity,fuel,
n,11752779473,25.3285999,91.7345482,amenity,place_of_worship,
n,11752779475,25.2877098,91.7165903,shop,ticket,
n,11752784072,25.4178739,91.7858201,amenity,restaurant,Niba & Riba
n,11752784986,25.2861563,91.7191012,amenity,restaurant,Biryani Fiesta
n,11755378242,25.2754297,91.7310216,amenity,school,
n,11758174545,25.5019999,91.8165053,amenity,place_of_worship,
n,11758174546,25.6263404,91.8859879,amenity,fuel,Indian Oil
n,11758207636,25.6466065,91.8927554,shop,car,Mahindra
n,11758216803,25.2624727,91.9489707,amenity,restaurant,Bri War
n,11758222430,25.2011299,91.9955107,amenity,place_of_worship,
n,11758223779,25.6469175,91.892619,amenity,restaurant,The Hills
n,11758293941,25.3364459,91.8891135,amenity,school,L.P. school
n,11758294370,25.3278492,91.7320381,shop,convenience,
n,11758296612,25.2222481,91.9640234,amenity,fuel,
n,11758299446,25.3890609,91.870843,amenity,restaurant,Four plus two
n,11758299447,25.2529454,91.9491068,amenity,restaurant,Pari's & Papaya
n,11758299448,25.2619387,91.9495056,amenity,restaurant,APR
n,11758300264,25.3210926,91.8902102,amenity,fuel,Indian Oil
n,11760485356,25.7181664,91.9636746,amenity,fuel,Indian Oil
n,11760498081,25.6902034,91.9280188,amenity,place_of_worship,
n,11760502214,25.6807036,91.9186616,amenity,school,
n,11760502216,25.7178156,91.970964,amenity,place_of_worship,
n,11760566902,26.1683195,91.7074548,amenity,place_of_worship,Kotiling Shiv temple
n,11763100397,26.1937545,91.7539101,amenity,restaurant,Café Bellevue
n,11763764537,26.1788022,91.7514656,amenity,restaurant,Swad Sweets & Snacks
n,11764022326,24.5947726,92.3315458,amenity,restaurant,Hotel Ashirwad
n,11764039566,24.5944117,92.3292511,amenity,place_of_worship,Shiv Mandir
n,11765570524,25.4219222,91.7912509,amenity,restaurant,
n,11768112830,25.251479,91.671491,amenity,restaurant,
n,11768370517,26.1916366,91.7536249,amenity,restaurant,Michinga
n,11773782996,26.4501136,90.0755066,amenity,clinic,Kamalsing SHC
n,11804475489,25.5161739,90.2170094,shop,electrical,AM.BENG Electricals
n,11804475490,25.5162424,90.2188214,shop,shoes,Unique Shoes
n,11804475492,25.5161976,90.2190047,shop,stationery,Xerox
n,11804475493,25.5161024,90.2192085,shop,electronics,
n,11804475496,25.5162869,90.2198821,shop,yes,Fair Price Shop
n,11804475497,25.5163007,90.2199408,shop,tailor,
n,11804475498,25.5163113,90.2199712,amenity,restaurant,M. L. Restaurant
n,11804475500,25.5166493,90.2201277,shop,stationery,The Notebook
n,11804475502,25.5168435,90.2193638,amenity,school,Christian Girls School
n,11804475503,25.5175352,90.2193435,shop,printer_ink,A.Chik Publishers
n,11804475504,25.5175602,90.2192543,shop,beauty,
n,11804475505,25.5193098,90.2189074,shop,mall,Sangma Megha Mart
n,11804475506,25.5197979,90.2191763,amenity,doctors,Doctor Chamber
n,11804475507,25.5198569,90.2192276,shop,bakery,Cakes & Bakes
n,11804475508,25.5198422,90.2191856,shop,computer,Blaze Computer Systems
n,11804475509,25.519878,90.2192113,shop,confectionery,Dolma Sweets
n,11804475510,25.5198995,90.2192503,shop,yes,G. M. Marak Store
n,11804475511,25.5199226,90.219234,shop,yes,M.S. Global Enterprise
n,11804475512,25.5199479,90.2192643,shop,furniture,Furniture
n,11804475514,25.5200322,90.2193689,amenity,police,Chandmari Police Station
n,11804475515,25.5202755,90.2195553,shop,yes,Phygi Pickup Store
n,11804475516,25.5203176,90.219581,shop,electrical,M/S. Momin Electricals
n,11804475517,25.5205357,90.2196632,shop,yes,Gorcery
n,11816615057,26.4151405,90.2673231,amenity,fuel,
n,11819709122,26.3864423,90.203123,amenity,fuel,Gas station and petrol pump
n,11819709123,26.3808872,90.174445,amenity,fuel,
n,11819714096,26.4524325,89.8730744,amenity,fuel,
n,11819714097,26.4404165,89.8891246,amenity,fuel,
n,11819714098,26.4407031,89.9081227,amenity,fuel,
n,11819714099,26.4457773,89.9331217,amenity,fuel,
n,11819714104,26.44472,89.9589246,amenity,fuel,
n,11819714105,26.4507159,90.000041,amenity,fuel,
n,11819728612,26.4605274,90.1542172,amenity,fuel,
n,11819728613,26.460696,90.154697,amenity,fuel,
n,11819728614,26.4059703,90.2719637,amenity,fuel,
n,11819728615,26.4176535,90.2775222,amenity,fuel,
n,11819728616,26.4143907,90.2767406,amenity,fuel,
n,11819728631,26.446074,90.2902749,amenity,fuel,
n,11819728632,26.3955934,90.2650944,amenity,fuel,
n,11819728633,26.4005084,90.2868385,amenity,fuel,
n,11821388982,26.1009705,91.8800856,amenity,restaurant,Rajasthan Bhojanalaya
n,11825637040,26.4474675,89.9816131,amenity,fuel,
n,11832519669,25.6559735,94.0993135,shop,books,"Crossword, Old Minister's Hill, BOC"
n,11832519769,25.7788052,93.9253168,amenity,restaurant,"New Champaran Restaurant, Phirema"
n,11833697370,26.1280003,91.6814189,amenity,hospital,Apollo Excelcare Hospital
n,11849197376,26.1749153,91.7580365,shop,department_store,Kamakhya Fruit And Juice
n,11849197377,26.1749245,91.7580137,shop,electronics,Sonali Electronics
n,11849197378,26.1749225,91.7579915,shop,clothes,RISHA CLOTHING STORE
n,11849197379,26.1749212,91.7579669,shop,optician,Sun Vision
n,11849197380,26.1749341,91.7579423,shop,tailor,Bombay Tailors
n,11849197381,26.1749241,91.7579238,shop,printer_ink,Guwahati AutoCAD Printers
n,11849197382,26.1749232,91.7579044,shop,tobacco,Mohan Pan Bhandar
n,11849198430,26.1748144,91.7579693,amenity,clinic,The Life Pharmacy
n,11849282088,26.1746032,91.758257,shop,electronics,Electro System
n,11849282089,26.1745641,91.7582874,shop,gift,Oinitom Gift Shoppe
n,11849282091,26.1746523,91.758179,shop,tobacco,Kalita Pan Bhandar
n,11849282092,26.1746767,91.7581436,amenity,restaurant,Misti Mukh
n,11849282093,26.1746984,91.7581143,shop,cosmetics,Lily The Cosmetics
n,11849282094,26.1747288,91.7580781,shop,printer_ink,Colours Print And Graphics
n,11849333696,26.1747799,91.7582614,amenity,bank,United Bank Of India
n,11849333697,26.1749012,91.7582833,shop,electrical,Dutta Electrical
n,11849333698,26.1748794,91.7583685,shop,electronics,Dee Cee System
n,11849336727,26.1747937,91.7583374,amenity,cafe,Garam Chai
n,11849336728,26.1747919,91.7583707,shop,bakery,Kolkata Sweets
n,11849336729,26.1747883,91.7584003,amenity,restaurant,David's Kitchen
n,11849336730,26.1747838,91.7584295,shop,cosmetics,Balle Balle Multi Store
n,11849336731,26.1747814,91.7584611,shop,department_store,Saha Store
n,11849336732,26.1747799,91.7585012,shop,jewelry,Purnima Jewellers
n,11860941706,26.1081741,89.830652,railway,station,Golakganj Junction
n,11866821807,26.4475414,89.9197984,amenity,fuel,
n,11866842406,26.445409,89.9293163,amenity,fuel,
n,11866842407,26.4330124,89.9739043,amenity,fuel,
n,11868784660,26.1727022,91.7638102,shop,convenience,Shambhu Store
n,11868784661,26.1726328,91.7636556,shop,travel_agency,Tanishka Enterprise
n,11868784663,26.1726876,91.7634514,amenity,kindergarten,Morningstar School
n,11868784664,26.1727624,91.7630078,shop,convenience,K. B. Store
n,11868784665,26.1727656,91.7629653,shop,hairdresser,B. Style Salon
n,11868784666,26.1727705,91.7628952,shop,pastry,Sweet Delight
n,11868784668,26.1729877,91.7626376,shop,tailor,New Lachit Tailors
n,11868797869,26.1729621,91.7622749,shop,furniture,Maa Furniture
n,11868797870,26.1729566,91.7621045,shop,chemist,Saha Medicos
n,11868797871,26.1729506,91.7620181,shop,convenience,Paul Store
n,11868797872,26.1728236,91.7620216,shop,hardware,Kenterprise
n,11868797873,26.1728212,91.7619623,shop,chemist,M/S Maa Medico's
n,11868950554,26.1722912,91.7609028,shop,clothes,Reliance Trendz
n,11868980077,26.172818,91.7618526,shop,psychic,Ratna Kutir
n,11868980078,26.1729632,91.7618618,shop,tobacco,Mahadev Pan Bhandar
n,11868980079,26.1728305,91.7617417,shop,copyshop,Deb Communication
n,11868980080,26.1728297,91.7616741,shop,tailor,Laxmi
n,11868980083,26.1728938,91.7610094,amenity,clinic,Health City Clinic
n,11868980085,26.1725936,91.7609075,shop,furniture,Durian
n,11868980087,26.1725511,91.7594567,amenity,fast_food,Burger King
n,11868980088,26.1724115,91.7606674,amenity,restaurant,Aminia
n,11868987293,26.174234,91.7575732,shop,tobacco,Jai Maatadi Pan Shop
n,11871195811,26.1717909,91.7572057,shop,convenience,Nanda Store
n,11871195812,26.1720863,91.757214,shop,butcher,
n,11871195813,26.1722127,91.7571556,shop,butcher,
n,11871195814,26.1725532,91.7567817,shop,greengrocer,
n,11871195815,26.1725214,91.7567647,shop,greengrocer,
n,11871195816,26.172538,91.7568217,shop,greengrocer,
n,11871195817,26.1724993,91.7568048,shop,greengrocer,
n,11871195818,26.172394,91.7567476,amenity,bank,State Bank of India
n,11871195819,26.1726123,91.7568329,shop,butcher,
n,11871195820,26.1725886,91.7568207,shop,butcher,
n,11871195821,26.1726032,91.7568654,shop,seafood,
n,11871195823,26.1731922,91.7571682,shop,stationery,
n,11871195824,26.1732698,91.7572022,amenity,cafe,
n,11871195825,26.1733776,91.7572462,shop,motorcycle_repair,
n,11871195826,26.1734464,91.7572699,shop,convenience,Rishab Store
n,11871195827,26.1734254,91.757261,shop,alcohol,Trinayan Wine Shop
n,11871195828,26.1734963,91.7572811,shop,tobacco,M/S Ali Pan Shop
n,11871195829,26.1735803,91.7573031,shop,convenience,M. B. Store
n,11871195830,26.1735553,91.7572964,shop,telecommunication,
n,11871195833,26.173766,91.7573526,shop,tyres,
n,11871195834,26.1739828,91.7573856,shop,hardware,J. B. Enterprise1
n,11871195835,26.174014,91.7573887,shop,electrical,M/S Janata Electricals
n,11871195836,26.1739803,91.7575567,amenity,restaurant,tumbledry
n,11871195837,26.1741847,91.7575034,amenity,restaurant,Tumbledry
n,11871195838,26.1742579,91.7575395,shop,butcher,
n,11871195839,26.174346,91.7574911,shop,convenience,
n,11871195840,26.1744017,91.7575091,shop,chemist,Swastik Medicos11111
n,11871195841,26.1743756,91.7575014,shop,jewelry,Paul Gopal Jewellers
n,11871195842,26.1744168,91.7575152,shop,copyshop,Xerox
n,11871195843,26.1743316,91.7574876,shop,tobacco,M Pan Store
n,11871195844,26.1743875,91.7575045,shop,tobacco,Jai MaataDi Pan Shop
n,11871195845,26.1743734,91.7575427,amenity,fast_food,
n,11871201655,26.1761004,91.7560956,shop,electronics,SD Infosys
n,11876655575,26.1841203,91.7710901,shop,electrical,Cherry Enterprise
n,11876655576,26.1841115,91.7711692,shop,clothes,Prayush
n,11876655577,26.1841176,91.7710388,shop,antiques,G. S. Traders
n,11876655578,26.1840964,91.7712444,shop,department_store,Pahi Store
n,11876655580,26.1837772,91.7711059,shop,furniture,Hasiyana Furniture
n,11876655581,26.1840726,91.7713603,shop,chemist,Idol Pharmacy
n,11876655582,26.1836511,91.7716597,shop,electronics,LG
n,11876655583,26.1836433,91.7717516,shop,electronics,Canon
n,11876655585,26.1837175,91.771658,shop,hardware,Nibav Lifts
n,11876655587,26.183721,91.7719607,amenity,restaurant,Pahi's
n,11876655588,26.1836767,91.7719629,shop,jewelry,Titan
n,11876655589,26.1836261,91.7725549,shop,mobile_phone,iTech
n,11876655590,26.1836363,91.7725674,shop,hairdresser,ProPlus Smart Salon
n,11876655591,26.1835899,91.7728455,amenity,fast_food,Wings
n,11876655592,26.1835782,91.772942,amenity,fast_food,Street King
n,11876655594,26.1838263,91.7732707,amenity,restaurant,Yadav Mishtana Bhandar
n,11876655595,26.1838085,91.7733246,shop,furniture,Navarang Furniture
n,11876655596,26.1837236,91.7749254,shop,chemist,Upasam Medicos
n,11876655597,26.183789,91.7749303,shop,chemist,Chandmari Medicos
n,11880877916,26.1849149,91.7749356,shop,tobacco,B. S. Pan Shop
n,11880877917,26.1849149,91.7749356,amenity,fast_food,The Crown Shake & Fresh Juice
n,11880877918,26.1847869,91.7749777,amenity,restaurant,Aadish Kitchen
n,11880877919,26.1846765,91.7749909,amenity,restaurant,Zarwo The Bodo Kitchen
n,11880877920,26.1846068,91.77496,shop,watches,Fastrack
n,11880877921,26.1845328,91.774976,shop,electronics,Queen Electronics
n,11880877922,26.1845051,91.7749923,amenity,fast_food,Street-za
n,11880877923,26.1849358,91.7751406,amenity,bank,Punjab National Bank
n,11880877924,26.1849357,91.7750529,shop,hairdresser,Lapink
n,11896883241,26.1842161,91.7749608,amenity,bank,Union Bank
n,11896883243,26.1843882,91.7749271,shop,car,Maruti Suzuki Arena
n,11896883244,26.1844361,91.7749346,amenity,fast_food,Khao Bola
n,11896883245,26.1844625,91.7749266,shop,bakery,Prime Bakes
n,11896883247,26.1845212,91.7749367,amenity,fast_food,Ohh! Guwahati
n,11896883249,26.1846014,91.7749351,amenity,restaurant,Urban Pizza
n,11896883250,26.1846239,91.7749341,amenity,restaurant,Simply South
n,11896883251,26.1846405,91.7749311,amenity,cafe,Kesaria Chai Wala
n,11900429098,27.0216085,94.7555502,amenity,place_of_worship,Bakhar Bengena Tree
n,11904744124,27.4972877,95.3436268,amenity,fuel,Petrol Pump
n,11905593569,25.668845,94.1060657,shop,supermarket,New market
n,11906862908,25.6311051,91.8927209,amenity,bus_station,ISBT
n,11908063511,26.3644473,90.1858583,railway,station,Fakiragram Junction
n,11909146399,25.5534186,91.9061277,shop,motorcycle,Suzuki
n,11909231406,25.5785538,91.9057628,shop,alcohol,Sakhamti
n,11909388852,25.5523127,91.6444454,amenity,fuel,
n,11909394519,25.5591162,91.6418871,amenity,fuel,
n,11909981455,26.1840491,91.7694234,amenity,cafe,Laheke Chai
n,11909981456,26.1840655,91.7693047,shop,money_lender,IIFL Gold Loan
n,11909981457,26.1840528,91.7694501,amenity,restaurant,Gayatri Mishtana Bhandar
n,11909981460,26.1844309,91.7693287,shop,electronics,Samsung
n,11909981461,26.1844309,91.7693287,shop,electrical,Classic
n,11909981462,26.1839832,91.7696041,amenity,bank,HDFC Bank
n,11909981464,26.1843199,91.7700453,shop,tailor,Charukala Tailors
n,11916122122,24.5668344,94.4545652,amenity,marketplace,K. Ashang Khullen Aze trade centre
n,11917607650,26.4046355,90.2725956,railway,station,Kokrajhar
n,11917638020,26.4426999,90.3538048,railway,station,Salakati
n,11918395548,26.4785333,90.5602987,railway,station,Bongaigaon
n,11921968205,26.1538876,91.7800838,amenity,cafe,
n,11922994970,26.1848666,91.777491,amenity,place_of_worship,Shiv Mandir
n,11922994974,26.1836248,91.7777434,amenity,bank,State Bank of India
n,11922994976,26.1833412,91.7756292,amenity,fast_food,Bhuruka
n,11926973513,26.4681936,90.7979143,amenity,fuel,
n,11930132856,26.1373806,91.6325484,shop,hardware,Ravi Hardware
n,11930147203,26.1373958,91.6326178,shop,general,Namami Stores
n,11930178798,26.1581954,91.6599814,amenity,restaurant,K3 Foods
n,11930187306,26.1802537,91.7449308,shop,lighting,R R Sales
n,11930639747,26.1584599,91.6611008,amenity,restaurant,Madina Hotel $ Restaurant
n,11930669058,26.152244,91.6549231,shop,tailor,
n,11930687282,26.152124,91.6547835,amenity,restaurant,Atithi Food Corner
n,11930693824,26.1584442,91.6608386,shop,tyres,Monajir Tyre Repairing
n,11930700522,26.1584435,91.6607844,amenity,clinic,Nidaan Health and Dental Care
n,11930703059,26.1589976,91.6622855,shop,hardware,Rahat Hardware
n,11930732078,26.1584667,91.6611144,amenity,restaurant,Bismillah Hotel
n,11930742243,26.1589848,91.662256,shop,motorcycle_repair,Bro Code Modification
n,11931142367,26.1591301,91.6623816,shop,hardware,D-Hardware
n,11931174377,26.1594009,91.6634068,amenity,restaurant,Zannat Aahar Hotel
n,11931187980,26.1591371,91.6624486,amenity,restaurant,Mughlai Adda
n,11931188013,26.1594338,91.6635339,shop,hardware,Radhey Hardware Store
n,11931197934,26.1594785,91.6636378,shop,hardware,Royal Trading Co.
n,11931201513,26.1593571,91.663335,shop,car_repair,AJ Motors
n,11931201514,26.1593827,91.6633763,shop,electronics,Saraighat Electricals
n,11931207353,26.1594918,91.6636768,shop,car_repair,M/S Choudhury Motors & Car Decorator
n,11931225359,26.1602215,91.6658189,shop,interior_decoration,Hafele Appliances
n,11931226049,26.1595066,91.6638892,shop,car_repair,Mukut Motor Works
n,11931234378,26.1601172,91.6656306,amenity,restaurant,Dhaba Krishnachura
n,11931238504,26.160304,91.6662166,amenity,restaurant,Lombu Taj Hotel
n,11931242236,26.15799,91.6744411,shop,gas,Axom Gas Service
n,11931245409,26.1579044,91.6737775,shop,clothes,S. Clothes Store
n,11931250992,26.1579202,91.6742467,shop,clothes,Najma Store
n,11931264526,26.1579247,91.6742594,shop,mobile_phone,A. M. T. C.
n,11931270155,26.1579817,91.674415,amenity,restaurant,J.B. Resturant
n,11931292013,26.1579385,91.6746872,amenity,clinic,Super Special Dental Clinic
n,11931292423,26.1579326,91.6746318,amenity,fast_food,Hare Krishna Sweets & Snacks
n,11931319970,26.157889,91.6748035,shop,motorcycle_repair,Bai Bai Spaire Parse
n,11932310567,26.1581418,91.6770912,shop,tyres,Swastik Tyres
n,11932359264,26.1604335,91.6671672,amenity,restaurant,Farhana Hotel
n,11932359265,26.1580119,91.6757807,shop,motorcycle_repair,MD Motor Works
n,11932365003,26.1580098,91.6757251,shop,hardware,M/S T.M. Enterprise
n,11932365320,26.158017,91.6756343,shop,car_repair,M/S Noor Motors Works
n,11932370163,26.1580518,91.6761119,shop,hardware,SB Marketing
n,11932373365,26.1581598,91.6770876,shop,money_lender,SBFC Gold Loan
n,11932373660,26.1808145,91.749469,amenity,restaurant,New Maa Kamakhya Hotel
n,11932383204,26.1580907,91.6766489,shop,hardware,M/S Rara Hardware
n,11932384758,26.1580387,91.6760637,shop,hardware,Salman Enterprise
n,11932385455,26.1807169,91.7510352,amenity,restaurant,Swadisht Dhaba
n,11932385681,26.1580235,91.6758379,shop,car_repair,Bhai Bhai Maruti Workshop
n,11932386439,26.1580099,91.6759182,shop,hardware,Ismail Enterprise
n,11932392621,26.1581787,91.6772049,shop,money_lender,IIFL Finance
n,11932393791,26.1580364,91.676034,shop,hardware,Ismail Enterprise
n,11932393822,26.1581374,91.6773745,shop,hardware,Subham Steel Industries
n,11932395807,26.1580297,91.6760023,shop,hardware,M/S R.S. Enterprise
n,11932403677,26.1581108,91.6767685,amenity,school,Brahmaputra Gurukul Academy
n,11932405238,26.1581633,91.6772062,shop,motorcycle,Metalbikes Bajaj
n,11932405783,26.1581421,91.6773113,shop,car_parts,Shree Auto Centre
n,11932406126,26.1581132,91.6769669,shop,hardware,Maa Glass & Plywood Hardware
n,11932408515,26.1581496,91.6774972,shop,electrical,Bhavya Electricals
n,11932409959,26.158473,91.6814909,shop,car,Saraighat Hyundai
n,11932409966,26.1794435,91.7516336,shop,mall,V2
n,11932411409,26.1581265,91.6770161,shop,car_repair,City Maruti Works
n,11932413462,26.1805714,91.7512057,amenity,restaurant,Queen Bar
n,11932414426,26.1809672,91.7506043,amenity,restaurant,Pudina Pure Veg
n,11932418728,26.180819,91.7494989,amenity,restaurant,Hotel Ahaar
n,11932419432,26.1581899,91.677843,shop,furniture,DD Furnishing
n,11932420088,26.1808247,91.7495973,shop,travel_agency,D.K Store (North East Tours and Travels
n,11932420449,26.1582064,91.6779857,shop,convenience,Haji Tamizuddin Ahmed Complex
n,11932421499,26.1808005,91.7510116,shop,travel_agency,Jay Mata Di
n,11932428079,26.180854,91.7499526,amenity,restaurant,A.S.T.C Canteen
n,11932429056,26.1809526,91.7506374,shop,car_parts,Dreams Motor's
n,11932432031,26.1807667,91.7510906,amenity,restaurant,Raja Restaurant
n,11932440839,26.1807785,91.7510046,shop,travel_agency,Rajnigandha Travels
n,11932443481,26.1581443,91.6774264,shop,car_parts,Shree Auto Centre
n,11932444545,26.1806223,91.7510223,shop,shoes,Ajanta Shoes
n,11932445503,26.1581392,91.6774033,shop,furniture,Hari Om Furniture
n,11932445994,26.1800331,91.7513475,shop,shoes,Bata
n,11932455235,26.1582129,91.6782542,shop,clothes,Mousomi Store
n,11932455640,26.1582002,91.6782004,shop,dairy,Tabaruka Store
n,11932457155,26.158198,91.6780888,shop,yes,Raja Store
n,11932457240,26.1807826,91.7510116,shop,travel_agency,Assam Valley Travels
n,11932458698,26.180777,91.7510252,shop,travel_agency,Deep Travels
n,11932461147,26.1581409,91.6777023,shop,motorcycle_repair,3 Dee Enterprise
n,11932463742,26.1582378,91.6789013,shop,optician,Optical Zone
n,11932464679,26.1806191,91.7510559,amenity,restaurant,RD Bar Cum Restaurant
n,11932465870,26.1582827,91.6790594,shop,furniture,Furniture Centre
n,11932466308,26.1581901,91.6779124,shop,electronics,Shree Bajrang Electricals
n,11932466457,26.1807638,91.7510152,shop,convenience,Chandan Variety Store
n,11932467637,26.1806559,91.7510461,amenity,restaurant,Hotel Samrat
n,11932468869,25.9103627,93.7369468,amenity,clinic,"Patient Care Diagnostics, Dr Belho's Clinic, Walford road"
n,11932474254,26.1798967,91.7513767,amenity,fast_food,KFC
n,11932474427,26.1806782,91.7510567,amenity,restaurant,Amrapali Dhaba
n,11932475239,26.1582659,91.6789862,shop,laundry,Tumbledry
n,11932475700,26.180535,91.7510674,shop,clothes,Goyal Cloth Store
n,11932476943,26.180419,91.7511044,shop,clothes,Ratan Cloth Store
n,11932483869,26.180635,91.7510559,amenity,restaurant,Dilkhush Punjabi Dhaba
n,11932483870,26.1806134,91.7510269,shop,travel_agency,Network Travels
n,11932483872,26.1583708,91.680316,shop,mall,NCS Square Mall
n,11932485532,26.1586607,91.6845087,shop,motorcycle,Hindusthan Tvs
n,11932485769,26.1582543,91.6789484,shop,yes,Barman Poultry Corner
n,11932487348,26.1802944,91.7511099,shop,clothes,Kamal Cloth Store
n,11932487531,26.1805114,91.7510764,amenity,restaurant,Desi Curry
n,11932495352,26.1585868,91.6840151,amenity,restaurant,Fresh Kut Kitchen
n,11932496004,26.1582719,91.6791968,shop,hardware,Baba Steel Industries
n,11932498175,26.1804318,91.7510851,shop,wine,Standard Wine Shop
n,11932499292,26.1582842,91.6793816,shop,tyres,City Tyres Service
n,11932500352,26.1798085,91.7514392,amenity,restaurant,Maa Tara Hotel
n,11932500355,26.1587157,91.6851436,shop,hardware,Kamakhya Enterprise
n,11932500748,26.158502,91.6818223,shop,car,Promise
n,11932506812,26.1794801,91.7515157,shop,yes,Mobile Repairing
n,11932510103,26.1803652,91.7510918,shop,travel_agency,Classic Travels
n,11932510579,26.1800696,91.7513415,shop,clothes,Zudio
n,11932513042,26.180313,91.7510997,shop,clothes,Shanti Cloth Shop
n,11932515239,26.1586206,91.6842156,shop,hardware,M/S Krishna Hardware
n,11932521766,26.1586447,91.6846584,amenity,bank,ICICI Bank
n,11932523287,26.1796403,91.7514095,shop,clothes,Sulekha Store
n,11932524277,26.1796724,91.7513986,shop,tailor,Recent Tailors
n,11932525273,26.1801095,91.7514436,shop,mall,Grand Plaza
n,11932526913,26.1586742,91.6848602,shop,car_parts,Pawan Automobiles
n,11932531691,26.1789179,91.7501955,shop,electrical,Ashok and Co
n,11932534185,26.158707,91.6850153,shop,furniture,S.M. Enterprise
n,11932535623,26.1588891,91.6864451,amenity,fast_food,Domino's
n,11932536411,26.1588125,91.6859685,shop,clothes,Pantaloons
n,11932537558,26.1786048,91.7516276,shop,hairdresser,Style Salon
n,11932538056,26.1587854,91.6857548,shop,hardware,Everest Ply
n,11932538132,26.1791173,91.7515945,amenity,fast_food,Basoi Fast Food
n,11932538143,26.1787572,91.7512989,shop,tea,Kamakhya Tea Trading
n,11932538505,26.179621,91.7514188,shop,clothes,Surana Cloth Store
n,11932543871,26.158708,91.685176,shop,wine,S.M. Wineshop
n,11932546255,26.1587443,91.6856637,shop,optician,Dristi Daan
n,11932564110,26.1786858,91.7514201,amenity,bank,Punjab National Bank
n,11932566760,26.1787494,91.7513646,shop,tea,Mahabir Traders
n,11932566887,26.1588976,91.6870237,amenity,bank,HDFC Bank
n,11932572572,26.1787217,91.7511816,amenity,restaurant,JG's Family Restaurant
n,11932577381,26.1588763,91.6876036,shop,hardware,Maa Hardware
n,11932580412,26.1589197,91.6880545,amenity,clinic,M/S New Leon Medico's
n,11932583660,26.1590187,91.6890296,shop,motorcycle,Hindustan Motors
n,11932584546,26.1588839,91.6874375,shop,clothes,Kamakhya Apparels
n,11932585669,26.1588749,91.6874092,shop,clothes,Shree Shyam Apparels
n,11932587944,26.1592969,91.694271,shop,hardware,M/S Anand Hardware
n,11932590140,26.1785438,91.7509467,shop,cosmetics,ND Stores
n,11932594213,26.1589829,91.6889049,shop,car_parts,B. Maruti Motor Works
n,11932595328,26.1786483,91.7509962,shop,computer,Starnet Computer and Solutions
n,11932599695,26.1590343,91.689328,amenity,school,e-Kids World
n,11932600622,26.1591009,91.6894846,shop,medical_supply,Eastern Medical Supplies
n,11932603044,26.1784105,91.7503988,amenity,place_of_worship,Nepali Mandir
n,11932603271,26.1590167,91.6891607,amenity,bank,Bandhan Bank
n,11932609467,26.1590619,91.6893599,shop,bicycle,Green Bikes
n,11932615180,26.1647052,91.7158964,shop,car_repair,M/S. Maa Kamakhya Engineering Works
n,11932617596,26.1646081,91.7158067,shop,car_repair,M/S Barua Motor Works
n,11933176561,26.1665863,91.7189164,shop,car_repair,Khalsa Maruti & Diesel Works
n,11933181784,26.1650742,91.7165467,shop,car_parts,N. C. Enterprise
n,11933196837,26.1652378,91.716765,shop,convenience,Devi Store
n,11933206713,26.1654459,91.717098,shop,convenience,Shiv Jyoti Store
n,11933207291,26.1653999,91.7169023,amenity,place_of_worship,
n,11933217723,26.1653182,91.7169224,amenity,restaurant,Chakreswar Food
n,11933217724,26.1653245,91.7169324,shop,convenience,Purnima Store
n,11933219791,26.1654667,91.7171493,shop,hardware,Deep Glass & Hardware
n,11933225791,26.1654749,91.7171591,shop,car_parts,Maa Enterprise
n,11933234003,26.1655352,91.7172394,shop,convenience,Maa Store 2
n,11933237577,26.1655043,91.7171957,shop,hairdresser,Thouga Hair Beauty Saloon
n,11933238469,26.1654817,91.7171683,shop,car_parts,R J Motors
n,11933248053,26.1674457,91.7199729,amenity,bank,ICICI Bank
n,11933257005,26.168201,91.7209032,shop,wine,K. B. Wine Shop
n,11933265562,26.1662196,91.7182573,shop,car_repair,Goswami Maruti Service
n,11933270400,26.166185,91.7181703,shop,car_repair,Maramy Motor Works
n,11933278897,26.1662595,91.7183616,shop,car_repair,Maa Sarada Engineering Motor Works
n,11933279314,26.167254,91.7197131,shop,pet,Kute Pets
n,11933281893,26.1667346,91.719076,shop,car_repair,Kamakhya Motors
n,11933289142,26.1674361,91.7199488,amenity,bank,State Bank of India
n,11933290822,26.1684121,91.7211325,shop,motorcycle_repair,Sohani Bajaj
n,11933291770,26.1679616,91.7205664,shop,furniture,
n,11933291855,26.1684678,91.7211768,shop,car_repair,Automotive E Studio
n,11933302086,26.1703986,91.7238038,shop,car_repair,Haloi Enginearing
n,11933306892,26.1685352,91.7212249,shop,tyres,Sar Wheels
n,11933318848,26.1757914,91.7360334,shop,car_parts,Jashvi Automobile
n,11933319146,26.1769086,91.7352101,shop,tyres,Tyre Point
n,11933321523,26.1770298,91.7409788,shop,car_parts,Binod Auto Agencies
n,11933321817,26.177584,91.7415872,shop,hardware,M/S. Central Machinery Spares
n,11933323766,26.1754802,91.7360435,shop,tyres,Sahara Tyre
n,11933331346,26.1767928,91.7353396,shop,shoes,Star Footwear
n,11933331821,26.176885,91.7352409,shop,tyres,Tyre India Sales And Service
n,11933334802,26.1769251,91.7351954,shop,shoes,Nilam Shoe Store
n,11933335596,26.1753508,91.7371224,shop,interior_decoration,Rupohi
n,11933337052,26.1768514,91.7407755,shop,bike_parts,Seth Automobiles
n,11933337137,26.1777262,91.7417216,shop,car_parts,J. B. Motors
n,11933342302,26.1773896,91.7413353,shop,car_parts,Amar Battery Co.
n,11933345244,26.1754038,91.7360622,shop,tyres,Siraj Tyres
n,11933345466,26.1750737,91.7364127,shop,interior_decoration,Khwaja Interior
n,11933347895,26.1756455,91.7360363,shop,tyres,P. P. Tyres
n,11933349612,26.1754167,91.7360608,shop,tyres,Shimla Tyres
n,11933349664,26.1772224,91.7411847,shop,hardware,Jagiroad Hardware Stores
n,11933351287,26.1766343,91.7405488,shop,car_parts,North East Spares
n,11933370207,26.1771782,91.7411391,shop,hardware,Rahul Hardware
n,11933371450,26.1777985,91.741931,shop,car_parts,Parwati Motors
n,11933376602,26.1777914,91.7418874,shop,wine,Luit Wine Shop
n,11933386836,26.1776264,91.7416195,shop,hardware,Global India K M India
n,11933390627,26.1771265,91.7410655,amenity,school,Sri Digamber Jain Vidyalaya
n,11933395470,26.1775465,91.7415446,shop,books,Pandey Book Stall
n,11933466047,26.1769981,91.7548786,shop,copyshop,Printer Zone
n,11933474272,26.1806309,91.7498467,amenity,marketplace,Krishna Market
n,11933474273,26.175786,91.7566581,shop,psychic,Dr. Manuushree & Hemang Sastri
n,11933481033,26.1806652,91.7498153,amenity,bank,State Bank of India
n,11933481034,26.1757258,91.7567435,amenity,bank,Canara Bank
n,11933481036,26.1759029,91.7564925,shop,copyshop,HP Flex
n,11933486333,26.1764391,91.7556455,amenity,restaurant,Laxmi Manipuri Rice Hotel
n,11933494157,26.1764204,91.7556848,shop,electronics,R. S. Cooling Services
n,11933511684,26.1769608,91.7548705,shop,motorcycle_repair,Mighty Garage
n,11933526266,26.1771194,91.7545455,shop,clothes,Puma
n,11933529309,26.1764143,91.7556982,shop,electronics,Air Conditioning Solutions Plaza
n,11933530082,26.1767552,91.7552994,amenity,fuel,Purba Bharati Gas
n,11933530901,26.1769439,91.7549228,amenity,place_of_worship,Shiva Mandir
n,11933542800,26.1769439,91.7549121,shop,tyres,Kimm Tyre Service
n,11933544265,26.1771504,91.7545241,shop,electronics,Digi Mart
n,11933549825,26.1771001,91.7546219,shop,electrical,
n,11933550671,26.1770554,91.7547404,amenity,marketplace,G. Z. Complex
n,11933569024,26.1774746,91.7540507,shop,furniture,Syan & Company
n,11933582362,26.1775781,91.7538529,shop,pet,Pet Paradise
n,11933585319,26.1775183,91.7539631,shop,interior_decoration,National Furnishing
n,11933589451,26.1773842,91.7541571,shop,hardware,R. N. Store
n,11933598957,26.1775038,91.7539953,amenity,restaurant,Yaiphaba Manipuri Rice Hotel
n,11933598958,26.1776132,91.7539242,amenity,restaurant,Royal Naga
n,11933599732,26.1775566,91.753892,shop,shoes,M/S Rasad Store
n,11933601765,26.1774235,91.7541227,shop,interior_decoration,Syan Decoration
n,11933605778,26.1776117,91.7537454,shop,perfumery,The Scent Bar
n,11933605779,26.1776826,91.7536377,amenity,restaurant,Chetry Dhaba
n,11933605780,26.1777345,91.7535486,shop,florist,Deeor & Flower Point
n,11933606717,26.1774131,91.7543824,shop,sports,9M Sports
n,11933610082,26.1776705,91.7536283,amenity,restaurant,Delhi Faizan Muradabadi Biriyani
n,11933618803,26.1776466,91.753673,shop,hardware,Magnet House
n,11933620373,26.1777247,91.7535733,shop,clothes,Reebok
n,11933686519,26.1777537,91.7535245,shop,jewelry,Sri Sri Chakraborty B. K. Guwahati Ratna Bhandar
n,11934124441,26.1779211,91.74209,shop,car_repair,Punjab Engineering Works
n,11934124442,26.1780131,91.7421883,shop,supermarket,Ratneswari Dutta Market
n,11934124443,26.1781958,91.7423931,shop,electronics,Vijay Sales and Sons
n,11934142107,26.1782234,91.7424173,shop,yes,Sunil Sanitary Mart
n,11934186040,26.177874,91.7420456,shop,car_parts,Kohli Automobiles Co.
n,11934186047,26.1805706,91.7472097,shop,motorcycle_parts,Goyal Auto Agency
n,11934189792,26.1779945,91.7421706,shop,car_parts,K G R Automobiles
n,11934196636,26.1780308,91.7422162,shop,car_parts,Shiv Lubricants
n,11934200596,26.1804995,91.7466289,shop,optician,New Vision Opticals
n,11934205748,26.1803583,91.7453886,shop,yes,Swastik Trade Centre
n,11934205749,26.1803653,91.7454385,shop,hardware,Jaya Trade & Agency
n,11934207170,26.1781758,91.7423601,shop,convenience,Shankar Store
n,11934207899,26.1802664,91.7449725,shop,car_parts,Saraf Motor Company
n,11934210183,26.1780578,91.7422445,shop,hardware,Soha Udyog
n,11934210198,26.1803209,91.7452368,shop,car_parts,Prem Automobiles
n,11934210217,26.1805047,91.7466523,shop,car_parts,United Traders
n,11934210461,26.1806392,91.7474765,amenity,restaurant,Rest Stop Restaurant
n,11934237563,26.1784492,91.7427535,shop,wine,Raj Wine Shop
n,11934274003,26.1804825,91.7464719,shop,motorcycle_repair,Krishna Bike Point
n,11934276960,26.1805557,91.7468667,amenity,fuel,Indian Oil
n,11934278627,26.1802811,91.7450455,shop,electrical,Sarathi Electricals
n,11934278947,26.1805634,91.7471645,shop,hardware,V-Tec Tools Centre
n,11934280077,26.1786431,91.7428253,amenity,restaurant,Raj Hotel
n,11934285962,26.1803713,91.7454842,shop,electrical,Gauri Electricals
n,11934287279,26.1805556,91.7471174,amenity,restaurant,Diamond Restaurant
n,11934297270,26.1805827,91.7472649,shop,fitness_equipment,New Sear's India
n,11934302405,26.1806201,91.7474221,amenity,restaurant,Delhi Da Khana Khazana
n,11934303328,26.1805922,91.7473455,shop,bakery,Kasturi
n,11934303329,26.1808173,91.7478803,amenity,school,Bengali Higher Secondary School
n,11934304227,26.1805849,91.7472807,shop,tyres,Supreme Motors
n,11934315133,25.5162991,90.2199321,amenity,fast_food,Attampang Fast Food
n,11934315725,25.5182853,90.2189168,amenity,hospital,Tura Christian Hospital
n,11934337689,25.5176086,90.2190724,amenity,fast_food,
n,11934340301,25.5175462,90.2192864,shop,books,Tura Book Room
n,11934346268,26.1783978,91.752506,shop,bed,The Sleep Company
n,11934352160,25.5201062,90.2189842,amenity,bank,State Bank of India
n,11934375332,26.1780813,91.7530382,shop,shoes,M. P. Store
n,11934381135,26.1778149,91.7534196,shop,rental,Rajdhani Tent House
n,11934383313,26.1777954,91.753456,amenity,place_of_worship,Shree Shivaya Namastubhaya
n,11934383778,26.1777718,91.7534823,shop,dry_cleaning,Dry Cleaners & Dyers
n,11934393110,26.1778707,91.7533267,shop,building_materials,ABC Plywood Centre
n,11934396223,26.1779568,91.7531908,shop,electronics,Compass
n,11934397712,26.1781901,91.7528654,shop,wine,W. B. Wine Shop
n,11934402310,26.1781488,91.7529201,amenity,marketplace,Giridhar Market
n,11934407164,26.1780885,91.7530484,amenity,restaurant,Hotel Annapurna
n,11934414868,26.1778894,91.7533094,shop,rental,Vishal Tent House
n,11934420948,26.1780636,91.7530484,shop,tobacco,Amar Traders
n,11934430722,26.1779817,91.7531657,amenity,cafe,Unnati Sweets
n,11934430818,26.1780512,91.7530631,shop,rental,Reena Tent House
n,11934431181,26.1781451,91.7530756,shop,wine,
n,11934431354,26.1780124,91.7531238,shop,tiles,Maya Stores
n,11934431540,26.1780039,91.7531281,shop,hairdresser,New Style Hair Cutting Saloon
n,11934442544,26.1783978,91.7525138,shop,interior_decoration,Godrej Interio
n,11934446666,26.1781667,91.7528966,shop,hardware,Maya Stores
n,11934452012,26.1787265,91.7520713,shop,travel_agency,Rayan Travels
n,11934452469,26.1781433,91.7529444,shop,clothes,Jockey
n,11934452699,26.178513,91.7523506,shop,tobacco,P. K. Pan Shop
n,11934453745,26.1785935,91.7522533,amenity,bank,Federal Bank
n,11934453746,26.1788245,91.7519799,shop,travel_agency,Leima Royal-Travels
n,11934454382,26.178865,91.7520146,amenity,restaurant,Food Rani
n,11934454886,26.1788463,91.751999,amenity,fast_food,Juice Corner
n,11934459050,26.1788779,91.7518232,shop,baby_goods,Babyhug
n,11934459469,26.1784469,91.7524496,amenity,bank,IndusInd Bank
n,11934469153,26.1788888,91.7518032,shop,mobile_phone,Vivo
n,11934471082,26.1788479,91.7519209,shop,clothes,Reliance Trends
n,11934472354,26.1788545,91.7518405,shop,cosmetics,Kavya Cosmetics
n,11934476719,26.1789432,91.7517131,shop,electronics,Innovation
n,11934477168,26.1788403,91.7518697,shop,motorcycle_repair,Star Auto Parts
n,11934493571,26.1789001,91.7517769,shop,baby_goods,Babyhug
n,11934495447,26.1789211,91.7517813,shop,electronics,Innovation
n,11934596151,26.1804878,91.7456329,amenity,bank,Bandhan Bank
n,11934596158,26.180373,91.7454789,shop,lighting,Light Junction
n,11934599405,26.1804598,91.7456289,shop,electrical,Brahmaputra Electricals & Co.
n,11934600099,26.180508,91.7456268,shop,mobile_phone,Xiaomi
n,11934605696,26.1803083,91.7452021,shop,car_parts,AVM Enterprises
n,11934606305,26.1808737,91.7489779,shop,travel_agency,Paaba Travels
n,11934608851,26.1805852,91.7456226,shop,electrical,A. B. Enterprise
n,11934612359,26.1803655,91.7454504,shop,hardware,Kakarania Industrial Stores
n,11934619934,26.1786127,91.7428524,shop,car_parts,LSPL Motors PVT. LTD.
n,11934628229,26.1806156,91.7473981,shop,electrical,Santosh Electricals
n,11934628634,26.1805369,91.7456226,amenity,bank,Bank of Baroda
n,11934635858,26.1782326,91.7424376,shop,bathroom_furnishing,Nahata Sanitarywares
n,11934637116,26.1804768,91.7461134,shop,musical_instrument,New Surasree
n,11934640377,26.1804966,91.7463483,amenity,school,Guwahati High School
n,11934640868,26.1786019,91.7428607,shop,bathroom_furnishing,Satish Pipe Traders
n,11934642931,26.1803269,91.745304,shop,electrical,Sayan Solutions
n,11934646995,26.1805158,91.7456268,shop,car_parts,Vasudha Bearings
n,11934648356,26.1803576,91.7452881,amenity,restaurant,Yuvraj Hotel
n,11934650195,26.1781875,91.7423813,shop,hardware,Vijay Scales and Sons
n,11934650305,26.1804723,91.7456338,shop,electrical,Suren Electricals | Cables
n,11934650306,26.1803211,91.745327,shop,electrical,Archana Electricals
n,11934650386,26.1802993,91.7451558,shop,car_parts,Dev Automobiles
n,11934650389,26.1802659,91.7451117,shop,electrical,S/S Sunil Patwary
n,11934654873,26.1804958,91.7456076,shop,electrical,Baiq Cable Corporation
n,11934656575,26.1804408,91.7456125,shop,hardware,Brahmaputra Industrial Corporation
n,11934656576,26.1803312,91.7453016,shop,wholesale,Sun Beam Distribution & Marketing PVT.. LTD.
n,11934659069,26.180514,91.7456062,shop,computer,Balaji Computers
n,11934659838,26.1781884,91.7423898,shop,bathroom_furnishing,Sunil Sanitary Mart
n,11934662084,26.1802624,91.7450823,shop,car_parts,Saraf Motor Works
n,11934664434,26.1782581,91.7424682,shop,electrical,R. K. Machines & Electricals
n,11934666329,26.1803141,91.7452094,shop,rental,Kalyan Decorator
n,11934666452,26.1782205,91.7424298,shop,power_tools,M.K. Machineries
n,11934672164,26.1798859,91.7444989,amenity,school,Sanghamitra Elementary School
n,11934674304,26.1784298,91.7427275,shop,power_tools,Metroweight
n,11934676130,26.1785166,91.7428223,shop,electrical,Arun Machine & Tools
n,11934678025,26.1785263,91.7428331,shop,agrarian,Aquatex
n,11934679924,26.1784592,91.7427696,shop,bathroom_furnishing,Annpurna Pipe & Sanitaryware
n,11934691969,26.1782537,91.7424589,shop,power_tools,M/S Kamakhya Machines and Tools
n,11935277891,25.5708204,91.8847161,amenity,bank,State Bank of India
n,11937515465,26.1807723,91.7504024,shop,clothes,Deepika
n,11937520217,26.180636,91.7499757,amenity,bank,State Bank of India
n,11937533160,26.1807605,91.7504503,shop,travel_agency,Maa Corporation
n,11937533161,26.1808216,91.7505726,shop,clothes,Ma Cloth Store
n,11937535189,26.1806632,91.7501167,amenity,marketplace,Didar Market
n,11937537299,26.1807871,91.7505082,amenity,restaurant,Hotel Vandana
n,11937539340,26.1806878,91.7499886,shop,shoes,Citi Point
n,11937542119,26.1807933,91.7502699,amenity,marketplace,Probir Market
n,11937545745,26.1808079,91.7503833,shop,radiotechnics,G.S. Solutions Group
n,11937549219,26.1806948,91.7501091,shop,travel_agency,Hotel P.C.S.
n,11937560526,26.1807511,91.7505089,amenity,restaurant,Tourist Restaurant
n,11937562201,26.1807318,91.7501448,shop,hairdresser,Hotel P.C.S.
n,11937563492,26.1808131,91.7505057,shop,mall,SNV
n,11937565676,26.18081,91.750634,shop,chemist,Shree Ma Pharmacy
n,11937575179,26.1807621,91.7506938,shop,mobile_phone,Xiaomi
n,11937959209,26.1808232,91.7509872,amenity,restaurant,Amrapali Dhaba
n,11937971155,26.1805683,91.7508407,shop,tea,Gajaraj Tea Company
n,11937973844,26.1808449,91.7509884,amenity,restaurant,Swadisht Dhaba
n,11937982252,26.1807424,91.7507314,shop,clothes,Oli Store
n,11937988953,26.1805305,91.7508415,shop,clothes,Kirtty Cloth House
n,11937989688,26.1807213,91.7507761,amenity,restaurant,Hotel KK;Greenview Restaurant
n,11937989871,26.1807705,91.7507207,shop,mobile_phone,Taru and Sons
n,11937990683,26.1805099,91.750843,shop,clothes,City Cloth House
n,11937996028,26.180535,91.7508395,shop,clothes,Mayuri Silk
n,11938001204,26.1805815,91.7508288,amenity,restaurant,Hotel Azulla
n,11938001255,26.1805354,91.7508235,shop,hairdresser,Mikky Spa & Salon
n,11938005629,26.1805184,91.7508415,amenity,restaurant,Hotel Avenue
n,11938621769,25.7769333,93.9220331,amenity,restaurant,"Maa Kali Restaurant, Pherima"
n,11939551968,26.1801076,91.7509413,shop,general,Renuka's
n,11939560476,26.180354,91.7508928,shop,bag,Das & Daughters
n,11939560981,26.1804312,91.7508726,shop,bag,VIP World
n,11939563544,26.1804384,91.7508647,amenity,bank,Union Bank of India
n,11939568359,26.1803491,91.7508823,amenity,restaurant,Mother's Kitchen
n,11939568360,26.1801605,91.7509286,shop,shoes,Amar Shoe King
n,11939570790,26.1804161,91.7508789,shop,watches,Rita Watch Co.
n,11939570791,26.1803527,91.7508803,amenity,restaurant,Hotel Suncity
n,11939570792,26.1802897,91.7509095,shop,shoes,Kanchan Shoe Store
n,11939571952,26.1803585,91.7508838,amenity,restaurant,Suruchi Hotel
n,11939571953,26.1803401,91.7509002,shop,mobile_phone,Yogomaya's
n,11939572884,26.1802345,91.750918,amenity,restaurant,Hotel Maa Bogol
n,11939574700,26.1800542,91.750958,shop,shoes,Footcare
n,11939575527,26.1800861,91.7509473,shop,hairdresser,Salooon
n,11939575528,26.1799718,91.7509866,shop,mobile_phone,Mobile Point
n,11939576012,26.1803625,91.7508918,shop,clothes,Kamakhya Bastralaya
n,11939577414,26.1803156,91.7508951,amenity,restaurant,Kerala Bhavan
n,11939578896,26.180044,91.7509766,shop,clothes,Mohendra Dutt
n,11939579701,26.1803093,91.7508966,shop,travel_agency,R. S. Agency
n,11939582918,26.179465,91.7512056,shop,electronics,Roy Enterprise
n,11939582919,26.1794501,91.7512192,shop,hardware,G. S. Bar & Restaurant;Synergy Composites
n,11939583316,26.180021,91.7509333,amenity,marketplace,Janapriya Market
n,11939584808,26.1797822,91.7510877,shop,mobile_phone,New Roy Enterprise
n,11939595334,26.1796779,91.7510892,shop,computer,Lalani International
n,11939595513,26.1797832,91.7510526,amenity,restaurant,Naga Aunty Restaurant
n,11939597452,26.1798259,91.7510445,amenity,marketplace,Vijoya Market
n,11939597456,26.1798237,91.7510208,amenity,marketplace,Bhim Sain Verma Complex
n,11939597582,26.1799141,91.751007,amenity,marketplace,Subha Market
n,11939597591,26.1798622,91.7510905,shop,alcohol,Somrash Wine Shop
n,11939598044,26.1796687,91.7511392,shop,electronics,Ruma Electronics
n,11939600651,26.1799265,91.7510305,shop,clothes,Maa Kamakhya Store
n,11939605665,26.1798032,91.7510383,amenity,restaurant,Hotel Maa Tara
n,11939607622,26.1798607,91.7510662,shop,hardware,J. L. Banik & Co.
n,11939610610,26.179665,91.7511085,shop,computer,Computer Associates
n,11939612944,26.1798064,91.7510598,shop,shoes,Chaihu Shoe Store
n,11939617521,26.1797064,91.751076,shop,computer,Datalink Centre
n,11939618570,26.1796873,91.7511347,shop,electronics,B. B. Banik Commercial Center
n,11939623772,26.1797048,91.7510974,shop,hardware,Gopal Store
n,11939624972,26.1796374,91.7511422,shop,fashion_accessories,Uttam
n,11939630810,26.1795341,91.7511579,shop,musical_instrument,Hotel Gitanjali;Studio Melody
n,11939638069,26.1796116,91.7511544,shop,mobile_phone,Vivo
n,11939659265,26.1710205,91.7616462,shop,mobile_phone,HX
n,11939668017,26.17089,91.7617955,shop,clothes,Success
n,11939673200,26.1709755,91.7616956,shop,clothes,Turtle
n,11939678832,26.1709274,91.7617539,shop,clothes,Go Colors!
n,11939680379,26.1792493,91.7512967,shop,shoes,Ajanta Footcare
n,11939681912,26.179209,91.7513115,shop,shoes,Khadims
n,11939685137,26.170894,91.7617609,shop,clothes,White Mogra
n,11939685963,26.1791678,91.7513293,shop,tea,Hanuman Prasad Tea
n,11939686485,26.1794152,91.7512212,shop,travel_agency,R.S. Communication
n,11939691380,26.1791047,91.751339,shop,watches,World of Titan
n,11939703870,26.1793599,91.75123,shop,watches,Sonata
n,11939717761,26.1706092,91.7619043,shop,jewelry,Kalyan Jewellers
n,11940220549,26.1787826,91.7514736,shop,computer,Techno Point
n,11940277042,26.1787547,91.7516278,shop,motorcycle_repair,Bajaj Scooter House
n,11940310830,26.1787724,91.7515733,shop,repair,On Time Servicing
n,11940312492,26.178771,91.7515249,shop,repair,Affordable Deals Pvt. Ltd.
n,11940313414,26.1787289,91.7515779,amenity,marketplace,Kejriwal Bhavan
n,11940316711,26.1787071,91.751627,shop,copyshop,Midcity Offset
n,11940316806,26.1787009,91.7516582,shop,optician,Clear Vision
n,11940318173,26.1787248,91.751643,shop,car_parts,Kuber Auto House
n,11940322100,26.1787098,91.7516513,shop,printer_ink,Hashtag Solutions
n,11941949165,26.1759203,91.7360185,shop,houseware,assk sales store
n,11941975376,26.1761095,91.7360462,shop,interior_decoration,interior hub
n,11941981858,26.1750568,91.7363142,shop,laundry,mercury
n,11941994305,26.1751061,91.7365021,shop,electrical,Trade Palace
n,11941995200,26.1768264,91.7407754,shop,hardware,National engineering work
n,11941997885,26.1751212,91.7365552,shop,fabric,RSP fabrication & associates
n,11941997886,26.1750931,91.736473,shop,hardware,Janata machinery stores pvt. ltd.
n,11942012964,26.1767134,91.7406205,shop,hardware,Shri Kishan Bearing tools & machineries
n,11942016619,26.1422583,91.642432,amenity,clinic,Omega eye clinic & research centre
n,11942021917,26.1769399,91.7408213,shop,hardware,Prayag sales corporation
n,11942028275,26.1422505,91.6426449,amenity,clinic,Dr. B.A Saikia memorial nursing home
n,11942030921,26.1769386,91.7409247,shop,hardware,Binod auto pvt. ltd.
n,11942046815,26.1385795,91.6350313,shop,tiles,Fabtech  India
n,11942057495,26.1411209,91.6397521,shop,tiles,Mahavir sales
n,11942061806,26.1416864,91.641009,shop,hardware,Ram Krishna Enterprise
n,11942078666,26.1384488,91.6348403,shop,car_repair,Thakuria auto wheels
n,11942081478,26.1390139,91.6355663,shop,hardware,Harnam motor Co. (MD)
n,11942084511,26.1386026,91.6350849,shop,hardware,Gypstar ceiling system
n,11942111854,26.1376543,91.633587,shop,yes,Maa store
n,11942126032,26.1379555,91.6340133,amenity,restaurant,Domino's
n,11942126658,26.1438279,91.6438985,shop,bakery,Padma bakery
n,11942136954,26.1442437,91.6441839,shop,hardware,Mahalaxmi steel fabrication
n,11942137369,26.1377017,91.6336936,shop,yes,Sabitri store
n,11942153791,26.1438618,91.6439233,amenity,cafe,Mocha Bean
n,11942164231,26.1453005,91.6448969,shop,motorcycle,Lankeshwar motors
n,11942165199,26.1450507,91.6447345,shop,hardware,Tajmahal store
n,11942178090,26.1453925,91.6449823,shop,supermarket,Niharika enterprise
n,11942180566,26.1462796,91.6455939,shop,hardware,Bishnu traders
n,11942231612,26.1473687,91.6466091,shop,chemist,Arogya medicos
n,11942239769,26.1471895,91.6464703,shop,supermarket,SK store
n,11942240026,26.1501546,91.6507895,shop,interior_decoration,Dhanuka interiordecor
n,11942250234,26.1496756,91.6498114,shop,beauty,verily beauty clinic
n,11942268381,26.1495922,91.6496753,shop,motorcycle_repair,N.B Riders
n,11942279498,26.1503245,91.6509743,shop,furniture,Kamrupa
n,11942284555,26.1501974,91.6508887,shop,tyres,3D wheel aligment
n,11942526147,26.1786541,91.7517329,shop,repair,On Time Servicing
n,11942543750,26.1783357,91.7521177,amenity,restaurant,Bhogjora
n,11942543996,26.1778571,91.7530106,shop,tobacco,Classic
n,11942550333,26.1783773,91.7520841,shop,alcohol,Holy Nexus The Wine Shop
n,11942556359,26.1783479,91.7520978,shop,travel_agency,Anurag Communications
n,11942560718,26.1785253,91.7519315,shop,furniture,Sristhi Sofa Manufacturers
n,11942560994,26.1786613,91.7517473,shop,hardware,Sarala Stores
n,11942561017,26.1783615,91.7520841,shop,repair,Mobile Repairing & Accessories
n,11942561019,26.1783106,91.7521346,shop,dry_cleaning,Monika Dry Cleaners
n,11942561606,26.1786611,91.7517091,shop,stationery,Akash Enterprise
n,11942561608,26.1786987,91.7517169,shop,musical_instrument,Music Planet
n,11942569417,26.1777897,91.7527296,amenity,restaurant,Grapes & Cloves
n,11942569583,26.1785411,91.7518899,shop,electronics,Shree Balaji Traders
n,11942572551,26.1779694,91.7527122,shop,computer,Continental Infotech
n,11942573181,26.1786498,91.7517697,shop,shoes,Relaxo
n,11942573966,26.1780405,91.7524808,shop,appliance,N.E. Refrigeration Co.
n,11942574099,26.1785569,91.7518723,shop,mobile_phone,Intouch
n,11942578901,26.1785124,91.7519523,shop,tea,Kamakhya Tea Trading
n,11942587518,26.1783934,91.7520711,shop,alcohol,Liquor & Bee
n,11942595547,26.1780563,91.7526376,shop,interior_decoration,Anjali Decor
n,11942595683,26.1784875,91.7519839,amenity,restaurant,Upasana Restaurant
n,11942600346,26.1777808,91.7531256,shop,general,Numitsana & Sons Enterprise
n,11942603517,26.1782177,91.7523225,shop,hairdresser,Blunt
n,11942603923,26.1776015,91.7533557,amenity,place_of_worship,Sri Sri Jagganath Mandir
n,11942604634,26.1781051,91.7525944,shop,mobile_phone,Xiaomi
n,11942607010,26.1780822,91.7525594,shop,computer,Laptop Repair & Parts
n,11942607063,26.1778072,91.7527534,shop,hairdresser,Shine
n,11942609292,26.1767242,91.7546577,shop,tobacco,Reliance Pan Shop
n,11942614382,26.1780822,91.7526376,amenity,cafe,Mojo Cafe
n,11942615534,26.1778666,91.7528592,shop,appliance,N.S. Refrigeration
n,11942617632,26.1777286,91.7531689,shop,copyshop,Xerox Color Xerox
n,11942619697,26.1779089,91.7528858,shop,electronics,Elevate Technology
n,11942625984,26.1777358,91.7531929,amenity,fast_food,D Berry's
n,11942626256,26.1777811,91.7527088,amenity,restaurant,Rice Hotel
n,11942632501,26.1777587,91.7531465,shop,clothes,
n,11942638571,26.1778367,91.7530272,shop,general,Mira Store
n,11942638596,26.1775297,91.7534785,shop,electrical,Pradeep Electrical Stores
n,11942638597,26.1775281,91.7534347,shop,clothes,Lakshmi Narayan Store
n,11942644911,26.1777674,91.7531673,shop,general,New Ram Krishna Store
n,11942653125,26.1777103,91.7532016,shop,hairdresser,Majestic
n,11942653150,26.1776787,91.7532768,shop,general,Dey Store
n,11942653172,26.1776101,91.7533093,shop,psychic,Ratna Kuber
n,11942653954,26.1768352,91.7544904,shop,clothes,Red Tape
n,11942655146,26.1777156,91.7532025,shop,hairdresser,Glamojin
n,11942655280,26.1776005,91.7533799,shop,jewelry,Shyam Jewellery
n,11942655433,26.177716,91.7531744,shop,fashion_accessories,Blossom
n,11942655448,26.1774764,91.7535062,shop,computer,Computer Paradise
n,11942655449,26.1774544,91.7535333,shop,repair,J.D. Infotech
n,11942661174,26.1775283,91.7534593,shop,tattoo,Inked
n,11942661443,26.1776873,91.753248,shop,general,Dey Enterprise
n,11942661444,26.1775718,91.7533911,shop,sports,Adidas
n,11942662440,26.176763,91.7545841,shop,computer,Cyber Palace
n,11942671998,26.1775125,91.7535121,shop,baby_goods,Mee Mee
n,11942672349,26.1768482,91.754388,amenity,place_of_worship,Ulubari Mosque
n,11942673157,26.1774831,91.7535941,shop,shoes,Lotto
n,11942676853,26.1768144,91.7545365,amenity,restaurant,The Garden of Eat'n
n,11942677817,26.1767584,91.7545077,shop,chemist,Saihelpon Pharmaceuticals Pvt. Ltd.
n,11942682539,26.1769473,91.7543256,shop,travel_agency,Assam Valley
n,11942682837,26.1775046,91.7535477,amenity,restaurant,Kanglei Kitchen
n,11942684719,26.1773549,91.7536964,amenity,school,Manipuri Basti High School
n,11942685576,26.1767943,91.7545637,shop,hairdresser,Lotus
n,11942695747,26.1770311,91.754228,amenity,fuel,IOCL
n,11942702080,26.1767371,91.7546193,shop,car_repair,Winni Wheels
n,11942702473,26.1767414,91.7545297,shop,hairdresser,New Star
n,11942707070,26.1766352,91.7545601,shop,hairdresser,Elegance
n,11946693056,26.1689638,91.7217904,amenity,restaurant,Kabita Restaurant
n,11946778365,26.1689147,91.7217122,shop,hardware,City Sanitile
n,11946785615,26.1683834,91.7210239,shop,hardware,Arihant Marbles
n,11946792467,26.168097,91.7207368,shop,general,Das Store
n,11946818609,26.1680657,91.7206497,shop,alcohol,Dipu's Wine Shop
n,11946819139,26.1679538,91.7205714,shop,furniture,Vaishnavi Furniture
n,11946819509,26.1692526,91.7223091,amenity,place_of_worship,Shiva Mandir
n,11946819519,26.1672601,91.7197268,shop,motorcycle_repair,Royal Riders
n,11946823569,26.1763531,91.7401253,shop,hardware,Donracks
n,11946834088,26.1688029,91.7216025,shop,hardware,Marble N Marble
n,11946837593,26.1672728,91.7197523,amenity,restaurant,Star Kitchen
n,11946840452,26.1675291,91.7200959,shop,general,Ma Rukmini Agencies
n,11946846130,26.1669113,91.7192314,shop,motorcycle_repair,Babu Motor Works
n,11946853592,26.167527,91.7200627,shop,general,Raja General Store
n,11946853593,26.1673883,91.7198233,shop,car_repair,Grand Auto Engineering Works
n,11946868688,26.1672745,91.7197419,shop,general,Roy Store
n,11946871875,26.1672677,91.7197315,shop,tyres,S. S. Tyres
n,11946892139,26.1670907,91.7194946,shop,hardware,Balaji Enterprise
n,11947558689,26.1766933,91.7546909,shop,general,Cool Center
n,11947563723,26.1766465,91.7547318,shop,computer,Computer Clinic
n,11947564105,26.1766591,91.7547107,shop,computer,RM Infotech
n,11947600240,26.1764962,91.7548403,shop,computer,Asus RoG
n,11947616730,26.1766414,91.7547107,shop,yes,Nitish Cattlefeed
n,11947619581,26.1765127,91.7548938,amenity,bank,Co-Operative City Bank Limited
n,11947623140,26.176625,91.7546971,shop,interior_decoration,STC Wallpaper
n,11947630048,26.1765279,91.7548614,amenity,restaurant,Maa Kamakhya Hotel
n,11947631981,26.1766316,91.7547599,shop,tyres,MRF Tyres
n,11947635846,26.1765076,91.7548332,shop,alcohol,B. T. Wine Shop
n,11947637342,26.1766174,91.7547535,shop,tyres,Zobo Tyres
n,11947637905,26.1766326,91.7547436,shop,tyres,Apollo Tyres
n,11947689535,26.1765126,91.7550531,amenity,restaurant,Netru's Kitchen
n,11947705530,26.1763927,91.7552142,shop,tailor,Rainbow Tailors
n,11947714658,26.1763587,91.755278,shop,general,
n,11947718479,26.1763748,91.755266,shop,general,
n,11947718480,26.1762798,91.7553376,shop,computer,Global Computers
n,11947719789,26.1765094,91.7548701,shop,computer,System & Solution
n,11947726022,26.1764979,91.7550778,amenity,cafe,Krishna Sweets
n,11947728435,26.1763802,91.7552421,shop,general,
n,11947733874,26.1764575,91.7549448,shop,department_store,Vista Mart
n,11947734864,26.1763498,91.7552341,amenity,restaurant,Occasion Restaurant
n,11947750396,26.1762626,91.755326,shop,computer,Jain Computers
n,11947771031,26.1755982,91.7563332,shop,electronics,J.B. Enterprises
n,11947778443,26.1762662,91.7553559,shop,stationery,Stamp N Identiti
n,11947782667,26.1762537,91.7553679,shop,car_parts,Edge
n,11947788016,26.1753211,91.7567716,shop,interior_decoration,Murr Interior
n,11947792167,26.1752871,91.7567815,shop,optician,Green View Optical
n,11948010517,26.1552984,91.7788382,shop,interior_decoration,Crockeries home decor
n,11948015558,26.1562429,91.7778768,shop,clothes,Puma
n,11948029634,26.1551569,91.7789479,shop,optician,Titen world
n,11948034421,26.1558127,91.778366,shop,jewelry,Nandini Jewellers
n,11948039409,26.1552149,91.7789019,shop,clothes,Enamor
n,11948040547,26.1558215,91.7783465,shop,shoes,Bata
n,11948040893,26.1573878,91.776545,shop,bathroom_furnishing,Bath & Sanitary
n,11948042237,26.158353,91.7755367,amenity,bank,HDFC Bank
n,11948047409,26.1568526,91.7772504,shop,electronics,Sony Centre
n,11948072831,26.1590622,91.7748052,amenity,bank,Axis Bank
n,11948081976,26.1578828,91.7759259,shop,jewelry,L. Gopal
n,11948095825,26.1596096,91.7741779,shop,electronics,Star Freeze LG
n,11948096596,26.1616023,91.7719162,shop,clothes,COBB
n,11948106313,26.1598386,91.7739833,amenity,cafe,Cafe MA'A
n,11948106603,26.162045,91.7715223,shop,motorcycle,TVS
n,11948108244,26.1596162,91.7741471,shop,electronics,Sony
n,11948108285,26.1596034,91.77416,shop,mobile_phone,Oppo
n,11951385748,27.4856718,95.3801829,shop,furniture,Nilkamal Matress
n,11951395410,27.4836339,95.3878215,shop,mall,Trends
n,11951396707,27.4847458,95.382333,shop,furniture,Interior Decor
n,11951417020,27.4836623,95.3882973,amenity,fast_food,KFC
n,11951429428,27.4837613,95.3848231,shop,motorcycle,Sai Hero
n,11951437910,27.4847095,95.3824611,shop,tyres,MRF
n,11951446774,27.4845659,95.3827878,shop,motorcycle,Bajaj
n,11951450806,27.4836898,95.3885399,shop,clothes,Pantaloons
n,11951829862,26.1694025,91.763423,amenity,restaurant,Bhogdoi
n,11951829863,26.16927,91.7635447,shop,shoes,ASICS
n,11951830005,26.1688864,91.7639282,shop,jewelry,Jewellery hub
n,11951845693,26.1692384,91.7635722,shop,clothes,Adidas Originals
n,11951847105,26.1693957,91.7634458,shop,clothes,Levi's
n,11951852790,26.1696405,91.7631468,shop,clothes,Biba
n,11951856313,26.1690247,91.7638401,shop,mobile_phone,Vivo
n,11951856793,26.1691398,91.7636456,shop,clothes,W
n,11951945777,26.1551298,91.7789872,shop,optician,Zeiss Vision Center
n,11951950870,26.1552764,91.7788924,shop,hardware,Guwahati Home Solution
n,11951973588,26.7448577,92.0941258,shop,yes,M/S Kalita Enterprise
n,11951985522,26.7448267,92.0937267,shop,clothes,Reshmi Fashion
n,11951985537,26.7449024,92.093758,amenity,restaurant,North Pole Restaurant
n,11951986221,26.7439577,92.0951653,shop,gift,Nandini Gift House
n,11952007963,26.7440344,92.0944971,amenity,restaurant,Bajwi Hotel
n,11952014024,26.7439915,92.0943264,amenity,restaurant,Midland Restaurant
n,11952027212,26.7395658,92.0947824,shop,yes,Vishal Enterprise
n,11952027600,26.7406362,92.095189,shop,alcohol,Kuhelika Wine Bar
n,11952031583,26.7402028,92.0950595,shop,gift,Junmoni Store
n,11952032545,25.5714245,91.8607269,shop,general,BAH PAUL STORE
n,11952042990,26.7377924,92.0943599,shop,yes,Online Service Point
n,11952185665,27.4930135,95.3495752,shop,shoes,Trends Footwear
n,11952187266,27.4922266,95.350386,shop,optician,Lenskart
n,11952189294,27.4917863,95.3508581,amenity,clinic,Life Care
n,11952195356,27.4889036,95.3549016,shop,jewelry,Ganpati Jewellery
n,11952199423,27.4914862,95.3509018,shop,optician,Optical Zone
n,11952200394,27.4912089,95.3513211,shop,yes,Smart Bazaar
n,11952201601,27.4892478,95.3568786,shop,pastry,Black Forest
n,11952201602,27.4893144,95.3569678,shop,jewelry,Gameon Jewellers
n,11952201888,27.4887727,95.3551325,shop,confectionery,Kailash Sweets
n,11952201906,27.4903223,95.3583679,shop,hardware,Shreeram Glass & Decor
n,11952203162,27.4893504,95.3570093,shop,clothes,Killer
n,11952211617,27.4897327,95.3574612,shop,electrical,Polycab
n,11952211618,27.4897509,95.3574839,shop,bathroom_furnishing,Jaguar
n,11952214488,27.4887527,95.3551847,shop,jewelry,Khan Brothers Jewellery
n,11952214489,27.489325,95.3569856,shop,clothes,Jockey
n,11952219123,27.4900703,95.3579753,shop,hardware,Jalan Enterprise
n,11952222808,27.4909806,95.3519234,shop,general,Netai Bhandar
n,11952222809,27.4890369,95.3549343,shop,jewelry,Hafiji Jewel Palace
n,11952223712,27.4888038,95.3550825,shop,hairdresser,Jawed Habib
n,11952232740,27.4899167,95.3577712,shop,furniture,Shree Krishna Store
n,11952232741,27.4900037,95.3578937,shop,copyshop,Xerox
n,11952235205,27.4888404,95.3559616,amenity,clinic,Urban Health Centre
n,11952235210,27.4892899,95.3569254,shop,shoes,Bata
n,11952241618,27.490247,95.3582576,shop,paint,Shyam Sundar and Co.
n,11952241902,27.4897113,95.3574311,shop,furniture,G.M Enterprise
n,11952253489,27.4892637,95.3569008,shop,clothes,Barcelona
n,11952255391,27.4893771,95.3570499,shop,clothes,Turtle
n,11952255641,27.4896907,95.3573945,shop,hardware,Shakti Steels
n,11952257104,27.4897943,95.3575652,shop,agrarian,Tinsukia Krishi Bhandar
n,11952259173,27.4902933,95.358324,shop,hardware,Misra Hardware and Tools
n,11952261593,27.4898626,95.3576561,shop,paint,Express Painting
n,11952268700,27.490172,95.3585858,shop,clothes,Gopal Vastralaya
n,11955105387,26.1612779,91.7724465,shop,cosmetics,Avon
n,11955114286,26.1611506,91.7726121,shop,car,Maruti Suzuki
n,11955120303,26.161211,91.7724424,amenity,restaurant,Pizza Hut
n,11955360558,26.1610151,91.7727245,shop,shoes,Feather Lite
n,11955567854,26.1608031,91.7729966,shop,furniture,Ashoka Furnishings
n,11955604994,26.1603619,91.7735249,amenity,fast_food,J14
n,11955646552,26.1599945,91.7739273,amenity,restaurant,Food Exx
n,11955647055,26.1609889,91.7727187,shop,mall,Ginn & Jony
n,11955657074,26.1601306,91.773792,amenity,restaurant,Kadak Chai
n,11964089172,26.1371018,91.8007012,amenity,restaurant,Rabha Kitchen
n,11971550670,26.352039,92.6906592,amenity,place_of_worship,Ramakrishna mission Nagaon
n,11972192169,26.3523891,92.6885213,amenity,restaurant,Mint leaf restaurant
n,11976551293,24.7421722,93.154748,amenity,police,Leishabithol police outpost
n,11998862676,24.7963164,93.1713886,amenity,police,Leingangpokpi outpost
n,12002165090,26.1296536,91.7975904,amenity,place_of_worship,আদিনাথ শিৱ মন্দিৰ
n,12027960183,26.1557346,91.7790841,amenity,place_of_worship,Dispur Baptist Church
n,12027975910,26.0950539,91.7861454,amenity,bus_station,Basistha Mandir
n,12036556386,26.1271169,90.5695134,amenity,fuel,
n,12051536515,26.6513351,91.3915837,amenity,fuel,
n,12081841056,27.4580349,95.5601249,railway,station,Tingrai
n,12081841057,27.4621395,95.54659,amenity,fuel,
n,12081841061,27.3821246,95.6175003,railway,station,Digboi
n,12081842899,27.285878,95.7075912,railway,station,Bargolai
n,12086052754,27.8818403,95.7468098,amenity,fuel,
n,12089533219,27.4793548,94.9328761,amenity,fuel,
n,12089547380,27.4778622,94.9007841,railway,station,Dibrugarh Town
n,12089656937,27.4557574,95.0100526,amenity,fuel,
n,12090190100,26.8378905,94.4514745,amenity,fuel,
n,12090190106,26.8190657,94.3929407,amenity,fuel,
n,12090192219,26.7745174,94.1922981,amenity,fuel,
n,12090192238,26.715122,93.9737235,amenity,fuel,
n,12090192258,26.6923252,93.9392209,amenity,fuel,
n,12090406669,25.6612742,94.1013839,shop,department_store,Drift Basket
n,12090652553,26.8050619,92.9000664,amenity,fuel,
n,12090652555,26.7480438,93.0476504,railway,station,Niz Chatia
n,12090675524,26.7299013,92.9428285,amenity,fuel,
n,12090939905,26.6228908,92.8477442,amenity,fuel,
n,12091028549,26.6107236,93.4805042,amenity,fuel,
n,12091028558,26.6410913,93.5755911,amenity,fuel,
n,12091028567,26.6406645,93.606859,amenity,fuel,
n,12091028568,26.6396324,93.6115274,amenity,fuel,
n,12091046747,26.5505338,92.8924446,amenity,fuel,
n,12091082073,26.638152,93.6244181,amenity,fuel,
n,12091082085,26.630741,93.6529997,amenity,fuel,
n,12091082298,26.7274553,94.1409029,amenity,fuel,
n,12091082321,26.7322441,94.1493425,amenity,fuel,
n,12091831658,26.652632,94.3081909,railway,station,Mariani Junction
n,12091863421,26.6077331,94.2235297,amenity,fuel,
n,12091863549,26.5296204,94.0503797,amenity,fuel,
n,12091863550,26.5288861,94.0479577,amenity,fuel,
n,12096013703,26.6793365,94.3569854,railway,station,Meleng
n,12097812007,27.1106702,95.1620903,railway,station,Sapekhati
n,12097812012,27.0635781,95.0323418,railway,station,Bhojo
n,12101438061,27.0281263,94.9408681,railway,station,Safrai
n,12101473805,27.1834053,95.1104102,amenity,fuel,
n,12101755001,25.687385,94.1180714,amenity,marketplace,"Ziekezou, DBS colony"
n,12101933201,25.6957695,94.1042413,shop,department_store,"Universal traders, BEITS Plaza"
n,12102228019,27.3673631,95.30665,railway,station,Duliajan
n,12102348025,27.3659076,95.2712864,amenity,fuel,
n,12106426282,27.0876374,94.9333602,amenity,fuel,
n,12106506182,27.1218951,94.932164,amenity,fuel,
n,12106830563,27.0291997,95.035421,amenity,fuel,
n,12106958008,27.3960078,95.9161994,amenity,fuel,
n,12117351376,26.685548,94.2826536,railway,station,Daklongia
n,12122704336,27.1967993,95.3141575,railway,station,Namrup
n,12133563130,27.0704615,94.7496423,railway,station,Kharahat
n,12134441643,27.282388,94.9025738,railway,station,Khowang
n,12134441688,27.2619233,94.898399,amenity,fuel,
n,12134463046,27.4523264,94.7145979,railway,station,Tangni
n,12135461657,26.7031515,93.9744517,amenity,fuel,
n,12135461663,26.6882345,93.9767799,amenity,fuel,
n,12135699591,26.6244997,93.8501863,railway,station,Khumtai
n,12135699596,26.64702,93.8748077,railway,station,Badulipar
n,12135699598,26.6570212,93.918533,railway,station,Rangaliting
n,12135734603,26.299031,94.0992442,amenity,fuel,
n,12144740373,26.9032579,94.7224246,railway,station,Nazira
n,12144804565,26.8480305,94.8001268,amenity,fuel,
n,12144953535,26.8451947,94.8014545,amenity,fuel,
n,12144953548,26.839865,94.8036325,amenity,fuel,
n,12149478467,26.4277177,93.9859276,railway,station,Oating
n,12149545625,26.3417538,93.9220212,railway,station,Bhilgaon
n,12149737195,26.3042308,93.8703686,amenity,fuel,
n,12149855640,25.8447155,92.5721848,amenity,fuel,
n,12150235774,26.0019487,92.8521239,railway,station,Hojai
n,12150235775,26.0018174,92.8519455,railway,station,Hojai
n,12150235778,26.0019592,92.8516602,railway,station,Hojai
n,12155052410,26.332411,92.1608643,amenity,school,Hindu Japari LP School
n,12155052499,26.3312857,92.1641325,amenity,school,Rupahigaon LP School
n,12156186850,26.1393568,92.8058454,amenity,fuel,
n,12156186892,26.1254215,92.8472131,amenity,fuel,
n,12156213453,26.0683965,92.9465407,amenity,fuel,
n,12164228700,26.4290496,93.7754452,amenity,fuel,
n,12166714638,26.1128743,93.038688,amenity,fuel,
n,12169901756,26.3853607,92.2269443,amenity,school,Durga Computer Institute
n,12182993883,24.865057,92.556227,railway,station,Badarpur Junction
n,12182993888,24.8741217,92.5823262,railway,station,Badarpur Ghat
n,12184849467,25.7598149,92.9207982,amenity,fuel,Thousen service station
n,12184952368,25.5580278,93.0934048,railway,station,Dijaobra
n,12194547007,26.7820325,92.7447338,amenity,school,Assam Valley School
n,12195542637,25.3426976,92.4784604,amenity,fuel,
n,12195778748,25.1776702,93.1139052,amenity,fuel,
n,12209522479,24.830302,92.7875689,railway,station,Bhasha Shahid
n,12209522484,24.8309519,92.7922131,amenity,fuel,
n,12209522494,24.8479977,92.7718538,railway,station,New Silchar
n,12209566420,24.8557762,92.7429584,railway,station,Arunachal Junction
n,12210773525,25.872765,92.9101123,amenity,college,"Veer Demalu Memorial College, Lalongdubi"
n,12212518934,26.2836692,91.6637772,amenity,place_of_worship,Borka Puja Khala Prangan
n,12212518937,26.2822578,91.6639777,amenity,college,Borka Satgaon High School
n,12212623196,24.9589449,92.5901529,amenity,fuel,
n,12212722074,24.9461789,92.6269676,amenity,fuel,
n,12212752021,24.9294215,92.7664827,amenity,fuel,
n,12218273432,24.9220831,92.5920814,amenity,fuel,
n,12223116464,24.7933481,93.0243811,amenity,fuel,
n,12228576515,24.8471926,92.4243412,railway,station,Chargola
n,12271118795,24.7986102,93.9392304,amenity,place_of_worship,Sanamahi Laishang
n,12271140132,24.7965042,93.9433006,amenity,place_of_worship,Mongba Hanba Umang
n,12278447100,25.1659955,90.341754,shop,photo,"Musharaf studio, Photography studio"
n,12278510982,25.175002,90.3407583,amenity,place_of_worship,Gobrakura Sthol Bondor Jame Masjid
n,12278516280,25.1789567,90.337209,shop,yes,"Coal businesses point, Barber shop"
n,12278518944,25.1799502,90.340046,shop,wholesale,"Ideal Enterprise, Wholesaler"
n,12288807057,24.8549889,92.5292896,railway,station,Rupasibari
n,12290565692,24.9167936,92.7775079,amenity,hospital,
n,12291256947,25.7121824,94.1061524,amenity,bank,HDFC
n,12291256948,25.7088773,94.1075347,amenity,bank,Axis Bank
n,12291256949,25.7077349,94.1071798,amenity,bank,SBI
n,12291256951,25.7071809,94.1055485,amenity,bank,SBI
n,12291393909,25.6050865,94.1142133,amenity,restaurant,Demori Cove
n,12303088363,24.8223116,92.2883644,railway,station,Maishashan
n,12303098547,24.8222839,92.2884018,railway,station,Maishashan
n,12308501258,24.4567086,92.3181555,amenity,fuel,
n,12326981635,26.1147624,91.8093156,shop,hardware,Vaishali Hardware
n,12327002581,26.1585644,91.6613403,shop,tyres,G.M Tyre
n,12327002582,26.1586378,91.661655,shop,car_repair,11 s Automotive
n,12327002583,26.1586264,91.6615671,amenity,fast_food,Brahmaputra Fast Food & Hotel
n,12327002586,26.1583127,91.6802591,amenity,fast_food,Burger King
n,12327002587,26.1583289,91.6803059,shop,clothes,Crimsoune Club
n,12327002588,26.1583531,91.6802421,shop,shoes,Skechers
n,12327002589,26.1583722,91.680269,shop,clothes,Jockey
n,12327002590,26.1583442,91.6803498,shop,optician,Titan Eye+
n,12327002591,26.158447,91.6811992,shop,tiles,Sanitary Tiles & Hardware
n,12327002593,26.1585826,91.682681,shop,mall,Bazar India
n,12327044491,26.1586486,91.6846244,shop,alcohol,Feelings Wine Shop
n,12327044492,26.1586649,91.6846619,shop,furniture,Saraf Furniture
n,12327044493,26.1586781,91.6848015,shop,furniture,M/S Home Furniture
n,12327044494,26.1588786,91.6873638,shop,optician,New Vision
n,12327044495,26.1588894,91.6877891,shop,shoes,Khadims
n,12327044496,26.1589744,91.6887976,shop,motorcycle,Jai Motors
n,12327044497,26.1590221,91.6891469,amenity,restaurant,Tandoor's
n,12327044498,26.1590359,91.6891637,shop,dry_cleaning,Royal Hanger
n,12327044499,26.1634507,91.7144613,shop,furniture,Furnicity
n,12327044500,26.1642006,91.7154052,shop,car_repair,Maruti Suzuki
n,12329000588,24.8588062,92.4933238,amenity,fuel,
n,12334028339,24.6108239,93.0914785,amenity,police,Borobekra police station
n,12335682236,24.7459471,92.3556393,railway,station,Nilambazar
n,12346971703,24.5700112,92.4098977,railway,station,Ratabari
n,12350379779,26.1623369,91.7494334,shop,supermarket,
n,12350496787,25.8403569,93.4336966,amenity,school,govt boys play ground
n,12350526591,26.40361,90.2705743,shop,supermarket,Daily Market
n,12350527697,26.402252,90.2704146,shop,yes,
n,12350533310,25.8399514,93.4286056,amenity,police,diphu police thana
n,12350533311,25.8391654,93.4294649,amenity,place_of_worship,diphu namghar
n,12350533312,25.8390939,93.430023,shop,household_linen,"dalimi""house"
n,12350533315,25.8368818,93.4304437,amenity,hospital,DMC main entrace gate
n,12350533316,25.8347299,93.4308905,amenity,police,police reserve playground
n,12350533330,25.8394953,93.429105,shop,yes,babu pujari stationary shop
n,12350546515,27.0241031,95.009985,amenity,cafe,MOMOMIA CAFE
n,12350546613,27.0267817,95.0203495,shop,supermarket,HARDWERE STORE
n,12350546614,27.0259457,95.0148157,amenity,restaurant,AMAR SAH HOTEL
n,12350546615,27.0263201,95.0169442,amenity,cafe,FOOD BASKET
n,12350546743,27.0249865,95.0106284,shop,supermarket,KRIYANMOYEE SHOP
n,12350937111,26.1195385,91.7983532,amenity,fast_food,Darjeeling Momo
n,12350937127,26.1419841,91.7864615,amenity,restaurant,al zaika
n,12350937128,26.142216,91.7865747,amenity,restaurant,kolkata biryani house
n,12350937134,26.1413488,91.7862804,shop,florist,flower shop
n,12350937139,26.1369342,91.7851472,amenity,fast_food,fastfood
n,12350937140,26.1369174,91.7849954,shop,butcher,meat shop
n,12350937142,26.1402441,91.7860905,amenity,cafe,7th heaven
n,12353339788,26.1292317,91.80841,amenity,cafe,Cafe1
n,12353339798,26.1236911,91.7488137,amenity,cafe,Sawkuchi1
n,12353533291,27.0250541,95.0119764,amenity,place_of_worship,SONARI BORNAAMGHOR
n,12353534046,25.5888792,91.8772578,amenity,school,Seng Khasi School
n,12353534214,25.5887524,91.8794795,amenity,school,
n,12353534257,25.5919283,91.881485,amenity,school,
n,12353534279,25.593274,91.883659,amenity,school,
n,12353534551,25.5820909,91.8872247,amenity,marketplace,
n,12353541265,26.1183012,91.9653732,amenity,fuel,indian oil
n,12353541387,26.1249204,91.9582214,amenity,college,sonapur college
n,12353541400,26.1183601,91.9623083,amenity,school,KMC School
n,12353541524,26.1177466,91.9736978,shop,tobacco,shopon pan shop
n,12353541529,26.1194074,91.9723182,amenity,place_of_worship,shiv mandir
n,12353541530,26.11934,91.9722806,amenity,fast_food,
n,12353541646,26.1173477,91.9750858,amenity,place_of_worship,kali mandir
n,12353846749,27.4852187,95.3508836,amenity,place_of_worship,Gurudwara
n,12353852124,27.4825947,95.3429761,amenity,fuel,Indian Oil Gas Station
n,12353852242,27.470808,95.3365782,amenity,college,TINSUKIA COMMERCE COLLEGE
n,12353852257,27.4738149,95.3436331,amenity,school,Jatiya Vidyalaya
n,12353862762,27.3841166,95.3587366,amenity,cafe,
n,12353862773,27.3778572,95.3782523,amenity,place_of_worship,
n,12358670077,24.581089,92.4660981,amenity,fuel,
n,12377117643,24.6405457,92.3239504,railway,station,Kanaibazar
n,12378520185,26.1003645,91.8451331,amenity,college,University of Science and Technology Meghalaya
n,12421171128,26.4482273,91.446547,amenity,cafe,CHIT CHAAT CAFFE
n,12430460501,25.6684695,94.1059422,amenity,bank,Bandhan Bank Kohima
n,12442399668,24.4067471,92.5550187,amenity,fuel,
n,12442401956,24.3184824,92.5279312,railway,station,Jamira
n,12442484605,24.5662035,92.5950633,amenity,fuel,
n,12450375579,25.3873407,91.584585,amenity,school,Ponkung Church of God Higher Secondary School
n,12450442918,25.3872172,91.5824257,amenity,cafe,Endor Bakery and Cafe
n,12450456109,25.3875733,91.5849257,amenity,place_of_worship,
n,12450459404,25.5222181,91.7978592,amenity,fuel,
n,12451667827,24.6106514,92.3221278,railway,station,Patharkandi
n,12451813140,24.4337328,92.2414357,railway,station,Churaibari
n,12451813157,24.4685199,92.2463883,railway,halt,Kathaltali Halt
n,12451844203,24.369978,92.1699319,railway,station,Dharmanagar
n,12451844313,24.4887616,92.2719126,railway,station,Tilbhum
n,12451844314,24.4887927,92.2718768,railway,station,Tilbhum
n,12451844755,24.5806377,92.2954645,railway,station,Kalkalighat
n,12452523960,26.7072897,94.2461034,amenity,bank,Canara Bank
n,12453615769,24.8562143,92.6156299,amenity,fuel,
n,12460840719,25.2293351,91.5625247,shop,clothes,
n,12460866534,25.2293163,91.5625051,shop,convenience,
n,12460869839,25.4645432,91.7665937,amenity,school,
n,12460869840,25.4082822,91.6618027,amenity,school,Tyrsad Higher Secondary School
n,12460882979,25.2293733,91.5624766,amenity,restaurant,
n,12460885295,25.230071,91.5621695,amenity,school,Mawlybgna Senkhasi U.P. School
n,12460885820,25.4591293,91.8264596,amenity,place_of_worship,
n,12460889998,25.2296505,91.562575,shop,clothes,
n,12460896378,25.2293897,91.5625371,shop,clothes,
n,12460898580,25.2293597,91.5625308,shop,shoes,
n,12461978699,25.2508655,91.6721826,amenity,cafe,
n,12461978700,25.2515615,91.9557641,amenity,restaurant,Peit Them
n,12462035169,25.1699082,91.6919619,amenity,hospital,Ichamati Community Health Center
n,12462035170,25.4458601,91.8400529,amenity,place_of_worship,
n,12462035171,25.185419,92.0198828,amenity,restaurant,
n,12462037718,25.2686117,91.9479543,shop,tyres,Scrap
n,12462048587,25.3808715,91.8638169,amenity,school,
n,12462059097,25.2501059,91.6712462,amenity,place_of_worship,
n,12462063285,25.242941,91.8916908,amenity,school,L.P. School Shiliangjashar
n,12462063735,25.1890795,92.0073039,shop,car_repair,
n,12462065320,25.4325143,91.7994228,amenity,place_of_worship,
n,12462536482,25.2849481,91.7215797,amenity,restaurant,Iew Sohra
n,12462549028,25.2429064,91.8914807,amenity,kindergarten,Anganawadi
n,12462558093,25.4906866,91.8061841,amenity,school,
n,12462561139,25.2849621,91.7215688,amenity,restaurant,Aicylian Tariang Raindrop Restaurant
n,12462563185,25.4911457,91.7905821,amenity,place_of_worship,Mawrwling Presbetarian Church
n,12462563221,25.1855794,92.0243421,shop,tyres,
n,12462563735,25.2848946,91.7214199,amenity,marketplace,
n,12462567019,25.2846449,91.7221028,amenity,place_of_worship,Sohratwa Presbyterian Church
n,12462567269,25.4955617,91.7897539,amenity,school,Saint Vincent's RCLP School
n,12465320860,25.5063863,91.8566336,amenity,school,Valley View Higher Secondary School
n,12465323408,26.176383,91.7340059,amenity,school,
n,12465338153,25.5704786,91.8944137,amenity,cafe,Baking Leaven
n,12465345707,25.5456316,91.9032913,shop,tyres,
n,12465345801,25.5497206,91.9076258,amenity,fuel,
n,12470636101,26.1035923,91.797421,amenity,hospital,151 Base Hospital
n,12473296804,24.9136989,94.1290783,amenity,police,Yaingangpokpi PS
n,12473749867,24.8324208,92.6321531,amenity,marketplace,Katakhal Bazaar
n,12484131101,26.1654563,91.7169151,amenity,place_of_worship,Viswakarma temple
n,12543058301,25.9017878,93.7342476,shop,convenience,Reliance Trends
n,12543058801,25.9014181,93.7344702,shop,department_store,Reliance Smart Point
n,12558481702,25.5145013,94.1360744,amenity,police,Tourist Registration Checkpoint
n,12595567700,26.1803582,91.7593054,shop,electronics,H.R Electronic store
n,12595597773,26.1807098,91.7591928,amenity,place_of_worship,islampur masjid and madrassa
n,12595608038,26.180653,91.7597129,shop,fashion_accessories,tora khasgir fashion foundation
n,12595612592,26.1814459,91.7598722,amenity,place_of_worship,"Islampur majid,guwahati club"
n,12595623490,26.1806796,91.7603899,amenity,doctors,computer docter(SHAKIL)
n,12595651177,26.1797779,91.7600074,shop,yes,Asif pan shop
n,12595661084,26.1807389,91.7616096,shop,beauty,geeti beauty parlour
n,12595661224,26.1804298,91.7606295,shop,mall,kashmiri shawl store
n,12595670032,26.1805785,91.7615931,shop,video,assam video light
n,12595673786,26.1810748,91.7606739,shop,mall,crown handloom khadi
n,12595682322,26.1806587,91.7605986,shop,mall,nisha sarmah
n,12595714597,26.1782855,91.7565804,shop,yes,das photostat center
n,12595718038,26.1814678,91.7618754,shop,yes,fazar fish shop
n,12595719698,26.179558,91.7563451,shop,general,digital store
n,12595723614,26.181356,91.7611879,shop,variety_store,arti store
n,12595724058,26.1814864,91.7614234,shop,yes,xonbhiyar adda
n,12595738342,26.1813515,91.7614369,shop,yes,hot and fresh
n,12595765516,26.1780599,91.7566493,shop,beauty,R.coudhary family parlour
n,12595765518,26.1780065,91.7566162,shop,books,heritage books home delivery of books
n,12595769731,26.1796079,91.7561857,amenity,university,tyagbir hem barua shisu seva mandir
n,12595787657,26.1793813,91.7562032,shop,yes,mayank sports (stortswear store)
n,12595789510,26.179217,91.7563076,shop,yes,king sports
n,12595801990,26.1777913,91.7566724,shop,yes,J.B.mobile hospital shop
n,12595819577,26.1772689,91.7568555,shop,yes,Exide care -M/S SSBattery service
n,12595821501,26.1779694,91.7566013,shop,yes,swastik colours
n,12595828612,26.1760563,91.757141,shop,yes,COSCO SPORTS N FITNESS ( PASSION SHOPPE )
n,12595837689,26.1770596,91.757011,amenity,university,choudhary classes
n,12595842020,26.1773891,91.7567844,shop,yes,digiwork solutions
n,12595857846,26.1766426,91.7570358,shop,yes,habun surgicals
n,12595857901,26.1771086,91.7569349,shop,hairdresser,new reyaz hair clinic
n,12595857927,26.1763917,91.7568637,shop,yes,Speedo Exclusive Store
n,12595861969,26.1764867,91.7569911,shop,yes,MARSHAL INDIA(GARIMA GRAND)
n,12595878943,26.1762864,91.757087,amenity,college,IFB Industries Limited-guwahati
n,12595890836,26.1758085,91.7571658,shop,beauty,Monalisa Herbal Beauty Clinic
n,12626558153,24.9788758,93.9664357,amenity,place_of_worship,Kongba Maru
n,12651112924,26.1189284,91.8225255,amenity,bus_station,Inter State Bus Terminal - ISBT Khanapara
n,12651661134,27.2709922,94.0882769,amenity,bus_station,Inter State Bus Terminal - ISBT North Lakhimpur
n,12658509202,26.1406901,91.6802214,amenity,school,"Heritage Public School, Gotanagar"
n,12663257844,26.5734995,93.7745599,amenity,college,VKNRL School Of Nursing
n,12767887301,26.3555646,92.6869609,amenity,clinic,Brahmaputra Eye care clinic
n,12768615502,26.3533881,92.6878993,shop,shoes,Bata
n,12769639308,26.2108215,93.0423422,amenity,restaurant,Dikrut Sarpo Aboha Restaurant
n,12771272701,25.9698434,93.4366673,amenity,restaurant,Ganesh Hotel
n,12776788878,26.184537,91.7678701,shop,curtain,AAYAT HOME DECOR
n,12776788879,26.1843517,91.7669533,shop,furniture,ALISHAN GHAR
n,12778201163,25.2052554,93.1447144,railway,station,Phiding
n,12784886719,24.7590345,93.346961,amenity,police,
n,12794521651,25.1940129,90.2159133,amenity,place_of_worship,"Nakugaon Jame Masjid, Mosque"
n,12794611392,25.2006423,90.2234503,amenity,place_of_worship,"Radha Krishna Mandir, Hindu temple"
n,12794616359,25.1988603,90.2223496,amenity,place_of_worship,"Nakugaon Uttorpara Jama Mosjid, Mosque"
n,12797686159,25.1932065,90.2158367,shop,yes,"Ms. Rabbani Store, General store"
n,12797704044,25.1942823,90.2168447,shop,yes,M/S Abir Tredars
n,12809375710,25.2008996,90.1850064,amenity,hospital,Christian Mission Hospital
n,12809377915,25.2014109,90.1861665,amenity,place_of_worship,"Baromari Mission, Church"
n,12811458724,25.2176821,90.1392403,amenity,place_of_worship,"Bura Vastu Mandir, Hindu temple"
n,12811504284,25.1844008,90.3178076,amenity,place_of_worship,Karaitala Mosque
n,12811510344,25.1736612,90.3220656,amenity,school,"Shadhakura Child Care Kindergarten, School"
n,12811512871,25.175712,90.3219546,amenity,kindergarten,"Prativa Model Academy And High School, Kindergarten"
n,12811512983,25.1795679,90.3320205,amenity,place_of_worship,"Laxmikura jame masjid, Mosque"
n,12811513088,25.2067923,90.163331,amenity,place_of_worship,"Kalapani Jame Masjid, Mosque"
n,12811521208,25.1846976,90.2930224,amenity,place_of_worship,"Jame Masjid, Mosque"
n,12811521215,25.1706937,90.3323527,amenity,school,"Ekmattra-Dutch-Bangla Bank Academy, School"
n,12811530100,25.2171778,90.1391701,amenity,place_of_worship,"Kali Mandir, Hindu temple"
n,12811530529,25.1889347,90.2391381,amenity,restaurant,"Baishakhi Bazar Hotel, Restaurant"
n,12811534036,25.175806,90.3206646,amenity,school,"Mazrakura High School, School"
n,12811539517,25.1897722,90.2376994,amenity,school,"Simanto Primary And HIgh School, Primary school"
n,12811542753,25.1742359,90.3315764,amenity,school,"Lokkhikura Primary School, School"
n,12811547839,25.1785647,90.3281722,amenity,place_of_worship,"Laxmikura Ahle Hadith Jame Masjid, Mosque"
n,12811553219,25.1719084,90.3326055,shop,tea,"Rasel Tea Store, Tea store"
n,12811553221,25.1891346,90.2384476,amenity,place_of_worship,"Boisakhi Bazar Jame Mosjid, Mosque"
n,12811553742,25.1756687,90.32297,amenity,marketplace,Laxmikura Shahid Zia Bazar
n,12811560424,25.1833289,90.2712672,amenity,college,"M.A. KARIM BIGGAN COLLEGE, College"
n,12811561266,25.184693,90.2916649,amenity,place_of_worship,"Askipara Jame Mosjid, Mosque"
n,12811561267,25.1841489,90.27863,amenity,school,"Darul ulum siddike akbar (ra) madrasa, School"
n,12811562901,25.1891733,90.2385701,amenity,marketplace,"Boishaki Kachabazar, Market"
n,12811562902,25.1843113,90.2835677,amenity,place_of_worship,"Telikhali Jame Mosjid, Mosque"
n,12811570931,25.1907599,90.2571096,amenity,place_of_worship,"Sadhu Andiyar Mission, Shanti Dham, Church"
n,12813845384,26.5890583,93.3994097,shop,tea,The Tea Cove
n,12814035653,25.176652,90.3206009,shop,tea,"Maa General Store, Tea store"
n,12814035662,25.1825786,90.3038273,amenity,place_of_worship,"Mahishleti Baitus Salam Jame Masjid, Mosque"
n,12814055949,25.1776903,90.2861603,amenity,school,"Askipra Primay School, School"
n,12814060532,25.1827683,90.2876943,amenity,place_of_worship,"Askipara Mondir, Hindu temple"
n,12814076482,25.1800326,90.2779333,amenity,place_of_worship,"Purbo Bharariakona Jame Masjid, Mosque"
n,12814077936,25.1829669,90.3017686,amenity,place_of_worship,"Mohish Leti Dakhil Madrasah, Mosque"
n,12814081564,25.1730302,90.3130557,amenity,place_of_worship,"Kumargati River Bank Iman Ali Jame Masjid, Mosque"
n,12814086350,25.1766839,90.3204893,shop,car_repair,"Jasim Auto Workshop, Auto parts store"
n,12814106512,25.1783432,90.277802,amenity,school,"Jamgarh Primary School, School"
n,12814113706,25.1840745,90.2522266,amenity,place_of_worship,"Mayaghasi Bangla turn Jame Mosque, Mosque"
n,12814130106,25.1886146,90.2371783,shop,agrarian,"Yamin Agro Farm, Farm"
n,12814131004,25.189879,90.232877,shop,yes,"Lalchan Store, Home goods store"
n,12814144320,25.1828325,90.2715116,amenity,place_of_worship,"Uttar Varaliakuna Jame Mosjid, Mosque"
n,12814146213,25.1827032,90.268201,amenity,place_of_worship,"Rangampara Jame Masjid, Mosque"
n,12814909364,26.6277256,92.7921149,amenity,restaurant,Khai Sang খাই চাং
n,12828551818,26.3645041,94.9359338,amenity,place_of_worship,
n,12861069073,26.1361503,91.755338,shop,general,
n,12861069074,26.1359375,91.7559288,shop,general,
n,12864743727,25.3494416,92.1609212,shop,ticket,
n,12864745527,25.2999897,91.7263492,shop,ticket,
n,12896079566,26.1080131,90.3635233,amenity,place_of_worship,Sowari poitari Masjid
n,12896098270,26.107482,90.3634239,amenity,school,KOREA LP School
n,12896178328,26.1059289,90.3621005,shop,convenience,Shanaur Store
n,12896431101,25.6591266,94.1044802,amenity,place_of_worship,"Shiv Nepali Mandir, Chandmari"
n,12897088964,26.1033758,90.3738902,amenity,marketplace,Sowari Poitari Bazar
n,12897944628,26.1020965,90.423174,amenity,college,West Goalpara College
n,12898019408,26.1110434,90.3529641,amenity,place_of_worship,Joybhum Kamakhya Mandir
n,12961098521,26.6287267,94.5064603,amenity,place_of_worship,Aonokpu Baptist Church
n,12963815576,26.1222258,91.8106138,shop,books,D.S. Books Corner
n,12963815577,26.1221682,91.8113531,amenity,restaurant,Abhijit Hotel
n,12969139197,26.1804228,91.7390873,amenity,restaurant,Thacker
n,12969139198,26.1804551,91.7391616,amenity,marketplace,Shriji Point
n,12969172715,26.172824,91.7570757,shop,electronics,MB Solution
n,12969172716,26.173102,91.7571585,shop,medical_supply,JYOTI MEDICARE
n,12969172717,26.1736263,91.7573331,shop,department_store,M.B Store
n,12969266125,26.1741311,91.757547,shop,yes,Jai Maatadi Panshop
n,12969266629,26.1749424,91.7595059,shop,chemist,Medicine House
n,12969266630,26.1749547,91.7594629,shop,gift,Sparkles
n,12969284826,26.1749535,91.7594934,shop,copyshop,Raju Internet
n,12969284827,26.1749216,91.7594157,shop,convenience,Tara Store
n,12969284828,26.1749169,91.7593411,shop,electronics,Star Electronics
n,12969284829,26.1749208,91.759295,shop,dairy,Sumaya Kazi Egg Centre
n,12969290344,26.1738256,91.7772006,shop,toys,Me n Moms
n,12969290345,26.1736099,91.7772482,shop,electrical,Balaji Timber
n,12969290346,26.1735491,91.7772887,shop,general,IFB POINT
n,12969290348,26.173476,91.7772968,shop,bakery,Guwahati Bakery
n,12969290350,26.1732343,91.777406,amenity,fuel,Indian Oil
n,12969290353,26.172443,91.7776855,shop,cosmetics,SCULPT
n,12969290354,26.1724011,91.7776968,shop,hairdresser,RHYS
n,12969290355,26.172434,91.777646,shop,wholesale,Deo Dap
n,12969290356,26.1723993,91.777648,shop,bakery,FREZA'S
n,12969290357,26.1720995,91.7778099,shop,hairdresser,AWENIC
n,12969290359,26.1720213,91.7778927,shop,medical_supply,RASS CRYOGENICS
n,12969290360,26.1720213,91.7778561,shop,clothes,JAYASHREE'S LADIES WARE
n,12969290362,26.1717777,91.7778779,shop,laundry,CLEAN
n,12969290363,26.1717217,91.7778876,amenity,cafe,Chai Time
n,12969290364,26.1713709,91.7780124,shop,clothes,GARAGE
n,12969295181,26.1562118,91.789458,shop,tyres,Bike Xpart
n,12969295190,26.156746,91.7893356,shop,hairdresser,BINAY BEAUTY SALOON
n,12969295191,26.1570053,91.7890709,shop,convenience,ESSANAT STORE
n,12969295192,26.1570445,91.7890654,shop,jewelry,R.B.JJEWELLERY
n,12969295193,26.1571148,91.7891022,shop,tailor,ANJANA FEBRIC
n,12969295194,26.1571582,91.789075,shop,gift,M/S K.K ENTERPRISE
n,12969295195,26.1571902,91.7890611,shop,general,DEKA STORE
n,12969295196,26.1572353,91.7890263,shop,electronics,KRIYANSH STORE
n,12969295197,26.1575928,91.788774,shop,garden_centre,GREEN LEAF NURSERY
n,12969295198,26.1576957,91.7887397,shop,convenience,AIJYOI
n,12969295199,26.1577848,91.788686,shop,tailor,RAKESH GARMENT
n,12969295200,26.157822,91.7886725,amenity,fast_food,FAST FOOD
n,12969334562,26.1599076,91.7870764,shop,convenience,kolita store
n,12969334563,26.1598468,91.787143,shop,hairdresser,Beauty hair cutting saloon
n,12969334564,26.159817,91.7871642,shop,beauty,Golapi's beauty parlour
n,12969334566,26.15951,91.7874095,shop,convenience,TRISHNA store
n,12969334568,26.1592073,91.7877716,shop,general,Gitartha's kreation
n,12969334570,26.1589357,91.7881035,amenity,school,japorigog primary school
n,12969334571,26.1588203,91.788227,shop,general,Bhaijan tent house
n,12969334572,26.1588033,91.7882522,shop,gift,Bhaijan gift house
n,12969334574,26.1586927,91.7882644,shop,tailor,usha ladies tailor
n,12969334575,26.1585768,91.7882872,shop,general,aabharon
n,12969334577,26.1583968,91.7884384,shop,general,hujuri traders
n,12969334578,26.1583529,91.7884665,shop,furniture,furnishing point
n,12969334579,26.1583229,91.7884954,shop,general,meat shop
n,12969334580,26.1580987,91.7886284,shop,books,bharali's book store
n,12969334581,26.1580597,91.7886462,shop,yes,arunav communication
n,12969334582,26.1579731,91.7887007,shop,electronics,S.S electricals
n,12969334583,26.1579497,91.788703,shop,general,choudhuri store
n,12969334584,26.1579405,91.7887068,shop,general,binayak store
n,12969334585,26.1578739,91.7887404,shop,tailor,alimpika tailor
n,12969334586,26.1578607,91.7888288,amenity,school,Pragati jatiya vidyalaya
n,12969334588,26.1577629,91.7887981,shop,general,sharma store
n,12969334589,26.1577501,91.7888036,shop,lighting,Dalime light
n,12969335336,26.1748245,91.7607574,shop,convenience,Royal Groups
n,12969335337,26.1748269,91.7611365,shop,chemist,Shah Homoeo Pharmacy
n,12969335338,26.1748214,91.7604386,shop,chemist,New R.C Medichal
n,12969335339,26.1748315,91.7603438,shop,chemist,M/S DIPALI MEDICAL
n,12969335340,26.1748482,91.7603,shop,hardware,Seikh Hardwere
n,12969335342,26.1748845,91.7603747,shop,yes,kalita pan shop
n,12969335343,26.1748763,91.7603273,shop,tailor,Marami Ladies Tailors
n,12969339801,26.1582853,91.7883782,shop,convenience,B.R STORE
n,12969339802,26.1583478,91.7883207,shop,general,TRIPTI PAN VANDAR
n,12969339803,26.1583942,91.7883005,shop,general,MAA MANASHA STORE
n,12969339804,26.1584175,91.7882827,shop,mobile_phone,M.K.MOBILE STORE
n,12969339805,26.1584575,91.7882394,shop,gift,H.M.D
n,12969339806,26.1584849,91.7882238,shop,hairdresser,BIPIN STYLE ZONE
n,12969339807,26.1585545,91.7881466,shop,gas,INDANE
n,12969339808,26.1586684,91.7880357,shop,motorcycle_repair,D.A AUTOMOBILES
n,12969339809,26.1588091,91.7879279,shop,general,LAKSHMI STORE
n,12969339810,26.1596147,91.7872225,shop,hairdresser,BOMBAY HAIR CUTTING SALON
n,12969366942,26.1605025,91.7863041,amenity,restaurant,BUDDHA'S KITCHEN
n,12969366947,26.161182,91.7851158,shop,general,P.D ENTERPRISE
n,12969366948,26.1612377,91.7849845,shop,tea,NEIZLY
n,12969373956,26.1814323,91.7404039,shop,watches,Globel Watch Co.
n,12969373958,26.1814809,91.7404298,shop,shoes,Padashathi
n,12969373959,26.1815336,91.7404494,shop,shoes,Philips
n,12969373960,26.1815757,91.7404656,amenity,marketplace,F N Market
n,12969373962,26.1816507,91.7405291,shop,optician,S.S. Opticals
n,12969373963,26.1816844,91.7405608,shop,clothes,Sankardev Silkhous
n,12969373965,26.1817057,91.7405706,shop,clothes,Dulhan
n,12969373966,26.1817529,91.7405856,shop,clothes,Savera
n,12969373967,26.1816257,91.7404942,shop,clothes,Sheela Plaza
n,12969373969,26.1817301,91.7405769,amenity,place_of_worship,Gurudwara
n,12969377961,26.1570777,91.7892663,amenity,school,sprinkle public school
n,12969377962,26.1570172,91.7893103,shop,beauty,Blue shine beauty parlour
n,12969377964,26.1567576,91.789454,shop,general,kamakhya associates
n,12969377967,26.1563731,91.7897854,amenity,school,Holy mount play school
n,12969377969,26.1561583,91.7899519,shop,motorcycle_repair,yamaha repair shop
n,12969377971,26.1554937,91.7904719,shop,general,rangali sweet & snackes
n,12969377973,26.1554971,91.7906405,shop,gift,shree ganesh gift
n,12969377974,26.1553877,91.7906211,shop,general,jiban store PATANJALI
n,12969377975,26.1553486,91.7906048,shop,general,S.K. pan bhandar
n,12969377976,26.1552114,91.7907814,shop,general,joy guru store
n,12969377978,26.1548241,91.7910221,amenity,restaurant,Aronai ishing
n,12969377979,26.1548016,91.7910283,amenity,restaurant,feel hungry restaurant
n,12969378051,26.1751203,91.7596242,shop,tailor,Muskan Tailors
n,12969378054,26.175126,91.7594313,shop,yes,Amar Store
n,12969378057,26.1750485,91.7590816,shop,repair,J.A Mobile Repair
n,12969384286,26.1554672,91.7902249,shop,printing,CSC CENTRE
n,12969384288,26.1553782,91.7900985,shop,shoes,NEW ASSAM COMMERCIAL
n,12969385105,26.183182,91.7408211,amenity,fast_food,Khubchand & Sons
n,12969385106,26.183218,91.7409277,shop,clothes,Sualkuchi Baishya Silk Emporium
n,12969385107,26.1832346,91.7410476,shop,clothes,Silkalay
n,12969385108,26.1834248,91.7415431,amenity,school,Pragjyotish English Higher Secondary School
n,12969385110,26.18345,91.7418555,shop,jewelry,Mohini Jwellers
n,12969385111,26.1834334,91.7418725,shop,tailor,H.M. Tailors
n,12969385112,26.1832702,91.7419145,shop,gift,Horizon
n,12969385113,26.1830017,91.7420244,shop,shoes,S.F Footwear
n,12969385114,26.1828617,91.7420594,shop,shoes,Hundi Footwear
n,12969404766,26.1826122,91.742119,shop,shoes,Global Footwear
n,12969404767,26.1825636,91.7421514,shop,shoes,J.K. Trading
n,12969404768,26.1825317,91.7421773,shop,shoes,Wasim & Co.
n,12969404769,26.1823019,91.7422769,shop,shoes,Janab Footwear
n,12969404770,26.1821147,91.7423414,amenity,restaurant,N.U. Eat At Turns
n,12969418411,26.1677326,91.7700323,shop,laundry,BINDU LAUNDRY
n,12969418413,26.1676704,91.7700125,shop,convenience,
n,12969418414,26.1675947,91.7699839,shop,convenience,
n,12969418415,26.1675339,91.7699751,shop,convenience,BARMAN STORE
n,12969418417,26.1674401,91.7699685,shop,convenience,
n,12969418418,26.1673926,91.7699537,shop,yes,
n,12969418419,26.1673935,91.7699531,shop,convenience,KAMAKHYA ENTERPRISE
n,12969418420,26.1671597,91.7695579,shop,hardware,MOU TRADERS
n,12969418421,26.1671688,91.7695258,shop,yes,NORTHEAST FOR YOU
n,12969418422,26.1671664,91.7694923,shop,hairdresser,STYLE N SCISSORS
n,12969418423,26.167183,91.7694236,shop,yes,RADHIKA SWEETS
n,12969418426,26.1672739,91.7691458,shop,stationery,SUKANYAA
n,12969418427,26.1673428,91.7691659,shop,mall,
n,12969418428,26.1675088,91.7693117,amenity,place_of_worship,SRIMANTRO SANKARDEV NAMGHAR
n,12969418429,26.1676143,91.7693628,shop,car_parts,THE WHEEL ZONE
n,12969418430,26.167653,91.7694004,shop,printing,ANNESSHAN PUBLICATION
n,12969418431,26.1676807,91.7694125,shop,medical_supply,ROYAL PHARMACY
n,12969418432,26.1678446,91.7694743,shop,optician,AMAYA VISION CARE
n,12969418433,26.1678717,91.769487,amenity,clinic,DAMODAR HOMOEO CLINIC
n,12969418434,26.1679172,91.7695065,amenity,clinic,AUDIO CARE
n,12969418435,26.1679653,91.7695353,shop,optician,SIGHT FIRST
n,12969418437,26.1680188,91.7695699,shop,hardware,JINDAL PANTHER STEEL MART
n,12969418438,26.1680953,91.7696052,shop,hairdresser,RADLON UNISEX SALON
n,12969418441,26.1685866,91.7698337,shop,tailor,J.TAILOR
n,12969418442,26.1686129,91.7698403,shop,tea,GAYATRI PAAN AND TEA STALL
n,12969418443,26.1687053,91.7698812,amenity,restaurant,MAA RESTAURANT
n,12969418444,26.168939,91.7699907,shop,electronics,HAVELLS
n,12969418445,26.1689757,91.7700024,shop,hairdresser,TANIYA GENTS SALOON
n,12969418446,26.1689995,91.770014,shop,stell,M/S BISWAKARMA FEBRICATION
n,12969418447,26.169091,91.7700568,shop,convenience,BALAJI STORE
n,12969418448,26.1691254,91.770073,shop,electronics,ELECTRICALS
n,12969418449,26.1691414,91.7700824,shop,yes,N.N TENT HOUSE
n,12969418450,26.1693828,91.7701921,shop,yes,BADSHA BIKE MOTORS WORKSHOP
n,12969418451,26.1694416,91.7702102,shop,butcher,FRESH MUTTON AND CHICKEN
n,12969418452,26.1700757,91.7704805,shop,fast_food,ADORONI MINI FAST FOOD
n,12969418453,26.1701026,91.7704979,shop,yes,ANNU'S STORE
n,12969418454,26.1701244,91.7705136,shop,hairdresser,BIKASH HAIR DRESSER
n,12969418455,26.1701533,91.7705226,shop,yes,JUNAKI STORE
n,12969418456,26.1701673,91.7705259,shop,xerox,XEROX ONLINE
n,12969418458,26.1706335,91.7707433,shop,yes,DURGS TRADERS
n,12969418459,26.1706739,91.7707616,shop,hardware,SHREE DURGA TRADERS
n,12970276928,26.1553323,91.7899977,amenity,doctors,DOCTOR'S CHAMBER
n,12970276930,26.1552621,91.7899675,shop,general,DEBANSHU PAN SHOP
n,12970276931,26.1552152,91.7899308,amenity,clinic,Ahmed homoeo clinic
n,12970276932,26.155205,91.7899124,shop,general,Das Traders
n,12970716162,26.1553141,91.7902468,shop,convenience,prabha bhandar
n,12970716163,26.1552996,91.7902128,shop,electronics,s.k. radhikas electronics
n,12970716164,26.1552945,91.7901974,shop,jewelry,rajlakhmi jewellary
n,12970716165,26.1552814,91.7901743,amenity,restaurant,jonak kitchen
n,12970716168,26.1551725,91.7900856,shop,electronics,ran electrical
n,12970716169,26.155092,91.7899987,shop,hairdresser,your salon
n,12970716170,26.1547158,91.7897943,amenity,place_of_worship,durga mandir
n,12970716171,26.1539783,91.7890923,shop,convenience,shop
n,12970716172,26.153953,91.7890852,shop,gift,gift plaza
n,12970716174,26.1536638,91.7888086,shop,tailor,geetanjalee tailoring
n,12970716175,26.1536474,91.7887826,shop,bakery,bake story
n,12970716177,26.1536465,91.7887704,shop,hairdresser,new look salon
n,12970716178,26.1536225,91.7887339,shop,gas,tamanna gas service
n,12970716179,26.1536156,91.7887202,shop,hairdresser,hair replacement center
n,12970716181,26.1535912,91.7886685,shop,clothes,popular collection
n,12970716182,26.1535477,91.788643,shop,hairdresser,ladies beauty parlour
n,12970716183,26.1535055,91.7886096,shop,wine,day & night wine shop
n,12970716185,26.1531174,91.7883763,shop,electronics,maa electricals
n,12970716186,26.1531164,91.7883509,shop,tailor,priya ledies tailoring
n,12970716187,26.1531183,91.7883254,shop,yes,dhon chicken shop
n,12970716188,26.1530937,91.7882916,shop,yes,fish shop
n,12970716189,26.1529948,91.7882344,shop,tattoo,mirror beauty parlour & tattoo
n,12970716191,26.1529725,91.7881941,shop,general,deka enterprise
n,12970716193,26.1528653,91.7880988,shop,furniture,ganesh furniture
n,12970716194,26.1528278,91.7880708,shop,electronics,maa refrigeration
n,12970716195,26.1528031,91.7880456,shop,yes,nurul chicken shop
n,12970716196,26.1527744,91.7880188,shop,general,nizam beding store
n,12970716197,26.1527514,91.7880008,shop,electronics,advance infotech
n,12970716198,26.1526596,91.7879471,shop,tea,tea stall
n,12970716199,26.1525956,91.7879007,shop,mobile_phone,balajee mobile & accessories
n,12970724101,26.1520578,91.787476,amenity,restaurant,ma lakhsmi hotel & resaurant
n,12970724102,26.1520377,91.7874714,shop,clothes,meetali fabrication
n,12970724103,26.1520274,91.7874709,shop,general,T. store
n,12970724105,26.1520011,91.7874486,shop,hairdresser,salon
n,12970724106,26.1519912,91.7874392,shop,general,M.A store
n,12970724107,26.151982,91.7874312,shop,electronics,roy electrical works centre
n,12970724110,26.1518429,91.7872783,shop,general,s&s general store
n,12970724111,26.1517643,91.787224,shop,bakery,the fresh cake shop
n,12970724113,26.150833,91.7864293,amenity,bank,Punjab National Bank
n,12970724114,26.150287,91.7857605,amenity,fast_food,pankhi fast food
n,12971135207,26.1613103,91.7846716,shop,furniture,PUJA GLASS FURNITURE
n,12971135208,26.161362,91.7845433,shop,bakery,MAA MANASHA SWEETS
n,12971135209,26.1614111,91.7843539,shop,butcher,CHINAKI
n,12971260215,26.1614215,91.7843435,shop,convenience,BIBAR
n,12971260216,26.1614331,91.7843293,amenity,fast_food,RELISH
n,12971260217,26.1614411,91.7843173,amenity,clinic,KIDNY CARE CLINIC
n,12971260218,26.1614531,91.7842419,shop,convenience,MAHESWARI STORE
n,12971384651,26.1617035,91.7834883,shop,general,PATHAK STORE
n,12971384652,26.1617283,91.7834596,shop,tailor,SIDDHI TAILOR1
n,12971384653,26.1618722,91.7831009,amenity,fast_food,KHAI SAO AHOK11
n,12971384654,26.1618815,91.7830786,shop,medical_supply,BANU MEDICOS
n,12971384655,26.1618926,91.7830568,amenity,clinic,DENTAL CLINIC
n,12971384656,26.1619,91.7830387,shop,convenience,HIRA STORE
n,12971384659,26.1620868,91.7828134,shop,tea,GANGA TEA STORE
n,12971384660,26.1623556,91.7829126,shop,general,
n,12971384661,26.1621225,91.7827298,shop,general,MEDHI STORE
n,12971384662,26.1622698,91.7824291,shop,general,ANAMIKA STORE
n,12971384663,26.162278,91.7824136,shop,fabric,DHAN STEEL FEBRICATION
n,12971384664,26.1622927,91.7823992,shop,laundry,SHIVAM LAUNDARY CLEANERS
n,12971384665,26.1622992,91.7823881,shop,hairdresser,VISHAL SALON
n,12971384666,26.162384,91.7822862,shop,books,MS PARI ENTERPRISE
n,12971384667,26.1624078,91.7822611,shop,tea,SANJIVANI TEA
n,12971384668,26.1624555,91.7822194,shop,yes,BHARAT MATA MISTANNA BHANDA[SWEETS&SNACK]
n,12971384669,26.1625345,91.7821328,shop,medical_supply,CHILARAY DRUGS
n,12971384670,26.162545,91.782123,amenity,clinic,DOCTOR CHAMBER
n,12971384671,26.1626039,91.7820506,amenity,clinic,GOOD HEALTH HOMEO CLINIC
n,12971384672,26.1628449,91.7818976,shop,electronics,M/S HALOI ELECTRONICS
n,12971384673,26.1628878,91.7818759,shop,rental,CITY TENT HOUSE
n,12971384674,26.1629149,91.7818507,shop,general,PUJA BHANDA
n,12971549354,26.1709967,91.7708948,shop,hardware,SABITRI HARWARE
n,12971549355,26.1711724,91.7709653,shop,yes,SURABHI HOUSE OF HANDLOOM FABRICS
n,12971549356,26.1714298,91.7710752,shop,tailor,PAPILON
n,12971549357,26.1714872,91.7710949,shop,optician,EYE CARE AND OPTICALS
n,12971549358,26.1715016,91.7710958,amenity,restaurant,CHILLY TOAST
n,12971549359,26.1715307,91.7711053,shop,furniture,FURNISHING
n,12971549360,26.1715548,91.7711202,amenity,clinic,SKULPT-FACE HAIR TRANSPLANT CLINIC
n,12971549361,26.1715737,91.7711332,shop,hairdresser,ALIGHT UNISEX HAIR AND BEAUTY SALON
n,12971549362,26.1716237,91.771161,shop,medical_supply,SUSMITA DRUGS
n,12971549363,26.1716256,91.771161,shop,yes,MOMI'S WAREHOUSE
n,12971549364,26.1716727,91.771188,shop,grocery,M/S SUCHITA ENTERPRISES
n,12971549365,26.1720149,91.771331,shop,hairdresser,SAJAN HAIR AND SPA SALOON
n,12971549366,26.172018,91.7713321,shop,furniture,KALPANA FURNITURE
n,12971549367,26.1720449,91.7713404,shop,yes,NEHA TENT HOUSE
n,12971549368,26.1720571,91.7713416,shop,butcher,DEKA'S MEAT
n,12971549369,26.1720929,91.7713524,shop,yes,RK ENTERPRISE
n,12971549370,26.1720945,91.7713597,shop,yes,BABA STORE
n,12971549371,26.172119,91.7713727,shop,electronics,MAA KAMAKHYA ELECTRICAL
n,12971549372,26.1721869,91.7714065,amenity,clinic,CITY HEART HOSPITAL
n,12971549373,26.1722899,91.7714685,amenity,restaurant,MIDWAY POINT
n,12971549374,26.1723531,91.7714767,shop,electronics,GANESH ENGINEERING STEEL AND ALLUMINIUM WORKS
n,12972353856,26.1804827,91.7392527,shop,wholesale,Bags and Baggage
n,12972353857,26.180474,91.739364,shop,convenience,Pradip Store
n,12972353858,26.1805095,91.7394442,shop,baby_goods,Planet Junior
n,12972353859,26.1805335,91.7395588,shop,bicycle,Sundar Shyam Trading Co.
n,12972353860,26.1806173,91.7396907,shop,household_linen,Rajkamal
n,12972353862,26.181928,91.7407852,shop,shoes,Tanuja's
n,12972353863,26.1819122,91.7408243,shop,cosmetics,Sangeeta Cosmetics
n,12972353864,26.1818881,91.7409033,amenity,marketplace,City Center
n,12972353865,26.1818287,91.7410073,shop,shoes,Seema Exclusive
n,12972353866,26.1818501,91.7412598,shop,shoes,Royal Footwear
n,12972359497,26.1719909,91.758628,amenity,clinic,Narayana Superspeciality Clinic
n,12972359498,26.1720454,91.7583668,shop,country_store,MAA KAMAKHYA DISTRIBUTOR
n,12972359500,26.1720647,91.7581955,shop,clothes,BARBIAN D VARIETY CLOTHES
n,12972665661,26.1720416,91.7576247,amenity,marketplace,MANGALAM MARKETING
n,12972763101,26.1720759,91.7579684,amenity,fast_food,WANG FOOD CORNER
n,12972781607,26.1723466,91.7566664,shop,yes,VANASPATI BHANDAR
n,12972781608,26.1721135,91.7565115,amenity,bank,SBI
n,12972781609,26.1719522,91.7563689,shop,furniture,ROYALE TOUCHE
n,12972781611,26.1718642,91.7563165,amenity,bank,AXIS BANK
n,12972781612,26.1717413,91.7562343,shop,furniture,ROYAL FURNITURE
n,12972781613,26.1717329,91.7562239,shop,yes,STEEL N STYLE
n,12972781614,26.1714731,91.7559714,shop,yes,UltraTech Building Solutions
n,12972875419,26.1818426,91.7415266,shop,clothes,Style Station
n,12972875421,26.1818524,91.7419249,shop,houseware,Mercury Planter Houseware
n,12972875422,26.1818836,91.7419541,amenity,bank,Indian Bank
n,12972875423,26.181877,91.742137,shop,houseware,Mirror & Glass House
n,12972875424,26.1818926,91.7422037,shop,watches,Swiss Watch Corporation
n,12972875425,26.1819011,91.7422969,shop,clothes,Deshana Enterprise
n,12972875426,26.1819151,91.7423629,shop,optician,Frontier Optical Co.
n,12972934802,26.1746887,91.7640327,shop,convenience,Sarania
n,12972934803,26.1748226,91.7637431,shop,convenience,Goswami store
n,12972934804,26.1749932,91.7634758,shop,yes,Tamanna chicken store
n,12972944546,26.1738096,91.7399837,shop,nuts,Suman Pan Shop
n,12972944547,26.1738276,91.7399876,shop,hardware,Kamakhya
n,12972944548,26.1738595,91.7399864,amenity,bank,IndusInd Bank
n,12972944549,26.1738435,91.7399884,amenity,restaurant,Rohit Spicy Fast food
n,12972944551,26.1738936,91.7399886,shop,paint,"Jivanjor, Century Business"
n,12972986077,26.1551276,91.7898243,shop,general,JINTU ENTERPREISE
n,12972986078,26.1551156,91.7898007,amenity,fast_food,RAJU MOMO
n,12972989356,26.1729271,91.7601288,amenity,restaurant,patisserie operaa
n,12972989358,26.1728654,91.7601873,shop,cosmetics,Lily
n,12972989359,26.1729745,91.7604482,shop,interior_decoration,VINAYAK DISTRIBUTORS
n,12972989360,26.1729737,91.7609622,shop,convenience,Patanjali Store
n,12972989361,26.1730513,91.7610973,shop,convenience,royal silver tower
n,12972989362,26.1730801,91.7612079,shop,general,commercial sales corporation
n,12973044851,26.1688103,91.7455888,amenity,restaurant,Maa Manasha Hotel
n,12973044853,26.1687145,91.7455156,shop,hardware,Ajor Store
n,12973044854,26.1687203,91.7454609,shop,hardware,Battery Ghor
n,12973044855,26.1687155,91.7454552,shop,music,Music Mart
n,12973082001,26.1731586,91.7617607,amenity,school,lachit nagar primary school
n,12973082002,26.1730253,91.7618363,amenity,place_of_worship,kali mandir
n,12973082003,26.172993,91.7627603,shop,convenience,mur dukan
n,12973082004,26.1728706,91.7633521,amenity,police,"state police accountability commission, assam"
n,12973082005,26.1727634,91.7636972,amenity,clinic,dev homoeo clinic
n,12973082007,26.1726911,91.7640693,shop,convenience,chakroborti store
n,12973082008,26.1726372,91.7643344,shop,gift,new fashion zone
n,12973082009,26.1726277,91.7644163,shop,convenience,J.R store
n,12973082010,26.1724671,91.7649362,amenity,restaurant,the home kitchen
n,12973082011,26.1724756,91.7649161,amenity,restaurant,wow biryani
n,12973082012,26.1723646,91.7653581,shop,convenience,saha store
n,12973082013,26.1723404,91.7654704,shop,convenience,podmini store
n,12973082014,26.1722452,91.7659624,shop,convenience,home essential
n,12973082015,26.1719774,91.7669297,amenity,restaurant,food central
n,12973082017,26.1719413,91.7672819,shop,convenience,sree sai docoment centre
n,12973082018,26.1718731,91.7675764,shop,convenience,rakhal store
n,12973082019,26.1718686,91.7676295,shop,convenience,maa gouri grocery
n,12973082021,26.1717158,91.7680952,shop,electronics,pinakhi electrical
n,12973082022,26.1717463,91.7681767,shop,furniture,comfort furnishing
n,12973082023,26.171706,91.7682906,shop,convenience,rashmi store
n,12973082024,26.1717192,91.7684261,shop,cosmetics,ranjana cosmetic store
n,12973082025,26.1717047,91.7685105,shop,hairdresser,ponkhi makeup studio
n,12973082026,26.1716153,91.7686549,shop,bakery,ashok sweet
n,12973082027,26.171594,91.7687557,shop,convenience,ambika tent house
n,12973082028,26.1715347,91.7691389,amenity,clinic,agilus diognostic
n,12973082029,26.1715132,91.7692957,shop,hairdresser,gents salon
n,12973082030,26.17144,91.7694341,shop,convenience,babu enterprise
n,12973082032,26.1713914,91.7695495,shop,tea,jestea corner
n,12973082033,26.1713486,91.7697231,shop,convenience,Patanjali Store
n,12973082034,26.1713353,91.7697471,shop,convenience,maa vander
n,12973082035,26.1711485,91.7707093,amenity,bank,State Bank of India
n,12973082036,26.1713586,91.7699554,shop,bakery,rumas cake
n,12973134578,26.1687249,91.7453885,shop,hardware,Karmakar Hardware Store
n,12973134579,26.168736,91.7452037,shop,hardware,R.K. Sharma
n,12973134580,26.168741,91.7451641,shop,hardware,Jyoti Hardware
n,12973134581,26.1687547,91.7450909,shop,water,Bisleri
n,12973134582,26.1687505,91.7450328,shop,hardware,Shan Enterprise
n,12974273949,26.1820536,91.7423667,shop,electronics,M/s Manjeet enterprise
n,12974276719,26.1713446,91.7558819,shop,yes,NEW SHIVAM ENTERPRISE
n,12974276720,26.1712815,91.7558308,shop,printer_ink,S.S TELECOMMUNICATION
n,12974276722,26.1709034,91.755568,shop,yes,B.B ASSOCIATES
n,12974276724,26.1708685,91.7555354,shop,yes,POLIGE UNIFORM
n,12974277014,26.1821645,91.7423269,shop,household_linen,Sleepwell Shoppe
n,12974277015,26.1826656,91.7421464,shop,shoes,Aeroblu
n,12974309883,26.1829778,91.7407444,shop,clothes,Monte Carlo
n,12974309884,26.1828944,91.7407413,shop,clothes,The Raymond Shop
n,12974309885,26.1828443,91.7407343,shop,clothes,Vinayak Plaza
n,12974309886,26.1828005,91.7407042,shop,clothes,Annu's
n,12974309887,26.182578,91.7406864,shop,clothes,Saha Fashion
n,12974309888,26.1824847,91.7407381,shop,clothes,Goenka Readymade mens ladies kidswear
n,12974309889,26.1824423,91.740734,shop,clothes;watches,Meenu's
n,12974309890,26.1822297,91.7407035,shop,clothes,Delhi Cloth House
n,12974309891,26.182161,91.7407077,shop,clothes,Handloom Saree Mart
n,12974309892,26.1820966,91.7407327,shop,fashion_accessories,Pick Me
n,12974309893,26.1820702,91.7407055,shop,clothes,Mukul Stores
n,12974309895,26.181985,91.7406921,shop,clothes,Bengal Handloom
n,12974309896,26.1819487,91.7406694,shop,clothes,Laguna
n,12974330102,26.1817363,91.7410183,shop,shoes,Dhanani Shoes (P) LTD
n,12974330103,26.1817292,91.7411142,shop,shoes,BF Best Footwear
n,12974330104,26.1816911,91.7412831,shop,wholesale,Afsar Lane
n,12974330105,26.1816637,91.7413202,shop,houseware,A.R. Trader
n,12974330106,26.1816635,91.7416431,shop,shoes,Bata
n,12974330107,26.1816588,91.7418197,shop,fashion_accessories,Euro fashion
n,12974330108,26.1816551,91.7419144,shop,electronics,Rajdhani Lighthouse
n,12974493231,26.1686927,91.7477557,shop,musical_instrument,The guitar house
n,12974493237,26.1687567,91.7473634,shop,hardware,Shri Shyam  Tiles & Marble
n,12974493238,26.1687594,91.7473107,shop,hardware,Maa Durga Hardware;MAX  cement
n,12974493240,26.1687696,91.7472459,shop,art;paint,Hariom sales;Triveni Traders
n,12974493241,26.1687787,91.7471368,amenity,school,Arya english senior secondary school
n,12974493243,26.1687979,91.7470774,shop,hardware,CERA
n,12974493244,26.1687937,91.747053,shop,paint,Birala opus paints
n,12974493245,26.1687228,91.747186,shop,hardware,G.P. Trade & agency
n,12974493246,26.1689002,91.7465703,shop,hardware,Kusal hardware
n,12974493247,26.1688152,91.7463173,shop,tea,Shree Mangalam tea
n,12974493248,26.1688121,91.7462032,shop,hardware,Eastern ply wood & hardware
n,12974493249,26.1688398,91.7461035,shop,hardware,Eastern aluminium & STEEL UBYOG
n,12974493250,26.1688673,91.7459818,shop,hardware,LAXMI ALUMINIUM CENTER
n,12974493251,26.1688631,91.7459527,amenity,restaurant,AURUM
n,12974493252,26.1688664,91.7455458,shop,hardware,INTERIOR ERA
n,12974493253,26.1688816,91.7454328,shop,hairdresser,PRIENCE HAIR STYLE
n,12974507084,26.1685523,91.7490994,shop,mobile_phone,B.B AUTOMOBILE
n,12974507086,26.1685883,91.748887,amenity,restaurant,DARJEELING MOMO
n,12974507087,26.1685919,91.748843,amenity,restaurant,CHOCOLAT
n,12974507088,26.1685919,91.7487918,amenity,restaurant,BEWAFA FOOD
n,12974507089,26.1686085,91.7487568,amenity,restaurant,49 PLATERS
n,12974507090,26.1685896,91.7487304,shop,convenience,NARAYAN TRADERS
n,12974522309,26.1685944,91.7485533,amenity,restaurant,DESI CHULHA
n,12974522310,26.1685973,91.7484436,amenity,restaurant,CHAKHLE INDIA
n,12974522311,26.1685853,91.7484244,amenity,restaurant,HUNGRY BUDDHA
n,12974522312,26.1686356,91.7483384,shop,department_store,EASY MART
n,12974522313,26.1686337,91.7483139,shop,hairdresser,INERIOR GALLERIA
n,12974522314,26.1686577,91.7482536,amenity,restaurant,SANJHA SWAD
n,12974622185,26.1684105,91.7503444,amenity,restaurant,KITCHEN CONCEPT
n,12974622186,26.1684683,91.7501454,amenity,restaurant,PAREEKJI
n,12974622187,26.1684541,91.7500911,amenity,restaurant,CAKE.com
n,12974622188,26.1684786,91.749714,shop,motorcycle_repair,MAA KALI BIKE POINT
n,12974622189,26.168473,91.749675,shop,convenience,SOYAM & BROTHERS PAN SHOP
n,12974665391,26.1684132,91.7489918,amenity,fast_food,GURSEERAT PUNJABI HOTEL
n,12974665500,26.1698351,91.7548973,shop,tailor,BANGSON VENTURES
n,12974672812,26.1683785,91.7494614,amenity,place_of_worship,KALI MANDIR
n,12974672813,26.1684203,91.7493171,amenity,place_of_worship,KALI MANDIR
n,12974687062,26.1694391,91.7546695,shop,telecommunication,RED DOT COMMUNICATIONS
n,12974687063,26.1692509,91.7546047,shop,hairdresser,SALON
n,12974687065,26.1691672,91.754547,shop,tailor,UNISEX TAILOR
n,12974687066,26.1691451,91.7545332,shop,hairdresser,MAA KAMAKHYA HAIR DRESSER
n,12974687067,26.1691258,91.7545189,shop,medical_supply,RADHE MEDICAL
n,12974687069,26.169079,91.7544804,shop,department_store,MAA STORE
n,12974687070,26.1690409,91.7544661,shop,department_store,SHIVAM STORE
n,12974687071,26.1690048,91.7544437,shop,hardware,S.R. BATTERY
n,12974687072,26.1689389,91.7544132,shop,car_repair,DURGA SCOOTER WORKS
n,12974687073,26.1688149,91.7543521,shop,hardware,EKTA TYRE SERVICE
n,12974687074,26.1687786,91.7543332,shop,hairdresser,ROMEO HAIR DRESSING SALOON
n,12974687075,26.1686287,91.7542094,amenity,restaurant,RK KITCHEN
n,12974687076,26.1685175,91.7541316,shop,printer_ink,H.M.K. ENTERPRISE
n,12974687077,26.1684565,91.7541433,shop,confectionery,SWEETS
n,12974687078,26.168441,91.7541126,shop,yes,M/S GENIYA ENTERPRISE
n,12974687079,26.1684103,91.7541078,shop,gift,GIFT AND PLASTICS
n,12974697224,26.168744,91.7455842,shop,electrical,J.B. ELECTRICALS WORKS
n,12974701407,26.1685948,91.7476221,amenity,place_of_worship,SHIV AND HANUMAN MANDIR
n,12974701408,26.1686055,91.7473736,shop,car_repair,ENGINEERING WORKS
n,12974701409,26.1686123,91.7473313,shop,car_repair,MECHANICAL ENGINEERING WORKS & PARTS REPAIRING
n,12974701410,26.168615,91.7472906,shop,furniture,GHAR
n,12974701411,26.1686218,91.7472509,shop,yes,NEW ALUMINIUM SHOP
n,12974704815,26.1684476,91.7485304,amenity,school,GURU NANAK SPORTS ACADEMY
n,12974704816,26.1684465,91.7485949,amenity,school,
n,12974707513,26.1685151,91.7463411,shop,yes,HAJJI YASIN SHOP
n,12974707514,26.1687138,91.7459018,shop,tailor,MAA DURGA TAILORS
n,12974707515,26.1687355,91.7456485,shop,hardware,NAVAM ENTERPRISE
n,12976155224,26.178592,91.7400135,amenity,place_of_worship,Maa Karunamoyee Kali Mandir
n,12976155225,26.1787666,91.7398692,amenity,place_of_worship,Bhagwan Mahavir Dharmasthal
n,12976155226,26.1790833,91.7396521,amenity,fast_food,Bhutans
n,12976199539,26.178504,91.7400839,amenity,place_of_worship,Maa Karunamoyee  Kali Mandir
n,12976204495,26.1725687,91.7715813,shop,yes,
n,12976221616,26.1731821,91.771856,amenity,doctors,GUWAHATI EYE CENTRE
n,12976221617,26.1734967,91.7720236,shop,optician,VISION EYEWEAR
n,12976221618,26.1735456,91.7720605,shop,wine,
n,12976221619,26.1735446,91.7720605,shop,wine,BALLANTINES SMOOTH LIQUOR
n,12976221620,26.1737002,91.7721516,shop,jewelry,ARATI JEWELLERS
n,12976221621,26.1737289,91.7721622,shop,medical_supply,M.S MEDICOS
n,12976225150,26.1525553,91.7876719,shop,electronics,MOUSAM ELECTRICALS
n,12976225151,26.1525351,91.7876663,shop,computer,SHRUTI CREATION
n,12976225152,26.1524837,91.7876491,shop,general,SHARMA STORE
n,12976225153,26.1523632,91.7875415,shop,jewelry,DAS GAHANALAYA
n,12976225154,26.1523482,91.7875331,shop,hairdresser,OM SALOON
n,12976225155,26.152251,91.7874319,shop,bakery,debraj sweets and grocery
n,12976225156,26.1521445,91.7873433,shop,general,PUSPO STORE
n,12976225157,26.1520093,91.7872077,shop,convenience,R.I STORE
n,12976225158,26.1519864,91.7871838,shop,general,DELIGHT STORE
n,12976225159,26.151981,91.7871728,shop,general,KIRAN STORE
n,12976225161,26.1519538,91.787117,shop,gift,M/S KIRAN GIFT HOUSE
n,12976225164,26.1516718,91.7868801,shop,medical_supply,SUN SHINE MEDICAL
n,12976225165,26.1512827,91.7865072,amenity,fast_food,ROHNY'S KITCHEN
n,12976225166,26.1511237,91.7864015,shop,wine,WINESHOP
n,12976225167,26.1511428,91.7864084,shop,jewelry,MAA KAMAKHYA JEWELLERY
n,12976225168,26.1510929,91.7863495,shop,bakery,CAKE PRINCE
n,12976225169,26.1511206,91.7863695,amenity,restaurant,BHARALI RESTURANT
n,12976225170,26.1510636,91.7863233,shop,medical_supply,PRIYANGSHU MEDICAL HALL
n,12976225171,26.1508167,91.7859849,amenity,clinic,KUNJA HOMEO
n,12976247003,26.1737575,91.7721733,shop,motorcycle_repair,M.R.MOTORCYCLE
n,12976247004,26.1738104,91.77219,shop,convenience,KABITA STORE
n,12976247005,26.1738393,91.7722055,shop,travel_agency,R.P. TO-LET SERVICE & PACAKERS & MOVERS
n,12976247006,26.1738682,91.7722162,shop,grocery,NATURE'S GROCERS
n,12976250426,26.168692,91.7460558,shop,hardware,EVEREST
n,12976250427,26.1687075,91.7460258,shop,yes,KUSHAL
n,12976250428,26.1687306,91.7459653,shop,yes,JINDAL SABRANG
n,12976250830,26.1538983,91.7886706,shop,computer,UNIQUE
n,12976250831,26.1538754,91.7886742,shop,general,A.P ENTERPRISE
n,12976250832,26.1537767,91.7886106,shop,general,R C M
n,12976250833,26.1537182,91.7885632,shop,hairdresser,GENTLE LOOK
n,12976250834,26.1536942,91.7885459,shop,jewelry,Subha Silk &Jewellery
n,12976250835,26.1536871,91.7885296,amenity,restaurant,HALOI HOTEL AND RESTAURANT
n,12976250836,26.1535697,91.788474,shop,tailor,NAYAN LADIES TAILOR
n,12976250837,26.1532955,91.7882451,shop,car_parts,City zone
n,12976250838,26.1532816,91.7882459,shop,interior_decoration,Npar interiors
n,12976250839,26.1530956,91.7880948,shop,tailor,Star Ladies Tailors
n,12976250840,26.1530427,91.7880624,shop,tailor,Ganesh Tailors
n,12976250841,26.1529591,91.7880042,shop,tailor,KARIM TAILOR
n,12976250842,26.1529438,91.788003,amenity,fast_food,fast food
n,12976250843,26.1528941,91.7879658,shop,general,papori store
n,12976250844,26.1528901,91.7879591,shop,bakery,MAA SWEET CAKE
n,12976250845,26.152842,91.7879189,shop,general,SOLUTION
n,12976250846,26.152818,91.7879095,shop,hairdresser,RAM HAIR CUTTING SALOON
n,12976250847,26.1528114,91.787906,shop,general,SHREE
n,12976250848,26.1527561,91.7878707,shop,clothes,FASHION
n,12976265036,26.171787,91.7403051,amenity,hospital,MARWARI HOSPITAL
n,12976283252,26.1802077,91.7390566,shop,yes,Advance Engineering & Supply CO.
n,12976283253,26.1802625,91.7391352,shop,yes,Singh Fruits
n,12976283254,26.1802825,91.7391556,shop,yes,"Aarti, Roofing Solutions"
n,12976283255,26.1803055,91.7391794,shop,psychic,Divya Rashi Akarshak Rashi
n,12976283256,26.1803254,91.739201,shop,confectionery,Nirmal Sweets
n,12976296097,26.1750476,91.7634605,shop,chemist,M/S lily medical
n,12976296098,26.1750705,91.7633594,shop,jewelry,Ma subhadra juweler
n,12976296099,26.1751118,91.7632692,shop,convenience,Noaya treding agency
n,12976302901,26.1753138,91.762291,shop,convenience,radha rati storee
n,12976302903,26.175305,91.7622536,shop,furniture,Sahina furnishing
n,12976302904,26.1752279,91.7620931,shop,convenience,shive bhandar
n,12976302905,26.1751925,91.7620506,shop,jewelry,tamanna store
n,12976302906,26.1751926,91.7620475,shop,gift,gift palace
n,12976302907,26.1751168,91.7619721,shop,tailor,eusuf tailors
n,12976302909,26.1749729,91.761791,shop,electronics,ASSAM ELECTRONICS
n,12976302910,26.1749532,91.7617487,shop,mohan_sweets,Sweet Chariot
n,12976302932,26.1753393,91.7624711,shop,hardware,NARAYAN HARDWERE
n,12976302933,26.1753381,91.7623626,shop,convenience,RADHA RANI STORE
n,12976320596,26.1802292,91.7392735,shop,clothes,"Gharana, The Fashion Studio"
n,12976320597,26.1802469,91.7392396,shop,yes,B.S Complex
n,12976320598,26.180257,91.7392993,shop,yes,"A,P Collection"
n,12976320599,26.1802945,91.7393453,amenity,fast_food,Lassi Spot
n,12976320601,26.1803777,91.7393558,shop,books,Shree Marwari Hindi  Pustakalaya
n,12976320602,26.1803867,91.7393636,amenity,restaurant,Jay Shree Hotel
n,12976320603,26.1803987,91.7393687,amenity,restaurant,Jay Shree Ki Rasoi
n,12976320604,26.1804493,91.7394314,shop,yes,Asthma Allergy Centre
n,12976320605,26.1804499,91.7393899,shop,electronics,Vishal Electronics
n,12976320606,26.1804568,91.7397343,shop,yes,Agala Store
n,12976320607,26.1804618,91.7397388,shop,yes,Yakub Manzil
n,12976320608,26.1804689,91.7397397,shop,trade,M.H. Traders
n,12976320609,26.1804889,91.7397669,shop,watches,Pukhraj
n,12976320610,26.1805632,91.7398111,shop,yes,Jogers
n,12976320611,26.1805663,91.7398162,shop,trade,A.R. Traders
n,12976320612,26.180644,91.7398255,shop,yes,Bashiruddin Store
n,12976321285,26.1773829,91.773795,amenity,restaurant,San ju's food
n,12976321286,26.177146,91.7736851,shop,department_store,Rgarh Shoping Corner
n,12976321287,26.1772875,91.7737397,shop,yes,Communication Pvt. Ltd.
n,12976321288,26.177231,91.7737167,shop,dry_cleaning,KIRAN
n,12976321289,26.1772659,91.7737293,shop,clothes,Bidyut & Rakesh
n,12976321290,26.177104,91.773687,shop,wine,royal stag wine shop
n,12976321291,26.1769549,91.7735585,shop,clothes,ABHITAARA
n,12976321292,26.1768407,91.773646,shop,mart,RGVN Rural Mart
n,12976321293,26.1767306,91.7735658,amenity,restaurant,Food'zye
n,12976321294,26.1766796,91.773557,amenity,clinic,PRAYAS CLINICS & DIAGNOSTICS
n,12976321295,26.1766529,91.773468,shop,yes,RALPIT CREATIONS
n,12976321296,26.1766224,91.7734587,amenity,cafe,ARNAV TENT HOUSE
n,12976321297,26.1765915,91.7734529,shop,yes,PARVATI INFO SYSTEMS
n,12976321298,26.1765421,91.7734337,amenity,clinic,PUNNYALATA HOMEO
n,12976321299,26.1765201,91.7734279,shop,yes,Miss tailors
n,12976321300,26.1764975,91.7734235,shop,yes,R.S. enterprise
n,12976322139,26.1447849,91.776406,amenity,clinic,K.D Dental clinic
n,12976322140,26.1447563,91.7764045,shop,houseware,Ganapati glass and aluminium
n,12976322141,26.1447509,91.7763786,shop,electronics,Luminous store
n,12976322143,26.1446467,91.7768755,shop,electronics,havells
n,12976322144,26.1446461,91.7768761,shop,yes,Pan shop
n,12976322146,26.1447365,91.7770709,shop,yes,Moni chicken shop
n,12976322147,26.1447747,91.7770542,shop,yes,Pan shop
n,12976322148,26.144793,91.7770631,shop,yes,Grocery store
n,12976349951,26.1748322,91.7584539,shop,pastry,Sweet Chariot
n,12976349952,26.1748356,91.7585213,amenity,restaurant,DAVIDS KITCHEN
n,12976349953,26.1748354,91.7585305,shop,convenience,BALLE BALLE MULTI STORE
n,12976349954,26.1748347,91.7585924,shop,jewelry,PURNIMA JEWELLERS
n,12976349955,26.1748332,91.7585868,shop,convenience,SAHA STORE
n,12976349958,26.1748663,91.758713,shop,fashion_accessories,EENAGER
n,12976349959,26.1748791,91.7587409,amenity,fast_food,JUICE LASSI & SHAKE CORNER
n,12976374601,26.1764524,91.7734465,shop,yes,ICONIC SNAPS COLOUR LAB
n,12976374602,26.1763969,91.7734311,shop,yes,THREEFOLD CREATIONS
n,12976374603,26.1760921,91.7733906,amenity,clinic,SANKALPA VISION CARE
n,12976374604,26.1757903,91.7732455,shop,yes,PADMA LAKHI COMPLEX
n,12976374606,26.1755495,91.7731493,shop,yes,AARPITA DOYNA
n,12976374607,26.1753126,91.7730623,shop,yes,MEAT VARIETY
n,12976374608,26.1752245,91.7730592,shop,yes,ASHOK SWEET AND NAMKEEN
n,12976374609,26.1750696,91.7729508,amenity,restaurant,FOODIES
n,12976374610,26.1749529,91.7728812,shop,hairdresser_supply,
n,12976374611,26.1749067,91.7728823,amenity,cafe,VANILLA GRAIN BAKERY &CAFE
n,12976374612,26.1747275,91.7728744,shop,clothes,VIBGYOR COTTAGE
n,12976374613,26.1745848,91.7727582,amenity,hospital,APOLLO HOSPITAL
n,12976374614,26.1744368,91.7727468,shop,medical_supply,AMRITA MEDICOS
n,12976374615,26.1741003,91.7725759,amenity,school,BOSSE
n,12976374616,26.1739391,91.7725385,amenity,fuel,
n,12976374617,26.1736799,91.7723257,amenity,cafe,BARK BARK COFFEE
n,12976374618,26.1734874,91.7723062,amenity,clinic,NIRAMOI DIAGNOSTIC CENTER
n,12976374619,26.1733669,91.7721451,shop,car_repair,BHAWANI REPAIRING CENTRE
n,12976374621,26.1730623,91.7719783,shop,yes,RED & HOT
n,12976374622,26.1728479,91.7718815,shop,yes,M/S SARDA ALUMINIUM
n,12976374623,26.172714,91.7718334,amenity,clinic,SANDYS DENTAL CARE & IMPLANT CENTRE
n,12976374624,26.1726514,91.7717344,amenity,clinic,IMAGIC
n,12976374625,26.1725849,91.7717099,shop,yes,
n,12976374626,26.1724601,91.7716848,shop,electronics,S.K. ELECTRONICS
n,12976374627,26.1723923,91.771662,shop,yes,NEW MNNA AUTOMOBILES
n,12976374628,26.1723392,91.7716486,shop,yes,J.D STORE
n,12976374629,26.1722263,91.7716332,shop,yes,B.B. TENT HOUSE
n,12976374630,26.1721758,91.7716028,amenity,restaurant,HOTEL MINTU & MINAKHI
n,12976374631,26.1720816,91.7715547,shop,electronics,PERSONALISED SERVICE
n,12976374632,26.1720634,91.771548,amenity,clinic,MON MEDICOS
n,12976374633,26.1724232,91.7717236,shop,furniture,SWASTI FURNIYURE
n,12976374634,26.1716972,91.7713654,shop,car,CAR COMMERCIAL
n,12976374636,26.17152,91.771289,amenity,clinic,PRASASTI HELTHCARE
n,12976374637,26.1714141,91.7711811,amenity,clinic,VAISHNAVI MEDICOSE
n,12976374638,26.1713733,91.7711606,amenity,clinic,BUDGET COMFORT CORNER
n,12976374639,26.1710022,91.77108,shop,yes,NALINI GLASS HOUSE
n,12976374642,26.170531,91.7708583,shop,clothes,WHOLE SALE MEKHELA CHADDAR
n,12976374643,26.1704577,91.7708146,shop,yes,GLOBAL WATER SOLUTIONS
n,12976374644,26.170335,91.7707554,shop,yes,GIFT & DECORATIVE ITEMS
n,12976374645,26.1703041,91.7707074,shop,yes,PAPARIS CUSTOMIZED CAKE STUDIO
n,12976374646,26.1702142,91.7707154,amenity,clinic,ZAM ZAM OPTICAL
n,12976374647,26.1701942,91.7707012,shop,wine,KINGFISHER ULTRA MAX
n,12976374648,26.1701663,91.7706893,shop,yes,
n,12976413956,26.1688345,91.7448453,shop,yes,Surjeet Enterprise
n,12976413957,26.1688518,91.7446947,shop,hardware,PMB Hardware Stores
n,12976415061,26.183092,91.7407201,shop,outdoor,laxmi Cabin
n,12976415062,26.1829494,91.7407504,shop,clothes,Glamour
n,12976415064,26.1825605,91.7407124,shop,clothes,beach Fashion
n,12976415065,26.1824335,91.7407557,shop,watches,Titan
n,12976415066,26.1824254,91.7407756,shop,clothes,S.R. Fashion
n,12976455546,26.1817197,91.7420285,shop,mobile_phone,MOBILE REPAIRING
n,12976455547,26.181709,91.7420048,shop,watches,NATIONAL WATCH CO.
n,12976455548,26.1817277,91.7420059,shop,clothes,ATRISH ARMY STORE
n,12976455549,26.1817186,91.7418931,shop,clothes,S.K. DULHA
n,12976455550,26.1817524,91.7419842,shop,trade,N.E DEFENCE TRADING CO.
n,12976455551,26.1817168,91.74187,shop,electronics,RAJDHANI LIGHT USE
n,12976455552,26.1817191,91.7418216,shop,clothes,M.K.SHERWANI
n,12976455553,26.1817238,91.7418432,shop,clothes,NISHA SAREES
n,12976455554,26.1817176,91.7417623,shop,clothes,Euro Fashion
n,12976455555,26.1817252,91.7416309,shop,clothes,A.R. COLLECCTION
n,12976455556,26.1817301,91.741558,shop,yes,LONG LIFE STORE
n,12976455557,26.1817319,91.7414098,shop,tailor,ALL KINDS OF SEWING MACHINE SALES & REPAIRING
n,12976455559,26.1817227,91.7413044,shop,shoes,BATA
n,12976455560,26.1817393,91.7412671,shop,shoes,GUWAHATI SHOE
n,12976455561,26.1817413,91.7412488,shop,kitchen,A.R. TRADER
n,12976455562,26.1817562,91.7412154,shop,wholesale,AFSAR LANE
n,12976455564,26.1817864,91.7411408,shop,shoes,GANDHI'S LORD'S & LADIES Perfect Shoes
n,12976455566,26.1817906,91.7411022,shop,shoes,Perfect Shoes
n,12976455567,26.1817668,91.7410348,shop,shoes,Best FOOTWEAR
n,12976455568,26.1817814,91.7409996,shop,shoes,DHANANI SHOE
n,12976471292,26.1826516,91.7407225,shop,clothes,Peter england
n,12976471293,26.1822973,91.7407194,shop,stationery,Assam Nagra
n,12976471295,26.1822209,91.7407322,amenity,place_of_worship,Masjid Lane
n,12976471296,26.1822132,91.7407156,shop,clothes,pioneer complex
n,12976471297,26.1821485,91.7407335,shop,wholesale,RM store
n,12976471300,26.1819705,91.7406988,amenity,restaurant,Nashraj Restaurant
n,12976478114,26.181778,91.7407891,shop,clothes,R.D. STORE
n,12976478115,26.1817741,91.7407892,amenity,bank,Central Bank of India
n,12976478116,26.1817723,91.7407915,amenity,marketplace,BABU BAZAR
n,12976478117,26.181757,91.7406849,shop,clothes,R.D. STORE
n,12976478119,26.1817483,91.7406367,shop,yes,SHRIA
n,12976478122,26.1817966,91.74052,shop,clothes,SHOBHA SAREES
n,12976507574,26.1822772,91.7422774,shop,shoes,simplex
n,12976507575,26.1823753,91.7422091,shop,shoes,Shoe Centre
n,12976507576,26.1825576,91.7421874,shop,shoes,M.K. shoe store
n,12976507577,26.182699,91.7421341,shop,shoes,Nishant Enterprise
n,12976507578,26.1828201,91.7420739,shop,wholesale,Unique Traders
n,12976507579,26.1829257,91.7420237,shop,mall,M.S Plaza
n,12976507580,26.1831783,91.7419508,shop,shoes,Khadim
n,12976507581,26.1832547,91.7419274,shop,shoes,Shoe Centre
n,12976507582,26.183262,91.7419023,shop,shoes,Tiwari Footwear
n,12976507583,26.1835004,91.7418028,shop,copyshop,CSC Zone
n,12976533659,26.1818549,91.7409839,shop,clothes,Krishna
n,12976533660,26.1818547,91.7410416,shop,shoes,sparx
n,12976533661,26.1818305,91.7411192,shop,clothes,Ratnapriya
n,12976550325,26.1630528,91.7816682,shop,laundry,MERIDIAN DRY CLEANERS
n,12976550326,26.1630537,91.7816589,shop,clothes,SHREEYAKSHIS SAAJPA
n,12976550328,26.1630704,91.7815094,shop,convenience,ARIHANT STORE
n,12976577186,26.1444924,91.7773264,shop,yes,Maa fruit shop
n,12976577187,26.1444945,91.7773278,shop,yes,Noodles fast food
n,12976577188,26.1444932,91.7773377,shop,yes,Pan shop
n,12976577189,26.1444694,91.7773834,shop,yes,Shree balaji store
n,12976577190,26.1444895,91.7774277,shop,electronics,Ambika electronics
n,12976577191,26.1444886,91.7774777,shop,yes,Ganesh vehicles
n,12976577192,26.1444927,91.7774992,shop,hairdresser,Chayan saloon
n,12976577193,26.1444692,91.7780026,shop,yes,Ratnanjali
n,12976577194,26.1444491,91.7780801,shop,yes,Anjali enterprise
n,12976577195,26.1444486,91.7781118,shop,medical_supply,Drona medics
n,12976577196,26.1444587,91.7781701,shop,houseware,Arpita store
n,12976577197,26.1444473,91.7782339,shop,yes,Rahul pan shop
n,12976577198,26.144405,91.7783066,shop,hairdresser,Saloon no 1
n,12976577199,26.1443812,91.7783897,shop,hairdresser,Eva beauty parlour
n,12976577200,26.1443707,91.778518,amenity,clinic,Physiotheraphy centre
n,12976738001,26.1443861,91.778584,shop,tailor,Purabi wardrobe and tailoring
n,12976738002,26.144391,91.7786062,shop,greengrocer,Shyam vegetables
n,12976738003,26.1443956,91.7786496,amenity,fast_food,Monu fast food
n,12976738004,26.1443911,91.7787133,shop,car_repair,Maruti Suzuki
n,12976738007,26.1443818,91.7788277,shop,tailor,Pinky tailoring
n,12976738008,26.1443873,91.7788484,shop,yes,Anjali shop
n,12976738009,26.1443909,91.7788842,amenity,fuel,Bharat petroleum jatia
n,12976738010,26.1443938,91.7789703,shop,yes,Gautom pan shop
n,12976738011,26.144396,91.7789696,shop,computer,Ayon computers
n,12976738012,26.1443983,91.778967,shop,fashion_accessories,Yuri beauties
n,12976738013,26.1444396,91.7793678,shop,yes,Rupom store
n,12976738014,26.1445625,91.7793334,shop,yes,
n,12976794044,26.1647016,91.7799293,amenity,restaurant,deli-c-us
n,12976794045,26.1648297,91.7798548,shop,hardware,JAQUAR KOHLER
n,12976794046,26.16482,91.7798625,shop,hardware,S.R TILES AND SANITARY
n,12976794047,26.1649804,91.7798498,shop,mall,EXOTICA GREEN
n,12976804538,26.1507132,91.7846793,amenity,fast_food,SHRI GANESH FAST FOOD
n,12976804539,26.1507461,91.7846966,shop,hardware,KAMRUP SANITARY AND HARDWARE
n,12976804540,26.1508558,91.7847093,shop,hardware,KRISHNA HARDWARE STORE
n,12976804541,26.1508743,91.7847074,shop,general,SHANKAR GLASS HOUSE
n,12976804542,26.1508959,91.7847021,shop,electronics,STANDARD ELECTRONIC
n,12976804544,26.1507578,91.784744,amenity,restaurant,MISISIPI RESTAURANT
n,12976804545,26.1507669,91.7847386,shop,general,RAJU A/C MASSAGE SALON
n,12976804546,26.1508482,91.7847217,shop,general,GLASS AND PLYWOOD CENTRE
n,12976804547,26.1508815,91.7846934,shop,electronics,PHILIPS
n,12976804548,26.1509028,91.7846996,shop,electronics,LITE  ZONE
n,12976804549,26.15098,91.7846958,shop,electronics,BAISHALI ELECTRICAL
n,12976804550,26.1509959,91.7846938,shop,electronics,POLYCAB
n,12976804551,26.1510037,91.7846841,shop,electronics,ANCHOR PANASONIC
n,12976804552,26.1510663,91.784648,amenity,bank,THE CO OPERATIVE CITY BANK LIMITED
n,12976804553,26.1510504,91.7846593,shop,hardware,BHAGWATI IRON AND HARDWARE STORE
n,12976804554,26.151093,91.784643,shop,electronics,JAGDAMBA ELECTRICALS
n,12976804555,26.1511227,91.7846332,shop,bakery,ASHIRWAD SWEETS AND SNACKS
n,12976804556,26.1511801,91.7846042,amenity,clinic,BLISS DIAGNOSTIC CENTRE
n,12976804557,26.1512033,91.7845996,shop,hardware,NEW SANITARY CENTRE
n,12976804558,26.1512238,91.7845892,shop,hardware,SANJAY HARDWARE
n,12976804560,26.1512845,91.7845755,shop,hardware,KRISHNA HARDWARE STORES
n,12976804561,26.1521873,91.7842473,shop,hardware,CARYSIL
n,12976819487,26.1739455,91.772255,shop,butcher,ADARANI MEAT HUB
n,12976819488,26.1739746,91.7722588,shop,yes,
n,12976819489,26.173998,91.7722753,shop,yes,P.T. STORE
n,12976819490,26.1740319,91.7722808,shop,butcher,
n,12976819491,26.1740566,91.7722963,shop,seafood,THE FISH BAR
n,12976819492,26.1740854,91.7723069,shop,electronics,LAKSMI ELECTRONICS
n,12976819494,26.1743309,91.7723988,shop,grocery,THE URBAN GROCERS
n,12976819495,26.1743643,91.7724145,shop,hairdresser,SURAT HAIR DRESSER
n,12976819496,26.1743938,91.7724306,shop,tailor,JONAKI TALLORS
n,12976819497,26.1745041,91.7724893,shop,clothes,ALEKH
n,12976819498,26.174644,91.7725435,shop,convenience,A.D.STORE
n,12976819499,26.1747298,91.7725753,shop,yes,PUBERUNA
n,12976819500,26.1747771,91.7726034,amenity,restaurant,YES BIRYANI
n,12976833820,26.1661109,91.7795058,shop,beauty,REENES BEAUTY PARLOUR
n,12976833821,26.166137,91.7794838,shop,yes,DEEPAK STORE
n,12976833822,26.1661866,91.7794768,amenity,doctors,SPANDAN THE MEDICLINIC
n,12976833824,26.1664003,91.7794083,shop,hairdresser,RAJU REYAZ
n,12976833825,26.1664762,91.7794332,shop,clothes,VINTAGE CORNER
n,12976833826,26.1665137,91.7794004,amenity,clinic,SHRISTHI DIAGNOSTICS
n,12976833828,26.1665774,91.7793794,amenity,hospital,KIMS HOSPITAL CLINIC
n,12976833829,26.1666681,91.7793614,amenity,bank,Bank of India
n,12976833832,26.1667972,91.7793186,shop,general,NEEC'S KALITA ENTERPRISE
n,12976833833,26.1668256,91.7792988,shop,mall,GREAT EASTERN TRADING CO.
n,12976833834,26.1669773,91.7792408,shop,yes,FMB FLOWER MOST BEAUTIFUL
n,12976833835,26.1670037,91.7792448,shop,general,SARMA STORES
n,12976833836,26.1670128,91.7792392,amenity,restaurant,THE ALCHEMY GRILL AND LOUNGE
n,12976833837,26.1670292,91.7792398,shop,hairdresser,RAYMOND HAIR AND SPA SALOON
n,12976833838,26.1670703,91.7792001,shop,hardware,BIRLA
n,12976833839,26.1670726,91.7792005,shop,electronics,BAJAJ NEW SUNNY ELECTRICALS
n,12976833840,26.167119,91.7791805,shop,yes,SWEETS AND SNACKS
n,12976833841,26.1672807,91.7791152,shop,yes,PATOWARY COMMUNICATION
n,12976833842,26.1672831,91.7791147,shop,yes,DEEP STORE
n,12976833843,26.1672825,91.7791137,shop,yes,DR. SHARMA'S PRONIMAL CARE HOME
n,12976833844,26.167283,91.7791159,amenity,bank,CANARA BANK
n,12976833845,26.1672892,91.7791099,shop,chemist,NEW CHILARAY DRUGS
n,12976833846,26.1673338,91.7790779,shop,chemist,NEW JONALI DRUG
n,12976833849,26.1675075,91.779023,shop,jewelry,MANK CHAND NAND KISHORE JEWELERY
n,12976835846,26.1749008,91.7586462,shop,mobile_phone,ajay mobile
n,12976835847,26.1749056,91.7587441,shop,chemist;wine,D&J ENTERPRISE;antiquity blue
n,12976835848,26.174994,91.7588976,shop,convenience,SHANKAR STORE
n,12976864901,26.175106,91.7727466,shop,furniture,GLOBAL FURNITURE
n,12976864903,26.1752787,91.7727897,amenity,restaurant,CHINA TOWN
n,12976864904,26.1756167,91.7729242,shop,tailor,NEW FASHION LADIES TAILORING
n,12976864905,26.1756402,91.7729295,shop,tailor,CUTS AND CUURVES
n,12976864906,26.1756983,91.7729401,shop,computer,STUDIO CHANDANI
n,12976864907,26.1757558,91.772956,shop,medical_supply,BORA MEDICAL
n,12976864908,26.1758419,91.7729821,amenity,restaurant,PAYAL CHADHA
n,12976864909,26.1760398,91.7730688,amenity,restaurant,TREAT CORNER
n,12976864910,26.176068,91.7730799,amenity,restaurant,FRIENDLY KITCHEN
n,12976864911,26.1761022,91.7730908,amenity,restaurant,ADDA@99
n,12976864912,26.1761466,91.7731225,shop,convenience,R.M. STORE
n,12976864913,26.176252,91.7731709,amenity,restaurant,RICON
n,12976864914,26.1766462,91.7732891,shop,yes,BHAI BHAI STORE
n,12976864915,26.1766657,91.7732941,shop,medical_supply,NEERMAL JEEVAN MEDICOS
n,12976864916,26.1767133,91.7733104,shop,computer,STAR PRINTERS
n,12976864917,26.1769208,91.7733857,shop,musical_instrument,LOKENATH MUSIC MART
n,12976864918,26.176983,91.7734125,shop,travel_agency,YATRA 24
n,12976864919,26.1772,91.7734928,shop,convenience,MEENARBHAA
n,12976864920,26.1772289,91.7735033,shop,jewelry,MRIGAKSHI'S
n,12976864921,26.177263,91.7735137,shop,medical_supply,RAJGARH JANMEJOY MEDICOS
n,12976864922,26.1772907,91.7735297,shop,travel_agency,EASE MY TRIP
n,12976864923,26.1773349,91.7735714,shop,convenience,NEPTUNE
n,12976864924,26.1773635,91.7735572,shop,paint,PAINTS AND MORE
n,12976864925,26.1774066,91.7735572,shop,hairdresser,ANIKET HAIRDRESSER
n,12976864926,26.17746,91.7735786,shop,hairdresser_supply,JONALI BORUAH
n,12976864927,26.1774794,91.7735786,shop,clothes,G.D. CREATION
n,12976879915,26.1814226,91.7403824,shop,optician,Mitra Optical
n,12976879916,26.1813905,91.7403397,amenity,restaurant,The London Shakes
n,12976879917,26.1813623,91.7403293,amenity,restaurant,Feed Zone
n,12976879918,26.1813529,91.7403278,shop,watches,Prince Watch Co.
n,12976879919,26.1813237,91.740322,shop,yes,Ashoka Furnishings
n,12976879920,26.1812816,91.74029,shop,yes,"Duke, The Essence of Great Fashion"
n,12976879921,26.1812661,91.7402807,shop,clothes,K Fashions
n,12976879922,26.1812332,91.7402723,shop,yes,Hardware House
n,12976879923,26.1812132,91.7402614,shop,yes,Sudhir Chandas & Sons
n,12976879924,26.1811887,91.7402299,amenity,marketplace,Suraj Market
n,12976879925,26.1811731,91.7402264,shop,yes,Sargum Furnishing
n,12976879926,26.181118,91.7401984,shop,yes,Juma Hardware
n,12976879927,26.1810638,91.7402051,shop,yes,Saas Babu
n,12976879928,26.1810095,91.7401772,shop,clothes,Adore
n,12976879929,26.1809611,91.7401086,amenity,bank,UCO Bank
n,12976879930,26.1809273,91.7401047,shop,yes,Vishnu Stores
n,12976892546,26.175117,91.7593832,amenity,restaurant,
n,12976892547,26.175051,91.7597469,shop,fashion_accessories,
n,12976892548,26.175052,91.7597435,shop,fashion_accessories,
n,12976892549,26.1750128,91.7598275,amenity,place_of_worship,MASJID E SHAYKH
n,12976892551,26.1750047,91.7598916,shop,chemist,MS AKASH MEDICOS
n,12976892552,26.1750049,91.7598888,shop,hairdresser,NASIM HAIR CLINIC
n,12976894391,26.1748773,91.7604864,shop,chemist,"NEW R,C, MEDICAL"
n,12976894392,26.1748978,91.7604635,shop,chemist,M/S DIPALI MEDICAL
n,12976894393,26.1749109,91.7604373,shop,hardware,SEIKH HARDWERE
n,12976894394,26.1749123,91.760435,shop,nuts,KALITA PAN SHOP
n,12976894395,26.1749113,91.7604327,shop,general,TALUKDAR STORE
n,12976894396,26.1748562,91.7606077,shop,chemist,SHAH HOMOEO PHARMACY
n,12976894397,26.1748573,91.7606033,shop,convenience,PANDEY STORE
n,12976894398,26.1748915,91.7608127,shop,convenience,ROYAL GROCERS
n,12976902948,26.1744227,91.7671296,shop,general,KALITA STORE
n,12976902949,26.1744023,91.767274,shop,beauty,BOUNCE SALON
n,12976902950,26.1743883,91.7673308,shop,convenience,MAA BOISHYA ENTERPRISE
n,12976902951,26.1743869,91.7673878,shop,hardware,SHREE GANESH HARDWARE
n,12976902952,26.1743735,91.7674319,shop,general,CARONA STORE
n,12976907975,26.1522459,91.7842299,shop,fashion_accessories,PARRYWARE
n,12976907976,26.1526098,91.784315,shop,hardware,DIPAK GRANITE
n,12976907977,26.1526519,91.7843295,shop,hardware,C'KAY
n,12976907978,26.152736,91.7843631,shop,hardware,NITCO
n,12976907979,26.152755,91.7843759,shop,hardware,GARIMA MARBLES
n,12976907985,26.154199,91.7835261,amenity,restaurant,CLASSIC RESTAURANT
n,12976923121,26.1746323,91.7644159,shop,chemist,MODERN HOMOEO CLINIC
n,12976923122,26.1746316,91.7644747,shop,furniture,M/S DEEP FURNITURE HOUSE
n,12976931176,26.1745992,91.7647989,shop,fabric,SINGHA FEBRICATION
n,12976937644,26.1746536,91.7646507,amenity,restaurant,MAA KAMAKHYA MANBI KITCHEN
n,12976938270,26.1682891,91.7515876,shop,hardware,GALAXY ENTERPRIISE
n,12976938271,26.1683168,91.7514113,shop,hardware,K.N TRADERS
n,12976938272,26.1807027,91.73987,shop,trade,M.S. traders
n,12976938273,26.180671,91.7398446,shop,yes,Malik Brothers
n,12976951799,26.1751851,91.7575398,amenity,restaurant,AKASHIGANGA RESTAURANT
n,12976951800,26.1754597,91.7574452,shop,clothes,
n,12976954801,26.1755053,91.7574323,shop,clothes,
n,12976954802,26.1755378,91.7574244,shop,jewelry,MAHADEV JEWELLERS
n,12976954803,26.1756945,91.7574222,shop,yes,KESHAB
n,12976954804,26.1757046,91.757408,shop,sports,JACARIO SPORTS
n,12976954805,26.1757277,91.7574012,shop,hairdresser,LOTUS HAIR AND BEAUTY
n,12976954806,26.1757691,91.7573917,shop,grocery,
n,12976954807,26.1763187,91.7572436,shop,convenience,
n,12976954808,26.1763772,91.757237,shop,furniture,ROYAL LIVING
n,12976954809,26.1765408,91.7572297,shop,watches,TITAN
n,12976980095,26.1509854,91.7861989,shop,clothes,power fasion
n,12976980096,26.1507671,91.7859499,shop,hardware,Vivek Samilary & hardware
n,12976980097,26.1506656,91.7858689,shop,general,sudha
n,12976980098,26.1506449,91.7858797,shop,computer,lord printers
n,12976980099,26.1506394,91.7858825,shop,jewelry,GAURAV JEWELLERY
n,12976980100,26.1506291,91.7858887,shop,general,CHITRABONI
n,12976991998,26.1743313,91.765952,amenity,restaurant,KOLKATA BIRYANI
n,12977012997,26.1549573,91.7835033,shop,agrarian,RAJDHANI NURSERY
n,12977020201,26.1505695,91.7857991,shop,general,D.R STORE
n,12977020202,26.1505382,91.785765,shop,general,M/S PALLOY
n,12977020203,26.1505279,91.7857712,amenity,fast_food,ASSAM FAST FOOD
n,12977020204,26.1504828,91.7856945,shop,computer,GRAPHIC
n,12977021841,26.1700715,91.7706634,shop,yes,CRAFT'S CORNER
n,12977021842,26.1700053,91.7706335,shop,car_accesories,THE CAR CLUB
n,12977021843,26.1698455,91.7705665,shop,xerox,barman rubber stamp & xerox
n,12977021844,26.169833,91.7705554,shop,yes,wow exotic .com
n,12977021845,26.1698174,91.7705452,shop,yes,exide care
n,12977021846,26.169758,91.7704932,shop,yes,flex printing
n,12977021847,26.1697187,91.7704771,shop,hardware,the pegasus
n,12977021848,26.1697102,91.7704687,shop,beauty,M.J. PARLOURIC
n,12977021850,26.1691376,91.770234,shop,yes,MYCLEANERS.IN
n,12977021851,26.1691277,91.7702251,shop,beauty,DEZNA
n,12977021852,26.1690316,91.7701817,amenity,restaurant,LUITPORIYA KITCHEN
n,12977021854,26.1689205,91.7701112,amenity,restaurant,CHERRY'S
n,12977021855,26.1689101,91.7701011,amenity,clinic,MR. BLUE
n,12977021856,26.1688929,91.7700877,shop,tattoo,
n,12977021857,26.1688571,91.7700641,amenity,school,ART SCHOOL GUWAHATI KALA VIDYALAYA
n,12977021859,26.1686822,91.770018,shop,hardware,MAHARUDRA HARDWARES & ELECTRONICALS
n,12977021860,26.1686668,91.7700059,shop,jewelry,ORNET
n,12977021861,26.1685991,91.769982,amenity,restaurant,BAINI'S CORNER
n,12977021862,26.1685918,91.7699788,shop,medical_supply,FRANK ROSS
n,12977021865,26.1682488,91.7698455,shop,printing,BHABANI GRAPHICS PRESS
n,12977021866,26.1682164,91.7698142,shop,ticket_counter,BRAHMAPUTRA TRAVELS
n,12977021867,26.1681686,91.7697887,shop,beauty,SUNIL AIR CONDITIONS SALON
n,12977021868,26.1681569,91.7697819,amenity,clinic,VISULEYES
n,12977021869,26.1681263,91.76977,shop,musical_instrument,MUSIC CORNER
n,12977021871,26.1675521,91.7694954,shop,mall,CART MAHAL
n,12977021874,26.167247,91.7693563,shop,yes,RADHIKA SWEETS
n,12977021875,26.1672901,91.769363,shop,medical_supply,DR. LAL PATH LABS
n,12977182577,26.1445459,91.7797947,shop,optician,Prime Optics
n,12977182578,26.1444581,91.7798567,shop,yes,Suman store
n,12977182579,26.1444776,91.7799102,shop,electronics,Orient Electric
n,12977182580,26.144501,91.7800151,shop,lottery,Try your luck
n,12977182582,26.1444879,91.7800708,shop,yes,florina shop
n,12977182583,26.1444876,91.7800713,shop,electronics,Polycab shop
n,12977182584,26.1444871,91.780072,shop,computer,MGS Technologies
n,12977182585,26.144487,91.7800732,shop,hardware,MSBK Glass and Hardware
n,12977182586,26.1444893,91.7802835,shop,repair,MAA SHUWALA STEEL FABRICATION
n,12977182587,26.1444829,91.7804243,shop,yes,xerox point
n,12977182588,26.1444695,91.7805351,amenity,bank,SBI BANK
n,12977182589,26.144458,91.7805483,shop,hardware,Rajdhani glass and hardware
n,12977182590,26.1444581,91.7805453,shop,yes,Jyotimoy pan shop
n,12977182591,26.1444583,91.7805495,shop,medical_supply,Patgiri medico
n,12977182593,26.1444295,91.7807509,amenity,bank,ICICI BANK
n,12977182594,26.1444114,91.7808058,shop,yes,JUNU SHOP
n,12977182595,26.1444106,91.7808085,shop,hairdresser,Chikun unisex parlour
n,12977182596,26.1443141,91.7809548,shop,paint,Berger
n,12977182597,26.1442669,91.781011,shop,outpost,DTDC
n,12977182599,26.1442031,91.781231,shop,books,customife book store
n,12977182600,26.1442048,91.7812334,shop,yes,coco pan shop
n,12977236601,26.1442038,91.7815056,shop,dairy,purovi lakhi store
n,12977236602,26.1442034,91.7815068,amenity,hospital,Eye care medico
n,12977236603,26.1442153,91.7815706,shop,yes,Deka pan dukan
n,12977236604,26.1442254,91.7815918,shop,yes,Dominos
n,12977236605,26.144296,91.7817225,shop,mobile_phone,REALME WITECH
n,12977236606,26.1443242,91.7818813,shop,medical_supply,BE WELL MEDICO
n,12977236607,26.1443236,91.7818803,amenity,fast_food,NAMSAI KITCHEN
n,12977236608,26.1442667,91.7821718,shop,mobile_phone,R.K ENTERPRISE
n,12977236609,26.1442845,91.7822499,shop,paint,ASIAN PAINTS
n,12977236611,26.1448378,91.776812,shop,mobile_phone,ANJU MOBILE STORE
n,12977236612,26.144294,91.7825965,shop,medical_supply,GANAPATI MEDICOS
n,12977236613,26.1442858,91.7828762,amenity,fast_food,BINDASS FAST FOOD
n,12977236614,26.1443037,91.7829616,shop,wine,ROYAL STAG
n,12977236615,26.1443334,91.7830313,shop,medical_supply,KALITA STORE
n,12977236616,26.144343,91.7831792,shop,yes,MAA STORE
n,12977236617,26.1444939,91.7835294,shop,hairdresser,HAIR CUTTING SALOON
n,12977236618,26.1447496,91.7841459,shop,shoe_repair,NISHA SHOE CENTRE
n,12977236620,26.1447565,91.7846315,amenity,bank,AXIS BANK
n,12977874476,26.1158836,91.798327,shop,hardware,kamakhya trader
n,12977874477,26.1158668,91.7983128,shop,hardware,kamakhya trader
n,12977874478,26.115852,91.7983089,shop,pet,j.d pets clinic
n,12977874480,26.1157615,91.79829,shop,general,puza pan shop
n,12977874481,26.1157362,91.7982852,shop,mobile_phone,mv brother's
n,12977874482,26.1157266,91.7983133,shop,furniture,sangam furniture house
n,12977874483,26.1157129,91.7983765,amenity,bank,HDFC Bank
n,12977874484,26.1155583,91.7983738,shop,furniture,kiran furniture
n,12977874485,26.1155299,91.7983932,shop,travel_agency,abhishek travels
n,12977874486,26.1154898,91.7983957,shop,general,united pan shop
n,12977874487,26.1154461,91.7984032,shop,medical_supply,m/s j.m.b medicos
n,12977874488,26.1154171,91.7983957,shop,hardware,mamta sales
n,12977874489,26.1153792,91.7983908,shop,hardware,kamakhya metals
n,12977874490,26.1153058,91.7983829,amenity,clinic,speciality homoepathic clinic
n,12977874491,26.115279,91.7983829,shop,wine,come alive
n,12977874492,26.1151808,91.7984501,amenity,restaurant,village kitchen
n,12977874493,26.1150783,91.7984188,amenity,restaurant,hotel bidisha
n,12977874494,26.1150205,91.7984202,amenity,clinic,eve care clinic
n,12977874495,26.114975,91.7984203,shop,hardware,tirupati steels
n,12977874496,26.1149082,91.7984129,shop,tyres,m/s tirupati steals
n,12977874497,26.113811,91.8021314,shop,hardware,
n,12977874498,26.1148753,91.7984074,shop,hardware,m/s rohini traders
n,12977874499,26.1147851,91.7983638,amenity,restaurant,rohini
n,12977874500,26.1147696,91.7983192,amenity,bank,union bank
n,12977883463,26.1170244,91.7984282,shop,electronics,mamta sales
n,12977883464,26.1169703,91.7984176,shop,hardware,brb trading
n,12977883465,26.1169343,91.798411,shop,hardware,brb trading
n,12977883466,26.1167929,91.7983937,shop,medical_supply,shivam medicos
n,12977883467,26.1167549,91.7983907,shop,jewelry,navya
n,12977883468,26.116734,91.7983858,shop,convenience,m/s maa store
n,12977883469,26.1166977,91.7983812,shop,motorcycle_repair,kamakhya two wheeler workshop
n,12977883470,26.1166856,91.7983854,shop,art,arika art
n,12977883471,26.1166801,91.7983817,shop,tyres,r.s tire
n,12977883472,26.1164681,91.7983595,shop,motorcycle_repair,shree shyam shop
n,12977883474,26.116303,91.7983417,shop,interior_decoration,ritik interior solution
n,12977883475,26.1162257,91.7983297,shop,bed,siddhi vinayak
n,12977883476,26.1161616,91.7983781,shop,motorcycle,hind autozone tvs
n,12977883477,26.1160673,91.7983683,shop,motorcycle_repair,vishal automobile
n,12977883479,26.116039,91.7983914,shop,wine,lords wine shop
n,12977883481,26.1159424,91.7983538,shop,medical_supply,the health corner
n,12977994307,26.1143204,91.7982662,shop,hardware,shivas glass and plywood
n,12977994308,26.1141633,91.7982366,shop,furniture,m/s ganesh furniture
n,12977994309,26.1141307,91.7982571,shop,convenience,siddhi vinayak store
n,12977994310,26.1141027,91.7982469,shop,furniture,rk furniture
n,12977997402,26.1144824,91.7982799,shop,jewelry,mallika jewellery
n,12977997403,26.1144417,91.7982778,amenity,clinic,doctor's chamber
n,12977997404,26.1143664,91.7982613,shop,convenience,7 to 10
n,12977997405,26.1143342,91.7982739,shop,hardware,goyal light house
n,12978095765,26.1134499,91.7982575,shop,optician,the optical
n,12978095766,26.1133921,91.7983031,shop,hardware,singhal paint house
n,12978095767,26.1132115,91.7981932,shop,medical_supply,basistha medico's
n,12978095768,26.1131657,91.798279,shop,convenience,ganesh store
n,12978095769,26.1131175,91.7981958,shop,mobile_phone,maitri traders
n,12978095770,26.1131103,91.7983246,shop,hardware,s.p tripal house
n,12978095771,26.1130405,91.7982656,shop,furniture,yuktashi furnishings
n,12978095772,26.1129113,91.7982897,amenity,clinic,borbora clinic
n,12978095773,26.1128454,91.7983085,shop,clothes,subhams
n,12978095774,26.112855,91.7982683,shop,confectionery,sarma's mithai
n,12978095775,26.1128165,91.7982844,shop,clothes,fashion point
n,12978095776,26.1127803,91.7982441,shop,mobile_phone,happy ninja
n,12978095778,26.1127225,91.7986545,amenity,fast_food,richa fast food & khorika
n,12978153670,26.1759884,91.7748118,shop,convenience,ANKIT STORE
n,12978153671,26.1760009,91.7748003,shop,electronics,VOLTAS SERVICE
n,12978153672,26.1761583,91.7737009,shop,general,SAFE WASH
n,12978153673,26.1761911,91.773664,shop,furniture,R.R FURNITURE
n,12978157795,26.1558092,91.7835231,amenity,cafe,THE GARDEN CAFE
n,12978157796,26.1562634,91.7839821,shop,clothes,TRENDZ
n,12978157798,26.1569894,91.7847078,shop,beauty,RITAZ PARLOUR
n,12978157799,26.157011,91.7847159,shop,convenience,MANMI STORE
n,12978184754,26.1129634,91.7987698,shop,ticket,assam valley
n,12978184755,26.1128719,91.7989576,amenity,fuel,Indian Oil
n,12978184756,26.1129489,91.7993546,amenity,restaurant,gupta store
n,12978184757,26.1130332,91.7996094,amenity,restaurant,maruti hotel
n,12978184758,26.1130525,91.7997247,shop,tea,m/s lakshmi tea & beverages store
n,12978184759,26.1130091,91.8002236,shop,car,oja jcb
n,12978184760,26.1131127,91.8007466,shop,car,oja hyundai
n,12978184762,26.1133102,91.801385,shop,tyres,teghiya tyre
n,12978184763,26.1132813,91.8014199,shop,tyres,raza tyre
n,12978190194,26.4540909,91.4449608,shop,general,STORE
n,12978190195,26.454258,91.4451356,shop,motorcycle_repair,S H MOTORS
n,12978190196,26.4543108,91.4451987,shop,general,STORE
n,12978190198,26.4544064,91.4453482,shop,jewelry,MANGAKI JEWELRY1
n,12978190199,26.4544744,91.4454207,shop,general,SMART POINT
n,12978190200,26.4545194,91.4454825,shop,motorcycle_repair,JANNU MOTOR REPAIRSHOP
n,12978201701,26.1580627,91.7858024,shop,convenience,LAKHI STORE
n,12978201702,26.1580768,91.7858103,amenity,fast_food,HOTEL ATITHI
n,12978223001,26.4546085,91.4455977,shop,electronics,S.ELECTRONICS
n,12978223002,26.4546952,91.4456984,shop,general,STORE
n,12978223004,26.4548319,91.4458773,shop,hardware,AKASH ENTERPRISES
n,12978223005,26.4549157,91.4459432,shop,motorcycle,Bajaj
n,12978223006,26.4551044,91.4461602,shop,general,SHOP
n,12978223008,26.4553217,91.4464848,shop,clothes,KK STORE
n,12978223009,26.4553898,91.446551,shop,pet,GODREJ FEED CENTRE
n,12978223011,26.4560376,91.4473479,shop,electronics,PLAGGIO COMMERCIAL
n,12978223012,26.4560653,91.4474457,shop,general,STORE
n,12978223013,26.456462,91.4478209,shop,beauty,ANGAGRAG
n,12978223014,26.4565173,91.4478826,shop,general,P.D.S SHOP
n,12978271749,26.4594328,91.4494145,shop,car_repair,Maruti Suzuki
n,12978271751,26.4601108,91.4497813,shop,motorcycle,MASHERS HOTIRTHO AUTO ENTERPRICE
n,12978271752,26.460882,91.4501376,shop,car,Tata
n,12978271756,26.4624282,91.4511943,shop,hairdresser,SUMON SALON
n,12978320427,26.1710117,91.7781445,shop,clothes,HASHTAG
n,12978320428,26.1709845,91.7781456,shop,hairdresser,PASSION
n,12978320430,26.16882,91.7789711,amenity,cafe,NIGHT LIFE
n,12978320431,26.1687993,91.7789747,shop,car,Tata
n,12978320432,26.1686336,91.779069,shop,hardware,P.P. ENTERPRICE
n,12978320433,26.1682876,91.779106,shop,clothes,CHARLIE
n,12978320434,26.1682374,91.7790999,shop,motorcycle,Bajaj
n,12978320435,26.1680802,91.7792332,shop,computer,TECHNO MART
n,12978320436,26.1679784,91.7792323,shop,clothes,PINNACLE DESIGNER BOUTIQUE
n,12978320437,26.1679402,91.7792432,amenity,cafe,THE RHAPSODY BISTRO
n,12978320438,26.1678837,91.7792542,shop,general,ALLURE HOLIDAYS
n,12978320439,26.1678064,91.7792718,shop,optician,RAMKRISHNA OPTICALS
n,12978320440,26.1676731,91.7793159,shop,general,DEPAK TENT HOUSE
n,12978320442,26.1671854,91.7794603,shop,beauty,MAMU'S BEAUTY PARLOUR
n,12978320445,26.1668586,91.7795993,shop,bakery,REDHEE'S BAKES
n,12978320446,26.1668154,91.7795949,amenity,clinic,GUWAHATI NEURO CLINIC
n,12978320447,26.1666484,91.7797074,shop,furniture,DECOR
n,12978443747,26.1704495,91.7779506,amenity,restaurant,FARHRENHEIT
n,12978443748,26.1704942,91.7779751,shop,clothes,MUGA the pride of assam
n,12978443749,26.1705314,91.7779793,shop,hairdresser,GENTLE LOOK
n,12978443750,26.1705908,91.777968,shop,general,S.K. STATIONARY
n,12978443753,26.1707911,91.7778723,amenity,restaurant,MATRIKKA
n,12978443754,26.170774,91.7778746,shop,tailor,RIMONA LADIES CORNER
n,12978443755,26.170779,91.7778547,shop,general,MRIDUL PAN SHOP
n,12978443756,26.1708707,91.7778275,shop,motorcycle,Royal Enfield
n,12978443757,26.1709676,91.7778279,shop,clothes,Q WOMAN'S PRIDE
n,12978443758,26.1711426,91.7777916,shop,alcohol,100 PIPERS
n,12978443759,26.1712351,91.7777733,shop,jewelry,RCHNEH JEWELLERS
n,12978443760,26.1713448,91.7776792,shop,clothes,PUNK
n,12978443761,26.1713767,91.7776762,shop,general,B.D. AUTOMOTIVE
n,12978443762,26.171416,91.7776575,amenity,cafe,GRADUATE CHAIWALA
n,12978443763,26.171681,91.7776216,shop,jewelry,BIMALA GAHANALAY
n,12978443765,26.1720336,91.777473,amenity,restaurant,AAHAAR
n,12978443766,26.1722633,91.7773731,shop,general,SANITARY PLAZA
n,12978524314,26.1732415,91.7798575,shop,optician,D.D. OPTICALS
n,12978524315,26.1733738,91.7796911,amenity,clinic,SS PHYSIOTHERAPY CENTRE
n,12978524316,26.173576,91.7794638,shop,repair,UJJAL DYNAMO SERVICE
n,12978524318,26.1736368,91.7793902,shop,dairy,HOROVUG DOI
n,12978524319,26.173688,91.7793463,shop,electronics,SANU ELECTRONIC
n,12978524321,26.1738912,91.7790755,shop,copyshop,BOR LUIT STATIONARY
n,12978524322,26.1741959,91.7787304,shop,hairdresser,SALON
n,12978524323,26.1742111,91.7787102,amenity,cafe,HIMACHAL MAGGI HOTSPOT
n,12978524324,26.174225,91.7786856,shop,general,DEKA PAN SHOP
n,12978524325,26.1742377,91.7786419,shop,furniture,GOLDEN FURNITURE
n,12978524326,26.1742395,91.7785993,amenity,clinic,HOMOED DISPENSARY & DNT CLINIC
n,12978524327,26.1742542,91.7785906,amenity,restaurant,HOTEL & RESTAURANT
n,12978548897,26.1743332,91.7785342,shop,hairdresser,LAKME SALON
n,12978548898,26.1745809,91.7782587,shop,general,PRESTIGE
n,12978548899,26.1746826,91.7777523,shop,general,MUNNA PAN SHOP
n,12978548900,26.1746723,91.7777094,shop,general,PUJA STORE
n,12978605402,26.17467,91.7776419,shop,general,DOLOI TRADERS
n,12978605403,26.174673,91.7775903,shop,general,EUROPA
n,12978605404,26.1746808,91.7774438,shop,furniture,TEGHIYA FURNISHING HOUSE
n,12978605407,26.1746627,91.7772225,shop,alcohol,JAMESON
n,12978605408,26.1746328,91.7771619,amenity,bank,Axis Bank
n,12978605409,26.1746384,91.7771544,shop,tailor,RAJLAXMI TEXTILE
n,12978605410,26.1746414,91.7771452,shop,tailor,SHABNAM TAILORS
n,12978974967,26.1134234,91.8017498,amenity,restaurant,suresh dhaba
n,12978974969,26.1137678,91.8030372,shop,car_repair,gs sustom
n,12978974970,26.1143482,91.8048236,amenity,fuel,hindustan oil
n,12978974971,26.1144181,91.8053225,shop,car,north east
n,12978974972,26.1145429,91.8054749,amenity,restaurant,kalpaat
n,12978974973,26.114381,91.8056207,shop,interior_decoration,welspun flooring
n,12978974974,26.1146965,91.8066754,shop,car_repair,service centere
n,12978974975,26.1149771,91.8076683,shop,car,apunar skoda
n,12978974976,26.1151969,91.8080241,shop,car_repair,manpreet diesel
n,12992955615,25.5694431,91.8980529,amenity,cafe,Olivia's Kitchen
n,13004731685,27.5463815,91.6563261,amenity,place_of_worship,Stupa
n,13006084118,26.1660369,91.7685817,amenity,fast_food,Shree Shyam Fruits & Juice
n,13007884479,26.1658593,91.8315106,shop,electronics,Ganesh Auto Electricals
n,13007884481,26.1657175,91.8315976,shop,motorcycle_repair,Ganesh Maruti Works
n,13007884482,26.1654985,91.8317537,shop,furniture,The Wood Essence
n,13007884483,26.1654356,91.8318017,shop,electronics,The Gadget Zone
n,13007884484,26.1653291,91.831886,shop,convenience,Lily Enterprise
n,13007884485,26.165302,91.8319117,shop,dry_cleaning,City Dry Cleaners
n,13007888135,26.1694914,91.82922,shop,convenience,Blinkit
n,13007888136,26.1692257,91.8294037,shop,bed,Kolkata Bedding Store
n,13007888137,26.1691007,91.8294693,shop,convenience,Madhu Varities
n,13008432169,26.1586033,91.8384204,shop,books,Vidya Book Land
n,13008478305,26.1647435,91.8323443,amenity,fast_food,Kasturi Dhaba
n,13008478306,26.1646831,91.8323786,shop,motorcycle_repair,City Motors
n,13008478308,26.164457,91.8325073,shop,electronics,Network Zone
n,13008478309,26.1643332,91.8326091,amenity,fast_food,Tripti
n,13013568426,26.1640292,91.8325062,shop,jewelry,Vinayak Jewellers
n,13016620965,26.1240736,91.7193977,shop,hardware,VIP HARDWARE & SANITARY
n,13016620966,26.124133,91.7194288,amenity,clinic,FAMILY HEALTH CLINIC
n,13016620967,26.1247529,91.7195399,shop,gift,GIFT CORNER
n,13016620968,26.1248546,91.719571,shop,mobile_phone,JANNAT MOBILE STORE
n,13016620969,26.1257359,91.7195557,shop,yes,POMPI STORE
n,13016620970,26.127069,91.7195503,shop,chemist,POPULAR MEDICOS
n,13016620971,26.1800298,91.7747464,amenity,cafe,DM's Delights
n,13016620973,26.1800847,91.7748914,shop,clothes,Ladies Kat
n,13016620974,26.1800638,91.774996,shop,clothes,Sinful Act
n,13016620976,26.1800082,91.775093,amenity,cafe,Kadak Chaa
n,13016620977,26.1800021,91.7751717,amenity,cafe,Cafe De Lite
n,13016620978,26.1800809,91.775238,shop,electronics,F-Ex
n,13016620979,26.1800857,91.7752842,shop,electronics,Future Tech
n,13016620980,26.1800203,91.7752992,amenity,cafe,D Corner
n,13016631264,26.1871167,91.7409123,shop,florist,Love Affair
n,13016631265,26.1872017,91.7410582,shop,florist,New Uday flower
n,13016631266,26.1872077,91.7410728,shop,florist,Uday flower decorator
n,13016631267,26.1872277,91.7411402,amenity,cafe,Lemongrass
n,13016658207,26.1801589,91.7744457,shop,bakery,Gossains
n,13016658208,26.1800975,91.7743574,shop,outdoor,Wildcraft
n,13016658209,26.1800837,91.7744588,amenity,restaurant,Mon Jai
n,13016658210,26.1800821,91.7744703,shop,books,Heritage Bookstore
n,13016658211,26.1801138,91.7745897,amenity,cafe,Hunger End
n,13016658212,26.1788619,91.8199646,amenity,fuel,HP
n,13016658213,26.1788642,91.8196352,shop,interior_decoration,NEELKAMAL ENTERPRISE
n,13016658214,26.1788808,91.8196013,amenity,cafe,
n,13016658215,26.1788641,91.8194495,shop,car_repair,
n,13016658216,26.1788457,91.8191906,shop,tyres,
n,13016658217,26.1788873,91.8181979,shop,motorcycle,
n,13016660407,26.1296189,91.7795629,shop,motorcycle_repair,Star Bike Service
n,13016674834,26.1402309,91.7856707,shop,florist,Banglore Florist
n,13016675008,26.1289848,91.77814,shop,mobile_phone,AMC Mobile Store
n,13016679254,26.162165,91.7349293,amenity,clinic,Manashi Health Clinic
n,13016683382,26.1291699,91.7781297,shop,jewelry,Golap Jewellers
n,13016683385,26.1291681,91.7782321,shop,electrical,M.B Cooling Centre
n,13016683386,26.1291816,91.7783804,shop,general,Babu Store
n,13016683390,26.1291428,91.7785039,shop,general,A.R Store
n,13016683392,26.1291838,91.7786415,shop,department_store,Raja Enterprises
n,13016683393,26.1291274,91.7789258,shop,clothes,Kolkata Fashion
n,13016683394,26.1290707,91.778981,shop,motorcycle_repair,Bhai Bhai Motorcycle
n,13016683395,26.1290695,91.7789937,shop,mobile_phone,Airtel
n,13016688124,26.1693278,91.8293619,shop,wine,Droplet wine shop
n,13016688125,26.1572532,91.8383028,shop,motorcycle_repair,AJ Bike Service Point
n,13016688126,26.1575063,91.8383928,shop,hardware,R.K. Hardware
n,13016688127,26.157567,91.8384188,shop,electronics,Shyam Electronics
n,13016688128,26.1577138,91.8384617,shop,stationery,Kanchan Store
n,13016688130,26.1581721,91.8386106,shop,hairdresser,Aparna Makeup studio & training
n,13016688131,26.1582363,91.8386242,shop,supermarket,Pulen Das Super Market
n,13016688132,26.1583014,91.8386224,shop,clothes,Agarwal Traders
n,13016688133,26.1583744,91.8386231,shop,cosmetics,Pragati Store
n,13016688134,26.1584229,91.83868,shop,electronics,Ganesh Electrical
n,13016688135,26.1585396,91.838487,shop,jewelry,S.G. Jewellery
n,13016688136,26.15865,91.8383716,shop,books,Laxmi Book Store
n,13016688137,26.1587342,91.8382582,shop,jewelry,Alka Jewellers
n,13016688138,26.1588122,91.8381987,amenity,fast_food,Axom Fast Food
n,13016688139,26.1588511,91.8380494,shop,convenience,Madras Store
n,13016688140,26.1590982,91.8378459,shop,tailor,Raj Uniform
n,13016688141,26.1591607,91.8377612,shop,optician,Satgaon Opticals
n,13016688142,26.1592791,91.8375782,shop,convenience,Balaji Market
n,13016688143,26.1593181,91.8375376,shop,mobile_phone,Multi corner
n,13016688144,26.1593649,91.8375641,amenity,fast_food,Chilled Treats
n,13016688145,26.1594528,91.8374044,shop,clothes,Jain enterprise
n,13016688846,26.1738367,91.8021756,amenity,place_of_worship,Sri Sri Shivadham
n,13016688848,26.1745386,91.8024224,shop,tailor,Ladies Tailor
n,13016688849,26.1745691,91.8024451,shop,clothes,School House
n,13016688851,26.157058,91.8384378,shop,stationery,Alaka Store
n,13016688852,26.1569851,91.8384058,shop,convenience,R.S. Mini Mart
n,13016688853,26.1567958,91.8383185,shop,clothes,D.D. Collection
n,13016688856,26.1560415,91.8382262,shop,pastry,Subam Sweets
n,13016688857,26.1559353,91.8382193,shop,furniture,Jeherrul Hussain Enterprise
n,13016688858,26.1557381,91.8381748,shop,convenience,Jawed Store
n,13016688859,26.155534,91.8381309,shop,tailor,Jeena tailors
n,13016688860,26.1554242,91.8380993,shop,furniture,Life co. Medicos
n,13016689238,26.1294662,91.7795856,shop,car_parts,Muskan Hair Salon
n,13016689239,26.1295311,91.7795632,shop,tailor,H R Cloth Store
n,13016689240,26.1293728,91.779581,shop,car_parts,Sultana Motors
n,13016689243,26.1294203,91.7795757,shop,hardware,MS Choudhury Enterprise
n,13016689245,26.1291927,91.7795503,shop,department_store,GALAXY
n,13016689246,26.1291603,91.7795374,shop,tobacco,Anisha Pan Shop
n,13016711401,26.1674827,91.830163,shop,computer,Computer & Electronics
n,13016711402,26.1675861,91.8301346,shop,motorcycle_repair,Pioneer Automotives
n,13016711404,26.1676819,91.8300697,amenity,restaurant,Juhal Restaurant
n,13016711406,26.1679925,91.8298404,shop,optician,Eyekart Opticals
n,13016711407,26.1681702,91.8297634,shop,motorcycle_repair,Ahmed Scooter Service
n,13016711408,26.1682214,91.8297263,shop,convenience,Barman Brothers
n,13016711409,26.1691433,91.8291721,shop,bed,New Sarif Furnishing
n,13016711411,26.1697067,91.8288736,shop,convenience,Sumitra Store
n,13016711412,26.1697273,91.8288623,shop,bicycle,Bharatiya Cycle Stores
n,13016711413,26.1698015,91.8288232,shop,bakery,Madhu sweets
n,13016711414,26.1316416,91.7210528,shop,car,BROTHERS MOTORS
n,13016711415,26.1364995,91.7245366,shop,bakery,SRI GANESH SWEETS
n,13016711416,26.1373008,91.7247259,shop,car,THE CAR STORE
n,13016711417,26.1380605,91.7254839,shop,mobile_phone,
n,13016711418,26.1373983,91.7247402,shop,mobile_phone,MOBILE HUB MOBILE REPARING
n,13016711420,26.1387388,91.7250644,shop,furniture,FR. HAZARIKA FURNITURE HOME
n,13016711421,26.1398072,91.7252705,shop,wine,GANESHPARA WINE SHOP
n,13016711422,26.1398992,91.7253033,shop,butcher,TERON PORK SHOP
n,13016711423,26.1428065,91.7267121,shop,yes,MOM AND DAD STORE
n,13016711424,26.1428947,91.726743,shop,beauty,PUJA BEAUTY PARLOUR
n,13016711425,26.1489312,91.7285873,shop,mobile_phone,Oppo
n,13016711426,26.1504119,91.7293853,shop,electronics,GREAT WHITE ELECTRONICS
n,13016711427,26.1509223,91.7296132,shop,hardware,JOY MAAKALI HARDWARE STORE
n,13016711428,26.1509481,91.7295778,shop,jewelry,ASAHA JEWELLERS
n,13016711429,26.1509303,91.72965,shop,car_repair,ANVI AUTO PARTS
n,13016711430,26.1509164,91.7295693,shop,cosmetics,SABITRI STORE
n,13016711431,26.1516252,91.7298891,shop,gift,E- GIFT STORE
n,13016711432,26.1522258,91.7302598,shop,bicycle,
n,13016711433,26.1516665,91.7299057,shop,bicycle,PRAMANDA CYCLE
n,13016711434,26.1536314,91.7305542,shop,hardware,SOMNATH PLY & HARDWARE
n,13016711435,26.154318,91.7307942,shop,tyres,ANSARI TYRE AND SERVICE
n,13016711436,26.1551057,91.7310537,shop,hardware,SATYAMPLY & HARDWARE
n,13016711437,26.1560458,91.7313478,shop,jewelry,MAA GAHANALAYA
n,13016711439,26.1588222,91.7335749,shop,yes,MARWARY STORE
n,13016711440,26.161049,91.7329675,shop,stationery,
n,13016711441,26.1604256,91.7337921,shop,stationery,GLAMOUR POINT STATIONARY SHOP
n,13016711442,26.1609299,91.7338785,shop,convenience,SHANTI AGENCY
n,13016711443,26.1609783,91.7339484,shop,jewelry,MATRI JEWELLERY WORKS
n,13016711456,26.1583073,91.838823,shop,confectionery,A.R. Store & Pan Shop
n,13016714233,26.1792842,91.7350415,shop,general,M/S Shyam Store
n,13016714235,26.1794189,91.7352554,shop,paint,JSW Colouron
n,13016714236,26.1797056,91.7353769,shop,general,Aashirvaad
n,13016714237,26.1800152,91.7356281,shop,general,Dhani
n,13016714238,26.180085,91.73569,shop,florist,Rahul flower shop
n,13016714239,26.1801244,91.7357277,shop,motorcycle_repair,Auto sales india Ltd
n,13016714240,26.1802178,91.7358101,amenity,restaurant,Akshay plaza
n,13016714241,26.1805926,91.7361427,amenity,restaurant,harshita food
n,13016714242,26.1807172,91.7362197,shop,motorcycle_repair,Jalan repair shop
n,13016714243,26.1807993,91.7362976,shop,general,Shree Mahalaxmi
n,13016714245,26.1810769,91.7364915,shop,tea,Sprite
n,13016714246,26.1811585,91.736531,shop,general,Shree Mahadev
n,13016714247,26.1811752,91.7365345,shop,general,Jyoti Galla Bhandar
n,13016714248,26.1811815,91.7365371,shop,general,Thacker Traders
n,13016714249,26.1811882,91.7365386,shop,general,Oswal Complex;Anupurna Kiranwa
n,13016714250,26.1811941,91.7365418,shop,electronics,Western
n,13016714251,26.1812124,91.7365663,shop,department_store,Blue  Star
n,13016714252,26.1813815,91.736649,amenity,restaurant,JB'S
n,13016714253,26.1814884,91.7367277,shop,electronics,Surya
n,13016714255,26.18178,91.7369694,shop,clothes,Hettch
n,13016714258,26.1818258,91.7370021,shop,hardware,block
n,13016714259,26.1819042,91.7370631,shop,general,Swad ki pehchan
n,13016714261,26.1820324,91.7371519,shop,general,S.M
n,13016714262,26.1821847,91.7372399,shop,clothes,Hettich
n,13016714263,26.1821827,91.7372388,shop,clothes,Segments
n,13016714264,26.1821811,91.7372376,shop,general,M/S Parameshwar Puwan kumar
n,13016714265,26.1838608,91.7383009,amenity,restaurant,Nirshita
n,13016716581,26.1789026,91.8181387,shop,wine,
n,13016716582,26.1789009,91.8181611,shop,general,
n,13016716583,26.1789193,91.8175681,shop,general,
n,13016716584,26.1789132,91.8175168,amenity,fast_food,
n,13016716585,26.1789067,91.8173564,amenity,fast_food,FOOD HUNT
n,13016716586,26.1789021,91.8173685,shop,general,PAHI STORE
n,13016716587,26.1789041,91.8172695,shop,hairdresser,ARYA SALOON
n,13016716588,26.1788814,91.81703,shop,motorcycle,JAY BEE HONDA
n,13016716591,26.1786608,91.8156905,shop,hardware,M.C ENTERPRISE
n,13016716592,26.1786612,91.8157025,shop,wholesale,THE WHOLESALER
n,13016716593,26.1786593,91.815603,shop,craft,NOMI'S ETHNICA
n,13016716594,26.1786607,91.8155931,shop,electronics,KRISHNA ELECTRICALS
n,13016716595,26.1786604,91.8155815,shop,electronics,M.D. PC SOLUTION
n,13016716596,26.178662,91.8154219,shop,stationery,GANESH GIFT & STATIONERY
n,13016716597,26.1786706,91.8153369,shop,tailor,LUCKY TAILOR
n,13016716598,26.1786799,91.8153546,shop,general,SARMA STORE
n,13016716599,26.1786792,91.815243,shop,general,SUMAN STORE
n,13016716600,26.1786849,91.8151439,shop,furniture,ANGAD FURNITURE
n,13016725303,26.1787837,91.8138201,shop,motorcycle_repair,SHRI RAM MOTOR COMPANY
n,13016725304,26.1787896,91.8138051,shop,hardware,SARMA AUTO WORK SHOP
n,13016725305,26.1788033,91.8136337,shop,motorcycle,GRAND YAHOO! MOTORS
n,13016725306,26.1788127,91.8134803,shop,tailor,SUMIT TAILOR
n,13016725307,26.1788144,91.8134644,shop,hardware,SHIVA HARDWARE
n,13016725309,26.178828,91.813299,amenity,place_of_worship,SHRI SHRI LAKHI MANDIR
n,13016725310,26.1788393,91.8131288,shop,hardware,BABU HARDWEAR
n,13016725312,26.1788742,91.8126096,shop,electronics,KIRAN ENTERPRISE
n,13016725313,26.1788791,91.8125265,shop,stationery,VISHAL DISPOSAL
n,13016725314,26.1788858,91.8124336,shop,car,YAHOO! MOTORS
n,13016725315,26.1789012,91.8121807,shop,hardware,S.P BROTHERS ASSOCIATE
n,13016725316,26.1789183,91.8120021,shop,beauty,DEW BEAUTY CARE
n,13016725317,26.1789238,91.8119129,shop,department_store,BHARATI MART
n,13016725319,26.1789308,91.811827,shop,hairdresser,SANTOSH BARBER SHOP
n,13016725320,26.1789347,91.811736,shop,tyres,MAA DURGA WHEELZ
n,13016725321,26.1789624,91.8115214,amenity,place_of_worship,DURGA TEMPLE
n,13016729785,26.1852474,91.7554512,amenity,bank,IndusInd Bank
n,13016729787,26.1852539,91.7550921,amenity,cafe,J 14
n,13016729788,26.1852438,91.7550072,shop,beauty,Cheveu
n,13016729789,26.1852329,91.7550169,shop,jewelry,Kanyya
n,13016729790,26.1852495,91.754923,shop,wholesale,Nirmaan Favbric
n,13016729791,26.1852402,91.754925,shop,clothes,Priyadarshini
n,13016729792,26.1852394,91.7549706,shop,electronics,Daikin
n,13016729793,26.1852536,91.7548072,shop,appliance,Havells
n,13016729794,26.1853067,91.7546728,shop,chemist,Ma Manasha
n,13016729797,26.1853902,91.7535597,amenity,bank,Bank of Maharashtra
n,13016729800,26.1855476,91.7527777,amenity,cafe,Steaming Mug
n,13016737121,26.1257773,91.7792277,shop,general,Salima Store
n,13016737122,26.1260472,91.7791939,shop,general,Kahinur Enterprise
n,13016737123,26.1260706,91.7791963,shop,mobile_phone,Rashidul Mobile Point
n,13016737124,26.1261386,91.7792004,shop,jewelry,Iyarob Jewellers
n,13016737127,26.1262858,91.7791491,amenity,restaurant,Zaika
n,13016737128,26.1263854,91.7792431,shop,mobile_phone,Munnaf Store
n,13016737129,26.1270082,91.7791611,shop,wholesale,Nekib Store
n,13016737130,26.1271794,91.7792642,shop,general,Raju Enterprises
n,13016737131,26.1272157,91.7792715,shop,tailor,Babita Tailors
n,13016737132,26.1272537,91.7792734,shop,hairdresser,Kumar Saloon
n,13016737133,26.1273359,91.7792507,shop,tailor,Amin Tailors
n,13016737134,26.12765,91.7792302,shop,general,Mohidul Store
n,13016737136,26.1278092,91.7792736,shop,clothes,Dream Factory
n,13016737137,26.1278404,91.7792742,shop,clothes,Emo Fashion
n,13016737138,26.1278619,91.7792732,shop,mobile_phone,SM Mobile Accessories
n,13016737139,26.127982,91.7792709,shop,wholesale,Mizan Enterprises
n,13016737141,26.1280126,91.7792747,shop,mobile_phone,SS Mobile Shop
n,13016737142,26.1280743,91.7792931,shop,tailor,M.K. Tailors
n,13016737144,26.1282607,91.7792952,shop,clothes,R.Fashion
n,13016737145,26.1283203,91.779308,shop,tailor,Yasmin Tailors
n,13016737146,26.1284755,91.7793187,amenity,restaurant,Sufi Kitchen
n,13016737148,26.1285392,91.7793072,shop,electronics,Noor Electronics
n,13016737150,26.1286623,91.7793036,shop,hairdresser,Style Zone
n,13016737153,26.1289034,91.7793739,shop,bed,Intaj Beddings
n,13016737155,26.1289572,91.7793839,shop,general,N. N. Enterprise .B
n,13016738653,26.178942,91.8112693,shop,hardware,G.D ENTERPRISE
n,13016738654,26.1789842,91.8109873,shop,motorcycle_repair,DAS BIKE GARAGE
n,13016738655,26.1790113,91.8107211,shop,medical_supply,HELPING HAND MEDICOS
n,13016738656,26.1790289,91.8106934,shop,beauty,D.P. BEAUTY PARLOUR
n,13016738659,26.1790341,91.8105241,shop,motorcycle_repair,ABSOULTE INVENT
n,13016738660,26.1790693,91.8102474,shop,general,LAXMI BHANDAR
n,13016738661,26.1790725,91.8101624,shop,car_repair,A.A. AUTOMOBILE AGENCY
n,13016738662,26.1790762,91.8100656,shop,hairdresser,BLOND SALON
n,13016738663,26.1791209,91.8096892,shop,car_repair,PURNIMA AUTOMOBILE
n,13016738664,26.179167,91.8091984,shop,pet,PET VILLA
n,13016745461,26.1291206,91.7795061,shop,electrical,O K Electric
n,13016745462,26.1291306,91.7794845,shop,hardware,Guwahati Hardware
n,13016745463,26.1290609,91.7795823,shop,medical_supply,Alam Medicos
n,13016745464,26.1290614,91.7796135,shop,department_store,Anmol Store
n,13016745466,26.1290611,91.7796924,shop,mobile_phone,Airtel
n,13016745467,26.1290579,91.77971,shop,medical_supply,Kohinoor Medicos
n,13016745469,26.1290718,91.7797102,shop,bakery,Ganesh Mistan Bhandar
n,13016745470,26.1290536,91.7798447,shop,hardware,S.R.Enterprise
n,13016745471,26.1290485,91.7798815,shop,hardware,M/S Meherban Hardware
n,13016745472,26.1290334,91.7799948,amenity,clinic,Chand Homeo Clinic
n,13016745473,26.1290146,91.7800211,shop,hardware,M A Hardware
n,13016748209,26.1657417,91.8315733,shop,hardware,Kunjalata Traders
n,13016748210,26.1652829,91.831932,shop,hardware,Ceiling Store
n,13016748211,26.1650874,91.8320646,amenity,restaurant,alberts kitchen
n,13016748212,26.1649268,91.8322007,shop,hardware,Yasin hardware
n,13016748213,26.1648006,91.8322967,shop,motorcycle_repair,Hussain Repairing Center
n,13016748214,26.1645671,91.8324414,shop,convenience,Sikhu Varities
n,13016748216,26.1642698,91.832617,shop,butcher,Chicken House
n,13016749344,26.1611691,91.7112723,shop,interior_decoration,gunjan
n,13016749345,26.1612072,91.7114386,shop,clothes,jockey
n,13016753654,26.1638711,91.8329366,shop,convenience,Runu Store
n,13016753656,26.163232,91.8334131,shop,convenience,Anupam Store
n,13016753657,26.162995,91.8338161,shop,car,Maruti Suzuki True Value
n,13016753658,26.1629137,91.8340539,shop,car_repair,"Maruti Suzuki, NEXA Service Center"
n,13016754997,26.1746091,91.8024706,shop,butcher,RK Chicken Shop
n,13016754998,26.1746447,91.8024805,shop,general,Raju Store
n,13016754999,26.1746904,91.8024934,shop,general,Mangalmurti Varities
n,13016755578,26.1793602,91.8072165,shop,hairdresser,MANOJ THAKUR SALOON
n,13016755580,26.1792901,91.8065346,shop,jewelry,GANPATI JEWELRY
n,13016755581,26.1792569,91.8064635,shop,hardware,AKANKSHA MART
n,13016755582,26.1792598,91.8064408,shop,electronics,R.T. STORE
n,13016755583,26.1792279,91.80635,shop,general,MAA STORE
n,13016755585,26.1791804,91.8061759,amenity,fast_food,AWAKEN AROMAS
n,13016755587,26.1789991,91.8056985,shop,jewelry,JAYGURU JEWELLERS
n,13016755588,26.1789962,91.8056774,shop,general,IMPERIAL GROCERY
n,13016755589,26.1788494,91.8052921,shop,hardware,BONJOUR ENTERPRISE
n,13016755590,26.178763,91.8050447,shop,hardware,PAHI ENTERPRISE
n,13016755592,26.1787354,91.8049555,shop,electronics,DAS ELECTRICALS
n,13016755593,26.1787117,91.8049118,shop,jewelry,SURUDHANI JEWELLERS
n,13016755594,26.1787132,91.8048972,shop,shoes,LAXMI SHOES
n,13016755595,26.1786867,91.8048377,shop,furniture,M.M. TRADERS
n,13016755596,26.1786522,91.8047563,shop,hardware,MUKHODA ENGINEERING WORKS
n,13016755597,26.1786189,91.8046784,shop,electronics,MOBILE REPAIRING
n,13016755598,26.1784872,91.8044621,shop,general,DPROTHY STORE
n,13016755599,26.1783976,91.8043898,shop,hardware,SHARMA AGENCY
n,13016757401,26.1855959,91.7526545,amenity,bank,HDFC Bank
n,13016757402,26.1856127,91.7525853,amenity,bank,Standard Chartered
n,13016757405,26.1855993,91.7526143,shop,appliance,Caps Caps
n,13016757406,26.1856301,91.752455,amenity,restaurant,Tasty Tiffin
n,13016757407,26.185667,91.7524802,shop,hairdresser,AK Salon
n,13016757409,26.1856851,91.7523225,shop,video_games,Valhalla
n,13016757410,26.1857035,91.7522618,amenity,cafe,Fat Belly
n,13016757411,26.1857077,91.7522786,amenity,cafe,City View Cafe
n,13016757412,26.1856893,91.7522683,amenity,cafe,Scotty's
n,13016757413,26.1859891,91.7547119,amenity,cafe,Rustic Roots
n,13016757414,26.1860299,91.7547143,shop,beauty,Sparkle's
n,13016757415,26.1859609,91.7547119,shop,convenience,Shree Siddhi Enterprise
n,13016757416,26.1859303,91.7547078,shop,chemist,Maa Medico's
n,13016757417,26.1859084,91.7547029,amenity,cafe,Drools
n,13016757418,26.185751,91.7546599,amenity,cafe,Fresh Fast Tasty
n,13016757419,26.1858267,91.752246,amenity,cafe,Balcony Cafe
n,13016762722,26.1716277,91.7259672,shop,hairdresser,Facecraft
n,13016762724,26.1716049,91.7258986,shop,car_parts,Anan Automation
n,13016771335,26.141064,91.7862396,shop,bag,American Tourister
n,13016771337,26.1415027,91.7862855,amenity,place_of_worship,Rajdhani Masjid
n,13016771338,26.141596,91.7863469,shop,electrical,Havells
n,13016771339,26.1416261,91.7863496,amenity,restaurant,Pizza Hut
n,13016771341,26.1418184,91.7864136,amenity,restaurant,Naisha'S Silver Spoon
n,13016771343,26.141868,91.7864417,shop,hairdresser,Passion unisex beauty salon
n,13016771344,26.1418978,91.7864604,shop,nutrition_supplements,Supplement House
n,13016771345,26.141939,91.7864764,shop,gift,Card Point/ Greetingd Card
n,13016771348,26.1420001,91.7865008,shop,hairdresser,Loreal Professionnel
n,13016771351,26.1423837,91.7866415,shop,florist,Bed of Flowers
n,13016771353,26.1424926,91.7866616,shop,clothes,Darshana's Closet
n,13016771354,26.1425757,91.786651,shop,florist,
n,13016771355,26.1426125,91.7866467,shop,hardware,Hardware & Sanitary
n,13016771356,26.1428851,91.7866304,shop,hairdresser,
n,13016771357,26.1429423,91.7866225,amenity,fast_food,Popular Chat House
n,13016771358,26.1429522,91.7866104,shop,stationery,Talukdar's Gift & Stationery
n,13016771359,26.1429818,91.7866205,amenity,college,Prtovince College
n,13016771360,26.1430232,91.7866155,shop,dairy,Purabi
n,13016771361,26.1433011,91.7865847,shop,clothes,Manju SIlk
n,13016771402,26.1754558,91.8028241,shop,general,Maa Durga Enterprises
n,13016771404,26.175531,91.8028639,shop,stationery,Students corner
n,13016771405,26.17556,91.8028781,shop,mall,11:11 Mini Mart
n,13016771406,26.1755823,91.8028852,shop,motorcycle_repair,Nath Bike Repairing Center
n,13016771407,26.1756803,91.8029265,shop,hairdresser,Dipak Saloon
n,13016771408,26.1755131,91.8028572,shop,jewelry,New Bimala Gahanalay
n,13016771410,26.176937,91.803531,shop,hardware,Maa bagala Hardware
n,13016771411,26.1770042,91.8035677,shop,beauty,Devi Beauty parlour
n,13016771413,26.1772947,91.8036905,shop,hardware,Bonjour Enterprise
n,13016771414,26.1773634,91.8037237,shop,party,Bonjour Tent House
n,13016771415,26.1775096,91.8037778,shop,bakery,Srihari Food Grinder Cum D Corner Bake
n,13016771416,26.1775547,91.803801,shop,pet,Pet Canines
n,13016771417,26.177568,91.8038116,shop,general,Nilakhi Store
n,13016771418,26.1775871,91.8038237,shop,general,Deka Store
n,13016771419,26.1776427,91.8038378,shop,general,Rajo Store
n,13016771421,26.177961,91.8039804,shop,car_repair,Auto Care Automobile
n,13016771422,26.1779801,91.8039903,shop,car_parts,Pit Workshop
n,13016771424,26.1781709,91.8040736,amenity,hospital,Gate Hospitals
n,13016771425,26.1784871,91.8042664,amenity,place_of_worship,Shani Mandir
n,13016771426,26.1786405,91.8044315,shop,tyres,Northeast Tyre n AC Care
n,13016771427,26.1786844,91.8044884,amenity,restaurant,Shree Sweets And Spice
n,13016771428,26.1787343,91.8045587,shop,butcher,Boro Pork corner
n,13016771429,26.1788145,91.8046826,shop,mobile_phone,Unique Mobile Repairing
n,13016771430,26.1788423,91.8047642,shop,hardware,Bonjour Enterprise
n,13016771432,26.1790675,91.8053816,shop,electronics,A One Refrigeration and Electronic
n,13016771434,26.1792266,91.8058598,shop,butcher,Ganesh Baba Pork Shop
n,13016771435,26.1792457,91.8059074,shop,butcher,Sabed Meat Shop
n,13016771436,26.179259,91.8059567,shop,general,Thakuria Pan Bhandar
n,13016771437,26.1793695,91.8062521,shop,hardware,K.G Gas Servicing Centre
n,13016771438,26.1794234,91.8063865,shop,motorcycle,Bike Brezze Two Wheeler Point
n,13016771439,26.1794341,91.8064547,shop,general,Bharatiya Jan Kendra
n,13016771440,26.1794491,91.806589,shop,electronics,Bishwakharma Electrical And Cooling Centre
n,13016771441,26.1794854,91.8067224,shop,hardware,Shree Shyam Hardware
n,13016771442,26.179496,91.8067828,shop,electronics,M/S Shoal Electrical
n,13016771445,26.1793519,91.8088557,amenity,place_of_worship,Sri Sri Shani Mandir
n,13016771446,26.17929,91.8094857,shop,general,Maa Enterprise
n,13016771447,26.1792717,91.8097395,shop,tailor,Suhani tailors
n,13016771448,26.1792053,91.810459,shop,repair,Maa Manasha Auto Electrical
n,13016771449,26.1791989,91.8105585,shop,chemist,Maa Damayonti Medical
n,13016771450,26.1791985,91.8106429,shop,electronics,Priya Tent And Electricals
n,13016771451,26.1791448,91.8111963,amenity,place_of_worship,Mathgharia Sri Sri Shani Mandir
n,13016771452,26.1791239,91.8113686,shop,butcher,Amir Raju Chicken Shop
n,13016771453,26.1791093,91.8114309,shop,nuts,Afghan Dry fruits Hub
n,13016771454,26.1791107,91.8114985,shop,yes,Retail Poultry Shop
n,13016771455,26.1791034,91.8115585,shop,mobile_phone,Om Sai Store
n,13016771456,26.1791015,91.8115712,shop,beauty,A.K Beauty Parlour
n,13016771457,26.179104,91.8115861,shop,clothes,Radhika Fashion
n,13016771458,26.1790845,91.8117873,shop,general,Dharitri Store
n,13016771459,26.1790751,91.8119398,shop,chemist,Umananda Pharmacy
n,13016771461,26.1790224,91.8126006,shop,mobile_phone,J.S Mobile Garage
n,13016771462,26.1790148,91.8126155,shop,chemist,Northeast Medicos
n,13016771463,26.1790246,91.8126897,shop,tea,Samir Tea Stall
n,13016771464,26.1790039,91.8127799,shop,electronics,Assam Electricals
n,13016771465,26.1790033,91.8127898,shop,yes,Rajak Pan shop
n,13016771466,26.1789923,91.8129424,shop,repair,Arbina Auto Mobile Care
n,13016771467,26.1789929,91.8129622,shop,yes,Kalita Store
n,13016771468,26.1789916,91.813043,shop,hairdresser,Dipak Saloon
n,13016771499,26.1611698,91.7112602,shop,appliance,Godrej Interior
n,13016772299,26.1360682,91.785849,amenity,restaurant,Thali Ghar
n,13016775053,26.1254633,91.7200911,shop,mobile_phone,3 STAR
n,13016775054,26.1249233,91.7198478,shop,mobile_phone,3 STAR MOBILE CORNER
n,13016775055,26.1249923,91.7198477,shop,motorcycle_repair,S. HUSSAIN MOTOR PARTS
n,13016775056,26.1250171,91.7198856,shop,convenience,KHAN SHOP
n,13016775057,26.1251168,91.7198555,shop,convenience,ALI ENTERPRISE
n,13016775058,26.1252087,91.7198692,shop,hardware,PURBANCHAL HARDWARE
n,13016775059,26.1252015,91.7198901,shop,shoes,SHOE CORNER
n,13016775060,26.1253968,91.7198963,shop,tyres,SIMNA TYRE ZONE
n,13016775061,26.1254885,91.719897,shop,tyres,NEW DIAMOND TYRE SERVICE
n,13016775062,26.1255461,91.7199124,shop,mobile_phone,
n,13016775063,26.1256025,91.7199131,shop,hairdresser,BIKASH MODEL
n,13016775064,26.1256879,91.7199017,shop,hardware,RUJINARA ENTERPRICE
n,13016775066,26.1271265,91.7199054,shop,hardware,H.A. HARDWARE
n,13016775067,26.127218,91.7199672,shop,motorcycle_repair,EXCELLENT BIKE POINT
n,13016775068,26.1273916,91.7200505,shop,medical_supply,LINA MEDI STORE
n,13016775069,26.1274608,91.720089,shop,convenience,MOMI BHANDAR
n,13016775070,26.1275219,91.7201069,shop,electronics,KRISHNA ELECTRONICS
n,13016775071,26.1275706,91.7201058,shop,hardware,S.P. HARDWARE
n,13016775072,26.1276017,91.7201157,shop,jewelry,KRISHNA JEWELLERS
n,13016775074,26.1279148,91.7202612,shop,hardware,S.M.ENTERPRICE
n,13016775075,26.1279889,91.7202775,shop,hardware,M/S SUMAN & SONS TIMBERS
n,13016775076,26.1284109,91.7205559,shop,furniture,FURNITURE VILLA
n,13016775077,26.1285893,91.7206065,shop,tyres,N.B. TYRE SEEVICE
n,13016775078,26.128664,91.7206592,shop,furniture,DEEPJYOTI FURNITUTRE
n,13016775079,26.1287271,91.7207403,shop,hardware,VINAYAK HARDWARE
n,13016775081,26.1293618,91.7208696,shop,furniture,BALAJI FURNITURER
n,13016775082,26.1302199,91.7210219,shop,hardware,BABA LOKNATH TRADERS
n,13016775083,26.1303173,91.7210308,shop,beauty,WOMENSBEAUTY WORLD
n,13016775085,26.1303994,91.7210605,shop,tyres,S.P. TYRE
n,13016775086,26.1304584,91.7210684,shop,tyres,M.P. TYRE
n,13016775087,26.1324303,91.7219855,shop,general,JOY GURU BHANDAR
n,13016775088,26.1324897,91.7220429,shop,motorcycle_repair,IM BIKE REPAIRS
n,13016775089,26.1325951,91.7221428,shop,tailor,LOVELY TAILORS
n,13016775091,26.1327883,91.7223194,shop,hardware,RISHIMA ENTERPRICE
n,13016775092,26.1328196,91.7223682,shop,hairdresser,AJIT HAIR CUTTING
n,13016775093,26.1335595,91.7227975,shop,general,
n,13016775094,26.1328872,91.7224246,shop,general,MAA DAMAYANTI STORE
n,13016775095,26.133236,91.7226386,shop,hardware,CHAND ENTERPRICE
n,13016775096,26.1333224,91.7226723,shop,chemist,SARK MEDICAL STORE
n,13016775098,26.1337179,91.7228176,shop,general,SIIKHA STORE
n,13016775099,26.1338057,91.7228485,shop,furniture,GIRI SOFA STORE
n,13016775100,26.1339451,91.7229108,shop,wine,
n,13016779670,26.1291616,91.7790918,shop,department_store,New Razia Store
n,13016779671,26.1290289,91.780107,shop,ticket,Zulnoor Travel's
n,13016779673,26.12905,91.78005,shop,hairdresser,Urban Glow Unisex Salon
n,13016779675,26.1290531,91.780364,shop,medical_supply,M/S Mirzanur Medicos
n,13016784501,26.1782175,91.8043116,shop,general,HARSHITA STORE
n,13016784502,26.1782073,91.8042937,shop,general,THAKURIA STORE
n,13016784503,26.1780767,91.8042473,amenity,fast_food,DEEP FAST FOOD
n,13016784505,26.1779424,91.8041819,shop,hardware,KASHLIWAL AUTO
n,13016784506,26.1778846,91.8041543,shop,hairdresser,DIVINE UNISEX SALON
n,13016784507,26.1778714,91.8041461,shop,optician,OPTICAL UNIVERSE
n,13016784508,26.1775293,91.8039962,shop,general,GOLDEN MART
n,13016784510,26.1774014,91.8039364,shop,chemist,MAA MAHAMAYA MEDICOS
n,13016784511,26.1773941,91.8039185,shop,pet,PETS HOME
n,13016784512,26.1771751,91.8038333,amenity,school,MODERN HIGH SCHOOL
n,13016784513,26.1766083,91.8035824,shop,hardware,TAPAN ENTERPRISE
n,13016784514,26.1765415,91.8035516,shop,hardware,MAA BOGALA HARDWARE STORE
n,13016784515,26.1764614,91.8035285,shop,stationery,LOKENATH ENTERPRISE
n,13016784516,26.1764074,91.8034864,shop,car_repair,DECARBONZ
n,13016784517,26.1762809,91.8034207,shop,general,NEW L B STORE
n,13016784542,26.1619828,91.7349293,shop,convenience,Rahul Store
n,13016784543,26.1619279,91.7349187,shop,repair,J.P Mobile Solution
n,13016784544,26.161891,91.7348921,shop,jewelry,Lokkhi Saraswati Jewellers
n,13016784545,26.1618369,91.7348857,shop,convenience,Kartika Enterprise
n,13016784546,26.1617831,91.734868,shop,convenience,Chaudhuri and Sons
n,13016784547,26.1617272,91.7348664,shop,clothes,Shubham Saree
n,13016784548,26.1616785,91.7348474,amenity,cafe,Choudhury Tea Stall
n,13016784549,26.1616242,91.7348481,shop,tailor,MS Anita Ladies Tailor
n,13016784551,26.1614837,91.7347889,shop,convenience,Dipali Store
n,13016784552,26.161329,91.7346837,amenity,clinic,Healpoint
n,13016784553,26.1612157,91.734557,amenity,place_of_worship,Shri Shri Maa Kali Mandir
n,13016784554,26.1610741,91.7344085,shop,hairdresser,Sunil Saloon
n,13016784555,26.1610476,91.7343618,shop,chemist,New Bishnujyoti Medicos
n,13016784556,26.1610137,91.7343325,shop,cosmetics,Mamta Cosmetic Redimade
n,13016784557,26.1609635,91.7342947,shop,bathroom_furnishing,S.R Store
n,13016784558,26.1609218,91.734249,shop,bakery,Lakshmi Sweet Shop And Bakery
n,13016784559,26.1608514,91.7341971,shop,dry_cleaning,Quick And Clean.
n,13016784560,26.1607957,91.7341452,shop,tailor,Sunita Tailor
n,13016784561,26.1607223,91.734113,amenity,restaurant,MS Shiv Restaurant
n,13016784562,26.160536,91.7340165,shop,convenience,Matri Bharal
n,13016784563,26.160484,91.7340126,shop,tailor,MB Tailors
n,13016784567,26.1594473,91.7338977,shop,tea,Adit Tea Store
n,13016784568,26.1593872,91.7338822,amenity,school,Holy Kids
n,13016784569,26.1593166,91.7338756,shop,convenience,Readymade Store
n,13016784570,26.1592715,91.7338607,shop,bakery,Ananda Bekary And Gift Corner
n,13016784571,26.1591966,91.7338569,shop,hardware,Sri Hardware and Sanitary
n,13016784572,26.1591718,91.733841,shop,bakery,Maa Durga
n,13016784573,26.1590738,91.7338266,shop,clothes,Baba Bastralaya
n,13016784574,26.1589452,91.7338091,shop,motorcycle_repair,Bike Scooty Workshop
n,13016784575,26.1589007,91.7337749,shop,photo,Bordoichillas Studio Chitrapeeth
n,13016784576,26.1588542,91.7337689,shop,beauty,Jayashree Beauty Parlour
n,13016784577,26.1587989,91.7337568,shop,electronics,Mahanta Electronics
n,13016784578,26.1587561,91.733746,shop,chemist,Sandhya Medicos
n,13016784579,26.1581268,91.7333123,amenity,clinic,Maa Manasha Clinic Homeo
n,13016784580,26.1578951,91.733174,shop,convenience,Siddhi Vinayak Store
n,13016784581,26.1577855,91.7330971,shop,clothes,Maa Damyanti Cloths
n,13016784582,26.1577382,91.73305,amenity,clinic,Damayanti Clinic
n,13016784584,26.1576222,91.7329634,shop,bakery,Hanuman Cake Shop
n,13016784585,26.1575557,91.7329142,shop,furniture,Harcharan Singh Furniture House
n,13016784586,26.1573996,91.7327832,shop,furniture,Rajiv Furniture
n,13016784587,26.157344,91.7327367,shop,hardware,Khushi Enterprise
n,13016784588,26.1572147,91.7326373,amenity,restaurant,Darjelling Momos
n,13016784589,26.1570374,91.732518,shop,hardware,Royal Timber
n,13016784590,26.1569748,91.7324788,shop,appliance,Ridhi Sidhi Enterprises
n,13016784591,26.1568664,91.7323844,shop,hardware,Klaita Supply Agency
n,13016784592,26.1567535,91.732289,shop,convenience,Bikash Store
n,13016784594,26.1566455,91.7321853,shop,hardware,Jagadish Traders
n,13016784595,26.1564303,91.7319679,shop,bakery,Cake Street
n,13016784596,26.1563891,91.7319158,shop,hardware,Nitesh Kumar
n,13016784598,26.1561277,91.7315865,shop,electronics,Dutta Brothers Electronics
n,13016784599,26.1560342,91.7315155,shop,convenience,Dutta Brothers
n,13016784600,26.156034,91.7314852,shop,convenience,Grocery Point
n,13016785379,26.1680484,91.7207951,shop,appliance,Godrej Interior
n,13016785380,26.1681746,91.7208569,shop,wine,Ballantines
n,13016785381,26.1668437,91.7192778,shop,clothes,Golden Hairloom
n,13016785383,26.1660141,91.7178931,shop,car_repair,Maa Kamakhya Motorworks
n,13016785386,26.161146,91.711199,shop,motorcycle,Hero
n,13016788411,26.1291246,91.7780316,shop,hardware,Star Fabrication
n,13016788412,26.1291259,91.7781232,shop,mobile_phone,A M C Mobile Store
n,13016788413,26.129124,91.7781602,shop,hairdresser,Muskan Saloon
n,13016788414,26.1290866,91.7783151,shop,hairdresser,Amar Salon
n,13016790522,26.1749845,91.8028513,shop,general,D MART STORE
n,13016790523,26.1749772,91.8028204,shop,laundry,SMART WASH
n,13016790525,26.1740008,91.8024706,amenity,fuel,Indian Oil
n,13016790526,26.1737885,91.8023693,shop,general,SUNDARAM
n,13016790527,26.1732724,91.8021415,shop,chemist,TANUSHREE MEDICAL HALL
n,13016790528,26.1731991,91.8020962,amenity,school,GETANAGAR JAYATIA VIDYALAYA
n,13016790529,26.1731575,91.8020155,shop,general,MAA STORE
n,13016790530,26.1731009,91.8019276,shop,general,B K STORE
n,13016790531,26.1731009,91.8019048,shop,general,JUNALI STORE
n,13016790532,26.1729378,91.8012022,shop,stationery,PUJA
n,13016790533,26.1729364,91.8011746,shop,beauty,UPOMA BEAUTY CARE
n,13016790535,26.1729384,91.8010453,shop,general,GK STORE
n,13016790536,26.1729384,91.8010112,shop,chemist,KAPILA MEDICOS
n,13016790537,26.1729462,91.8006292,shop,stationery,GITANAGAR
n,13016790538,26.1729318,91.8005448,shop,general,BISHAL STORE
n,13016790540,26.1726108,91.7966385,amenity,place_of_worship,ZOO NARENGI PATH PUJA MANDAP
n,13016790543,26.1726911,91.7939702,shop,jewelry,RADHA KRISHNA JEWELLERS
n,13016790544,26.1727151,91.7938988,shop,general,STATIONERY STORE
n,13016790545,26.1727297,91.7938663,shop,baby_goods,MY BABY
n,13016790547,26.1729733,91.791542,shop,hardware,N E WTSE
n,13016790548,26.1729226,91.7905953,shop,hardware,CHAUDHURY CREATIONS
n,13016790550,26.1729049,91.7902373,shop,furniture,WOOD WORKS
n,13016790551,26.1728889,91.7900862,amenity,school,SPARSH HIGH
n,13016790554,26.1728179,91.7866136,amenity,restaurant,BHAI BHAI
n,13016790556,26.1727881,91.785414,shop,chemist,DOCTOR'S CLINIC
n,13016790557,26.1727641,91.7848981,shop,stationery,R G DOCUMENTATION
n,13016790560,26.1726982,91.7843596,shop,bakery,PUDDIN TALES
n,13016790561,26.1726949,91.7842853,shop,chemist,NEW CHILARAY MEDICOS
n,13016790562,26.1726725,91.7841313,amenity,bank,Bank of Baroda
n,13016790563,26.1726656,91.7840406,shop,general,GOOD LUCK STORE
n,13016790564,26.1726642,91.784013,shop,gift,GOOD LUCK GIFT CORNER
n,13016790565,26.1726587,91.7839488,shop,hardware,TILES GALLERY
n,13016790566,26.1726405,91.783773,amenity,school,MARIA MONTESSORI HOUSE OF CHILDEN
n,13016790567,26.1726179,91.7836075,amenity,restaurant,EAGLE ARDEN
n,13016790569,26.1723864,91.781511,amenity,hospital,KGMT HOSPITAL
n,13016790570,26.1723824,91.7812507,shop,general,NEW BABU PAN SHOP
n,13016790571,26.172378,91.7812182,amenity,restaurant,MASAANJA
n,13016790572,26.1723866,91.7811525,amenity,cafe,KRISHAV SWEETS
n,13016790573,26.1726161,91.7807261,shop,stationery,ASHIRBAD
n,13016790574,26.1727101,91.7805686,shop,hardware,BIPAN'S MARKETINGS
n,13016790575,26.1728295,91.7804355,shop,general,B.K. STORE
n,13016790576,26.173051,91.7801491,shop,optician,SRISHTI EYE CLINIC
n,13016790577,26.1731418,91.7802765,amenity,cafe,Barista
n,13016790579,26.17305,91.7803768,amenity,cafe,BOBA BUZZ
n,13016790580,26.172952,91.7804958,shop,furniture,HOME BALANCE
n,13016790584,26.172659,91.781111,shop,electronics,B.D. ELECTRICAL
n,13016790585,26.1725717,91.7817357,shop,hardware,R HOOD MAKERS
n,13016790586,26.17257,91.7817523,shop,wine,DOLPHIN WINE SHOP
n,13016790587,26.1725705,91.7817766,shop,pet,HAPPY KENNEL & EXOTICS
n,13016790588,26.1725684,91.7817991,shop,motorcycle_repair,MOHAN SCOOTER GARAGE
n,13016790589,26.1728326,91.7830287,shop,bakery,LOYAN'S
n,13016790591,26.172792,91.7837565,shop,hardware,S T STEEL
n,13016790592,26.1728007,91.7838571,shop,fishing,PAWS & FINS
n,13016790593,26.1728848,91.7839382,shop,computer,BIT BY BIT
n,13016790594,26.1728873,91.7840135,shop,optician,NEXT VISION OPTICAL
n,13016790595,26.1728331,91.7840262,shop,hardware,BARMAN HARDWARE
n,13016790597,26.1730038,91.7841808,amenity,bank,HDFC Bank
n,13016790598,26.1729935,91.7847504,shop,hairdresser,RHYS
n,13016791509,26.143687,91.786538,shop,electronics,Orient Electric
n,13016791510,26.1437212,91.7865455,amenity,restaurant,Intoxica
n,13016791512,26.1438294,91.7865388,shop,books,M p Book Stall
n,13016791513,26.14388,91.7865409,amenity,fast_food,KFC
n,13016791516,26.1441528,91.7865099,shop,laundry,Dry Cleaning Services
n,13016791518,26.144308,91.7865005,shop,hardware,Hindustan Led Raw Materials
n,13016791520,26.1444265,91.7864772,shop,photo,Studio Pixy
n,13016791521,26.144558,91.7864582,amenity,restaurant,DJ 3 Restaurant
n,13016791523,26.1446213,91.7864577,shop,sports,Sports Direct
n,13016792483,26.1601301,91.8365144,shop,wine,Metro wine shop
n,13016792484,26.1610095,91.8355691,shop,convenience,Heidi Store
n,13016792485,26.1610534,91.835503,shop,pastry,Caketique
n,13016792486,26.1611217,91.8354481,shop,furniture,Aaryan Furniture
n,13016792487,26.1611369,91.8353712,shop,hairdresser,Herbal Beauty Palour
n,13016792488,26.1612447,91.8352862,shop,convenience,Nirmal Store
n,13016792489,26.1612835,91.835234,shop,tailor,Pushpa Tailor
n,13016792490,26.1613679,91.8351303,shop,electronics,S.M. Electrical
n,13016792491,26.1614141,91.8350456,shop,motorcycle_repair,Prakash Bike Garage
n,13016792492,26.1614465,91.834993,shop,convenience,Ali Store
n,13016792493,26.1620112,91.8343059,shop,hairdresser,Fashionic Beauty Salon
n,13016792494,26.1620863,91.8342006,amenity,restaurant,Hotel EL Paradiso
n,13016792495,26.1622353,91.8340985,shop,convenience,Jitu Store
n,13016792498,26.162522,91.8337962,shop,party,Das tent & decorators
n,13016792500,26.1628506,91.833452,shop,pastry,Cake Shop
n,13016798801,26.1349351,91.7241457,shop,wine,KKK WINESHOP
n,13016798802,26.1349491,91.7242073,shop,hardware,GURUKRIPA STEEL HOUSE
n,13016798803,26.1349976,91.7242762,shop,furniture,SHREE BALAJEE FURNITURE
n,13016798804,26.1350507,91.7243195,amenity,restaurant,P.B.R. RESTAURANT
n,13016798805,26.1350938,91.7243312,shop,hardware,PITASHREE ENTERPRICE
n,13016798807,26.1351087,91.7243808,shop,optician,EYE OASIS
n,13016798808,26.1356283,91.7245622,shop,hardware,MAHIRA ENTERPRICEE
n,13016798809,26.1363292,91.7248064,shop,bakery,KAUSHIK SWEETS
n,13016798810,26.1363701,91.7247792,shop,hardware,GANESH GRILL FABRICATION
n,13016798811,26.1364823,91.7247909,shop,chemist,LAKHSMI CLINIC
n,13016798812,26.1365034,91.7248062,shop,hairdresser,MAAHI BEAUTY PARLOUR
n,13016798816,26.1789865,91.813148,shop,party,ashirbad tent house
n,13016798818,26.1789811,91.8132322,shop,yes,Deka Store
n,13016798819,26.1789681,91.8133038,shop,butcher,Ramjan Fish and Chicken Shop
n,13016798821,26.1789633,91.8133901,amenity,place_of_worship,Mathghoria Masjid
n,13016798822,26.1789466,91.8135432,shop,electronics,M.B Electrical
n,13016798824,26.1788845,91.8144406,shop,beauty,Glamour Beauty Parlour
n,13016798827,26.1788206,91.815244,amenity,fast_food,Manpasand Momo
n,13016798828,26.1788307,91.815261,shop,butcher,MB CHicken Shop
n,13016798829,26.1788085,91.8153969,shop,yes,Kiran Enterprise
n,13016798830,26.178818,91.8154104,shop,tea,Maa Deuta Tea Stall
n,13016798831,26.1788124,91.8154762,shop,motorcycle_repair,M.M Two Wheeler
n,13016798833,26.1788236,91.815565,shop,stationery,P.N.B. Grocery & Stationery
n,13016798834,26.1788203,91.8156344,shop,furniture,Swastika Furniture
n,13016798835,26.178829,91.8157077,shop,furniture,Angad Furniture
n,13016798836,26.1788373,91.8157871,shop,electronics,Reema Electrical
n,13016798837,26.1788463,91.8158707,shop,yes,Savita Store
n,13016798838,26.178935,91.8163728,shop,yes,Pinki Store
n,13016798839,26.1789394,91.8163926,shop,party,Sarma Tent House
n,13016798841,26.1789652,91.8164854,shop,beauty,Beauty Parlour
n,13016798842,26.1790222,91.8169827,shop,stationery,M/S SR Gifts & Xerox
n,13016798843,26.1790589,91.8172115,shop,furniture,M/S SP Indrustries
n,13016798844,26.1790705,91.8173566,shop,yes,URD Enterprise
n,13016798846,26.1790828,91.8174917,shop,electronics,Sree Ganesh Electric & Electronics
n,13016798847,26.1790898,91.8175087,shop,yes,Pabitra pan bhandar
n,13016799654,26.136549,91.7248326,amenity,fast_food,GUNJAN FASTFOOD
n,13016799655,26.1366261,91.7248522,shop,electronics,NITIN ELECTRICAL
n,13016799656,26.1367197,91.724832,shop,general,SADBHAVS STORE
n,13016799659,26.1386177,91.7253417,shop,bakery,KAMKHYA SWEETS
n,13016799660,26.1387176,91.7253909,shop,cosmetics,GOLDEN GLOW
n,13016799661,26.1387828,91.7253598,shop,general,DAYAL STORE
n,13016799662,26.1389605,91.7254688,shop,hardware,MAA KAMAKHYA SANITARY AND HARDWARE
n,13016801063,26.1288172,91.7793597,shop,butcher,S. A. Chicken Shop
n,13016801064,26.1287012,91.7793453,shop,electrical,Galaxy Enterprise
n,13016801066,26.1285684,91.779343,shop,shoes,Haque Store
n,13016801067,26.1285579,91.779343,shop,electrical,Zam Zam Electronics
n,13016801068,26.1285468,91.7793406,shop,general,Gharar Bazar
n,13016801069,26.1284198,91.7793167,shop,hardware,Neha Gas Repairing
n,13016801070,26.1284004,91.7793186,shop,electrical,Maa Electronics
n,13016801071,26.1283787,91.7793293,shop,hardware,Arhan Kitchen Care
n,13016801072,26.1283525,91.7793312,shop,electrical,Maisha Mobile Store
n,13016801102,26.1632156,91.8331569,shop,dry_cleaning,Rudra Dry Cleaners & Laundry
n,13016801104,26.1633442,91.833069,shop,furniture,New Vishwakarma Furniture
n,13016801106,26.1642734,91.8323367,shop,convenience,Saanvi Mart
n,13016801107,26.1643158,91.8323013,shop,electronics,Shree Ganesh
n,13016801109,26.1643901,91.8322615,shop,stationery,Bhowal Store
n,13016801110,26.1643679,91.8322621,shop,photo,Walframe Studio
n,13016801113,26.1647295,91.8320844,shop,pet,Mimicking Nature
n,13016801114,26.1648811,91.8319353,shop,electronics,Ishita Sales
n,13016801115,26.1654095,91.8315386,shop,copyshop,Axom Graphics
n,13016801116,26.1656241,91.8313504,shop,convenience,Shree Krishna Store
n,13016801118,26.1656451,91.8313238,amenity,fast_food,Hungry Monk
n,13016801120,26.1657865,91.8312627,shop,convenience,Moti Store
n,13016801121,26.1658267,91.8312488,shop,paint,Laxmi paints & Hardware
n,13016801122,26.1658948,91.831207,shop,convenience,Uttam Trading
n,13016801123,26.1660093,91.8311059,shop,convenience,Giriraj Store
n,13016801381,26.1590046,91.6965189,amenity,restaurant,Tip top
n,13016801382,26.1590085,91.6965173,shop,shoes,Shyam shoe
n,13016801383,26.1590129,91.6965224,shop,shoes,Uday shoe
n,13016801384,26.1589972,91.6965521,shop,medical_supply,Cureall medico
n,13016801386,26.158989,91.6965793,shop,medical_supply,ASSURANCE aYUR
n,13016801387,26.1589886,91.6965781,shop,tea,Qaragon
n,13016801388,26.1589802,91.6966424,shop,jewelry,Dulhan
n,13016801389,26.1589794,91.6966412,shop,hairdresser,Cupid beauty parlour
n,13016801390,26.1589791,91.6966443,shop,mobile_phone,Vodafone Idea
n,13016801391,26.1589792,91.6966472,shop,tailor,Dress co- tailor
n,13016801393,26.1589795,91.6966484,shop,video,J.N Videosonic
n,13016801394,26.1589795,91.6966497,shop,beauty,Joves
n,13016801395,26.1589796,91.6966511,shop,wine,Royal stage
n,13016801396,26.1589752,91.6967236,shop,medical_supply,Chakreswar Medica
n,13016801397,26.1589752,91.6967249,shop,herbalist,M.M Ayurvedica
n,13016801398,26.1589742,91.6967243,shop,bakery,Sikder bakery and sweets
n,13016801399,26.158974,91.6967634,shop,gift,Maa Manasha Gift shop
n,13016803701,26.1589728,91.696761,shop,computer;copyshop,Smart computer;Naksha
n,13016803702,26.158971,91.6967626,shop,hairdresser,Seema ladies beauty parlour and trainning center
n,13016803703,26.1589714,91.6967657,amenity,fast_food,Sneha fast food
n,13016803704,26.1589739,91.6967666,amenity,restaurant,Fast food and resturent
n,13016803706,26.1589871,91.6970193,shop,copyshop,Xerox
n,13016803707,26.1590207,91.6972254,shop,computer,Skylark Computers
n,13016803708,26.1590203,91.6972276,shop,computer,Deepjyoti Computers
n,13016803710,26.1590584,91.6975151,amenity,fast_food,Aquamarine
n,13016803711,26.1590572,91.697517,shop,motorcycle_repair,Northeast  Motorcycle works
n,13016803712,26.1590961,91.6977461,shop,furniture,Suman Furniture
n,13016803713,26.159095,91.6977452,shop,bakery,Prime bakery
n,13016803714,26.1590945,91.697749,shop,furniture,Rajib Furniture house
n,13016803715,26.1590967,91.6977486,shop,furniture,Royal Furnishing
n,13016803901,26.1559465,91.7314408,shop,convenience,Dutta Brothers
n,13016803902,26.1558628,91.7313937,amenity,clinic,Janata Clinics
n,13016803903,26.1554628,91.7313169,shop,hardware,Sign Media
n,13016803904,26.1551917,91.7313118,shop,tailor,Maa Fashion Ladies Tailor1
n,13016803905,26.1551131,91.7313002,shop,hairdresser,ROSON HAIR TREASURE
n,13016803906,26.1546454,91.7311304,shop,jewelry,H.D Jewellers
n,13016803907,26.1540459,91.730963,shop,psychic,Subroto Chakraborty and A.L Ghosh
n,13016803908,26.1539179,91.7309487,shop,hardware,Barman Enterprise
n,13016803909,26.1536194,91.7308679,shop,electronics,Orion Electricals
n,13016803910,26.1532484,91.7307676,shop,electronics,Reetesh Digital
n,13016803911,26.1531268,91.7307253,shop,tailor,NewStar Tailor
n,13016803912,26.1530531,91.7306906,shop,convenience,Ganapati Agency House
n,13016803913,26.152988,91.7306624,shop,electronics,SP Enterprise
n,13016803917,26.1519368,91.7302358,shop,motorcycle_repair,All Bike Repairing Centre
n,13016803918,26.151813,91.7302095,shop,tailor,New Ladies Tailor
n,13016803919,26.1515464,91.7301101,shop,alcohol,CHHAYA LIQUOR SHOP
n,13016803920,26.1514742,91.7300762,shop,beauty,Sandhya Beauty Parlour
n,13016803921,26.1514225,91.7300581,shop,yes,Suraj Pan Shop
n,13016803922,26.151365,91.7300238,shop,hardware,Bhai Enterprise
n,13016803923,26.1512994,91.7299885,shop,stationery,Kanika Store
n,13016803924,26.1512414,91.7299684,shop,convenience,NK Traders
n,13016803925,26.1511366,91.7299404,shop,tailor,Maa Gents Tailors
n,13016810101,26.1365223,91.7857396,shop,gift,Gift City 2.0
n,13016844582,26.1511045,91.7299136,shop,hardware,Lakshmi Hardware
n,13016844583,26.1510552,91.7299012,shop,hardware,Laxmi Hardware
n,13016844584,26.1509118,91.7298416,shop,clothes,Fashion Hub
n,13016844586,26.150853,91.7298192,amenity,restaurant,Ajahar A1 Fast Food Centre
n,13016844587,26.150803,91.7297965,shop,wholesale,Nice Communication.
n,13016844588,26.1507005,91.7297465,shop,clothes,New Saha Cloth Store
n,13016844589,26.1506639,91.729729,shop,convenience,Mithu Store
n,13016844590,26.1506262,91.7297109,shop,convenience,Santu Store
n,13016844591,26.150554,91.7296863,shop,chemist,MS Jai Barang Medicos
n,13016844592,26.150532,91.7296625,amenity,restaurant,Kamakhya Sweets
n,13016844593,26.1504876,91.7296311,shop,trade,Maa Traders
n,13016844594,26.1504183,91.7296042,shop,furniture,Maa Kamakhya Traders
n,13016844595,26.1503678,91.7295668,shop,bakery,Durga Sweets
n,13016844596,26.1503122,91.7295354,shop,clothes,Loknath Bastralaya
n,13016844597,26.1502472,91.7294885,shop,convenience,Maa Kali Store
n,13016844598,26.1502228,91.7294699,shop,stationery,Omkar Gift Store
n,13016844599,26.1501229,91.7294023,shop,hairdresser,Halo Beauty Unisex Salon
n,13016844600,26.1499983,91.7293089,shop,shoes,Masum Footwear
n,13016846301,26.1498386,91.7291904,shop,electronics,M Electronics
n,13016846302,26.1494721,91.7290095,amenity,restaurant,Maa Kali Hotel
n,13016846304,26.1492967,91.7289282,shop,shoes,Zunid Shoe Point
n,13016846305,26.1489843,91.7287994,shop,yes,Joy Guru Bhandar
n,13016846306,26.1488918,91.7287516,shop,jewelry,Vishal Fashion and Jewellery
n,13016846307,26.1486909,91.7286774,shop,wholesale,Rashan Haat
n,13016846308,26.1486345,91.7286328,shop,bakery,Durga Sweets and Snacks
n,13016979863,26.126628,91.7792615,shop,medical_supply,Raihan Medicos
n,13016979864,26.1262862,91.7792781,shop,jewelry,Mama Bhagin Jewellers
n,13016979865,26.1261681,91.779238,shop,medical_supply,
n,13016979867,26.1258983,91.7792218,shop,cosmetics,Aklima Beauty Parlour
n,13016979868,26.1258597,91.7792383,shop,medical_supply,M/S Z. M. Medicare
n,13016980977,26.1822688,91.7819326,shop,clothes,PRIME FASHION
n,13016980978,26.1822596,91.7820784,shop,clothes,SURABHI
n,13016980979,26.1822466,91.7824456,shop,shoes,M K SHOE STORE
n,13016980980,26.1819306,91.7826024,shop,hardware,ANNAPURNA STORE
n,13016980981,26.181868,91.7826319,shop,hardware,BIBHA STORE
n,13016980982,26.181839,91.7826422,shop,chemist,TOP MEDICALS
n,13016980983,26.181732,91.7826986,shop,clothes,SIMA CLOTH STORE
n,13016980984,26.1817248,91.7827023,shop,clothes,MITRA CLOTH STORES
n,13016980985,26.1816752,91.782716,shop,chemist,KAMAKHYA AYURVEDIC
n,13016980986,26.1814107,91.7828418,shop,greengrocer,AKHIL SAH FRUIT STALL
n,13016985804,26.1591124,91.6979055,shop,art,City Arts
n,13016985805,26.1591111,91.6979058,shop,furniture,GOSWAMI
n,13016985806,26.1591097,91.697904,shop,motorcycle_repair,lAXMI auto center
n,13016985807,26.159127,91.6979962,shop,furniture,Home
n,13016985808,26.1591257,91.6979947,shop,furniture,Litan play center
n,13016985809,26.1591248,91.6979962,shop,furniture,
n,13016985812,26.1591532,91.6981686,shop,furniture,Usha furniture
n,13016985815,26.1591705,91.6982578,shop,bakery,The cake factory
n,13016985816,26.1591527,91.6983524,shop,clothes,Kamrup sofa ghar
n,13016985817,26.1591521,91.6983552,shop,bakery,Prime cakes
n,13016985818,26.1591456,91.6985372,shop,motorcycle_repair,P.D motors
n,13016989442,26.1764318,91.785076,amenity,place_of_worship,ALAK NIRANJAN SHIV MANDIR
n,13016989443,26.1761947,91.785094,shop,jewelry,SRI MAA JEWELLERY
n,13016989444,26.1758958,91.7850911,shop,tailor,S S LADIES TAILOR
n,13016989445,26.1756195,91.785034,shop,motorcycle_repair,TANAY STORE
n,13016989446,26.1742424,91.7849793,shop,electronics,D S MOBILE REPAIRING
n,13016989447,26.174071,91.7849929,shop,butcher,S K CHICKEN SHOP
n,13016989450,26.1739483,91.7849865,shop,general,D STORE
n,13016989451,26.1738907,91.7849827,shop,tailor,BARMAN TAILOR
n,13016989453,26.173838,91.7849816,shop,general,MRINAL STORE
n,13016989455,26.1734338,91.7850418,shop,tailor,MODERN TAILOR
n,13016989456,26.1733822,91.7850518,shop,chemist,NATRAJ MEDICOS'S
n,13016989458,26.1731428,91.7850404,shop,wine,CRANBERRY
n,13016989459,26.173086,91.7850421,shop,interior_decoration,R GULSHAN BEDDING STORE
n,13016989460,26.1730029,91.7850392,shop,general,SIMA STORE
n,13017014088,26.1598595,91.7043499,shop,wine,Imperial Blue
n,13017014093,26.1598534,91.7039197,amenity,bank,HDFC Bank
n,13017067127,26.1282252,91.7793926,shop,clothes,Saba Clothes
n,13017067128,26.1282019,91.7793939,shop,clothes,Intaz Bastralaya
n,13017067129,26.1280244,91.7793183,shop,clothes,Kid's Corner
n,13017067130,26.1280093,91.7793155,shop,clothes,Fashion Pro
n,13017067131,26.1279522,91.7793191,shop,tailor,Ajufa Tailors
n,13020524855,26.1218823,91.7871383,amenity,restaurant,Alohi
n,13020524856,26.1218127,91.7871448,shop,gift,Anika Store
n,13020524857,26.1215985,91.7871522,shop,hardware,Winplast/Plasowood
n,13020524858,26.1214661,91.7871591,shop,tailor,Khan Tailoring
n,13020524859,26.1213176,91.7871688,amenity,marketplace,sandhiram Dainik Bazaar
n,13020524860,26.1211853,91.7871791,shop,bakery,Bakery Garden
n,13020524861,26.121179,91.7871795,shop,butcher,Gogoi Pork Shop
n,13020524863,26.1210468,91.7875347,shop,hardware,
n,13020524864,26.1210698,91.7871987,shop,hardware,Parmila Enterprise
n,13020524865,26.1210028,91.7872018,shop,electronics,Ghunusa Electronics
n,13020524867,26.1209302,91.7871987,shop,printer_ink,Inaya Enterprise
n,13022514877,26.1793901,91.7419075,shop,camera,Canon
n,13022514878,26.1794196,91.7418608,shop,stationery,United Brothers
n,13022599821,26.1056727,91.7194455,shop,furniture,Harshita Furniture House
n,13022599822,26.1057101,91.7194478,shop,hairdresser,Glow Heaven
n,13022599823,26.1057427,91.7194527,shop,copyshop,Students' Hub
n,13022615299,26.1798377,91.741418,amenity,marketplace,Dharamshala market
n,13022615300,26.1798943,91.741366,shop,stationery,Card Mahal
n,13022630801,26.1799546,91.7413144,shop,paint,Asian Paints
n,13022630802,26.1800085,91.7412605,shop,stationery,Shagun Card
n,13022630805,26.1801877,91.7409683,shop,trade,Ashok Industrial enterprise
n,13022630807,26.1802912,91.7408499,shop,electronics,Ankit electricals
n,13022630808,26.1802875,91.7407891,shop,electronics,Orient Electric
n,13022630809,26.1803174,91.7407649,shop,electronics,Crompton
n,13022630810,26.1803708,91.7406801,shop,nuts,Birdhichand loknath
n,13022630811,26.1804306,91.7406087,amenity,marketplace,Bee Gee Market
n,13022630812,26.1805282,91.7405012,shop,furniture,J. J. Furnishing
n,13022638346,26.1793742,91.7419683,shop,stationery,Pen Hospital
n,13022649608,26.1809117,91.7398389,shop,electronics,Sanganeria Agencies
n,13022649610,26.1809714,91.7397688,shop,hardware,Siotia Hardware & Engineering
n,13022649611,26.1810798,91.7396207,shop,appliance,Hawkins
n,13022649612,26.1810941,91.7395859,amenity,marketplace,Bajoria Market
n,13022649613,26.1810991,91.7395489,shop,clothes,Ashoka Enterprises
n,13022655150,26.1815417,91.7616624,amenity,restaurant,Magic Food
n,13022655151,26.181543,91.7616936,shop,hairdresser,Smart Look
n,13022655152,26.1815602,91.7618804,shop,butcher,Ali Chicken Shop
n,13022655153,26.1815562,91.7620007,shop,stationery,Study point
n,13022655155,26.1812062,91.7621495,amenity,cafe,Tasty Trek
n,13022655156,26.1811254,91.7623889,shop,jewelry,Guwahati jewellers
n,13022655157,26.1811105,91.7624211,shop,tailor,Ashik Tailors
n,13022655158,26.1809906,91.7632846,shop,tailor,Mamon Tailors
n,13022655159,26.1809787,91.7634281,shop,convenience,Mahesh store
n,13022655160,26.1809225,91.7643787,shop,convenience,Mahamaya Store
n,13022672027,26.1060078,91.7195335,shop,hardware,Star cement
n,13022672028,26.1060392,91.7195405,shop,hardware,Max cement
n,13022672029,26.106085,91.71955,shop,party,Om Tent House
n,13022672030,26.1061165,91.7195559,shop,hairdresser,The BS Family Parlour
n,13022689393,26.1813062,91.7602115,shop,pottery,Crescent Inc.
n,13022689394,26.1813175,91.7602335,shop,butcher,Abdul Chicken shop
n,13033131902,26.5299511,93.4085206,amenity,place_of_worship,
n,13036669868,24.8176106,94.5677167,amenity,place_of_worship,Lakhan Baptist Church
n,13038605189,25.94875,91.8648783,amenity,restaurant,
n,13039130845,25.4570883,91.826925,amenity,restaurant,
n,13042458263,26.3995187,90.2766284,shop,grocery,Grocery Shop
n,13081652300,24.639395,92.9086103,amenity,place_of_worship,shree govida madir
n,13091853574,24.5123547,92.7737811,amenity,police,
n,13095574745,26.2155203,93.0626279,amenity,place_of_worship,Krist Jyoti Church
n,13097797291,25.1072204,93.002847,shop,ticket,
n,13097836129,25.1182453,93.0107203,shop,ticket,
n,13131269883,26.1120073,91.7617211,shop,car,Meridian Kia
n,13131291341,26.1119016,91.7608955,amenity,restaurant,KFC Lokhra
n,13140679591,25.6673533,94.1042197,amenity,fast_food,Sidewalk shawarma
n,13145120473,27.4752974,94.907581,amenity,place_of_worship,siddheswari kali mandir
n,13152617501,25.9156147,92.9563174,amenity,restaurant,পিজ্জা লাইট
n,13152617502,25.9172345,92.9505303,shop,supermarket,এম বাজাৰ লংকা
n,13152710101,25.9174131,92.9550879,amenity,hospital,লংকা বি পি এইচ চি
n,13152712201,25.9165953,92.9554618,amenity,clinic,মেড এডভান্স ক্লিনিক
n,13152868701,25.9175556,92.9551526,amenity,hospital,লংকা বি পি এইচ
n,13169434373,26.1205212,91.9683569,amenity,fast_food,J14 Good Food
n,13174845440,27.5120213,95.3344757,shop,hardware,Om Enterprise
n,13175119712,27.5988079,95.9291226,amenity,marketplace,Piyong Rural Hat
n,13175436785,26.1668414,91.7669102,amenity,fast_food,J14 Good Food
n,13175436786,26.1212495,91.9708829,amenity,fast_food,J14 Sonapur
n,13176312401,26.1580404,91.6794061,shop,bakery,S Delight Foods
n,13176313201,26.1580292,91.6792416,shop,car,Poddar Suzuki
n,13176313601,26.1579762,91.6784785,shop,baby_goods,Firstcry
n,13176338701,26.1552371,91.6764732,shop,department_store,Quality Shoppe superstore
n,13176372749,27.6823208,95.8962459,amenity,college,Bethany College
n,13176605609,27.7721851,95.9791305,amenity,restaurant,Woisali Dhaba
n,13186365580,24.7270926,93.9093397,amenity,place_of_worship,Heibok Leima Haraobung
n,13195608468,27.4917786,95.3508702,amenity,bank,Apex Bank
n,13195612721,27.4918464,95.3507803,shop,mall,Citykart
n,13196973601,26.3084687,92.703212,amenity,restaurant,Anurag Dhaba
n,13197335201,25.7065585,94.0393285,amenity,restaurant,
n,13197508548,24.8726511,92.2319757,amenity,school,"Sylhet Para Government Primary School, School"
n,13197619315,24.875537,92.2305817,amenity,place_of_worship,"Sylheti Para mosque, Mosque"
n,13197619316,24.873085,92.2450733,amenity,place_of_worship,"Konagram Baitus Salam Jame Masjid, Mosque"
n,13197730395,24.8742988,92.2440077,amenity,marketplace,"Sutarkandi Bazar, Market"
n,13202582017,24.8811214,92.2297099,amenity,place_of_worship,"North Sylhet Para Baitul Aman Jame Masjid, Mosque"
n,13202585613,24.8815116,92.231854,amenity,place_of_worship,"Sylhet Para Baitul Aman Jame Masjid, Mosque"
n,13204317261,27.4992312,95.3420534,shop,bicycle,Roadster Cycles
n,13206525401,25.7072741,94.1046501,shop,appliance,Vizo complex
n,13244287432,24.6704479,93.9454711,amenity,place_of_worship,
n,13290161601,25.7726903,93.9049727,amenity,restaurant,Saha Hotel
n,13290336008,24.7983381,92.792181,amenity,restaurant,Take Eat Easy
n,13290693901,26.3453996,92.6751321,amenity,college,ADP College
n,13294142101,26.3490275,92.6731776,shop,car,GD Motors Mahindra Commercial vehicles
n,13294142201,26.347434,92.6639524,amenity,hospital,Mercy Hospital
n,13296582202,26.3501482,92.6814768,amenity,place_of_worship,Krishnashram Shiv Mandir
n,13296582301,26.3492244,92.6841436,amenity,clinic,SIMS Multispeciality Clinic
n,13299020401,25.7285714,94.0275043,amenity,restaurant,Wonder Hill Inn
n,13299066102,25.7285714,94.0275043,amenity,restaurant,Wonder Hill Inn
n,13307894401,26.5925763,93.9858582,amenity,restaurant,Rahdhala restaurant and cafe
n,13307971601,26.8387089,94.4544147,amenity,restaurant,Jyoti Palace
n,13310534301,27.5292506,94.7245232,amenity,restaurant,Mimosa Restaurant and Cafe
n,13312443801,27.2354497,94.1059922,shop,clothes,Reliance Trends
n,13312454601,27.2319113,94.1000931,amenity,place_of_worship,Gurdwara Sri Guru Singh Sabha
n,13312455501,27.2317698,94.0999425,amenity,place_of_worship,Shani Mandir
n,13312458201,27.2315526,94.0996694,amenity,place_of_worship,Sri Sri Shanidev Mandir
n,13312468401,27.2292361,94.0959673,amenity,fuel,Indian Oil
n,13312469701,27.2282284,94.0941769,amenity,police,Khelmati Town Police Outpost
n,13312471301,27.2276794,94.0929417,amenity,bank,"Bank of Maharashtra, North Lakhimpur branch"
n,13315605401,27.2368654,94.1140057,amenity,school,Lakhimpur Academy Higher Secondary School
n,13318457101,27.2239391,94.1063181,amenity,place_of_worship,Bormoria Ghar Namghar
n,13318457201,27.2236817,94.1058905,amenity,fuel,Nayara Gas Station
n,13318545201,27.2230041,94.1061998,amenity,bank,State Bank of India SBI Angarkhowa ADB
n,13321544501,26.7551971,93.2566146,amenity,restaurant,Green Ashiyana Dhaba
n,13323617001,26.6514037,92.7961644,amenity,hospital,Orthocare Hospital
n,13323681301,26.1759714,91.7803393,shop,convenience,Nitu Dukan
n,13328594151,25.0066271,94.0205624,amenity,police,Leitanpokpi police station
n,13355210109,25.9679834,94.833254,amenity,place_of_worship,TBBA Chapel Hall
n,13360941981,25.7054981,94.8402523,amenity,school,GHS Sütsü
n,13361217701,26.1884719,91.7520393,amenity,restaurant,Kazu noodle bar
n,13362894538,24.7191348,92.3476402,railway,station,Kayasthagram
n,13362990742,26.6688953,94.0721921,railway,station,Moabund
n,13363026886,26.7696912,93.1654234,railway,station,Viswanath Charali
n,13363029722,27.4868393,95.3577202,railway,station,Tinsukia Junction
n,13366494501,26.9453382,94.1639386,amenity,school,Majuli Auniati H. Ch. Higher Secondary School
n,13370683984,24.2929714,93.8771735,amenity,police,Sugnu Subdivisional Police Station
n,13371466214,26.3544336,92.6968839,shop,supermarket,Trends
n,13371470643,26.3551489,92.6986277,shop,convenience,Food Mart
n,13371568901,26.0123873,91.8657527,amenity,fuel,Bharat Petroleum
n,13372058182,26.3568514,92.7002725,amenity,school,198 No. Town Panigaon Primary School
n,13372116793,26.3542514,92.6963515,amenity,restaurant,Ripuraj
n,13382957528,26.333325,93.9925019,amenity,fast_food,nugget
n,13382957529,26.3337994,93.9916722,amenity,place_of_worship,pinda
n,13383152935,24.4159414,93.7033873,amenity,university,Sangai University
n,13386468301,26.3568261,92.6902953,amenity,fast_food,Johnny Rolls
n,13388643501,26.3502974,92.6801317,shop,department_store,Smart Bazar
n,13391675219,26.5533655,92.1989462,amenity,place_of_worship,Sahinagar Mosque
n,13391675221,26.5535203,92.199716,shop,yes,ANABUL'S GROCERIES
n,13391675224,26.5534715,92.1998474,amenity,college,Dalgaon royal academy
n,13391675228,26.5500367,92.1967196,amenity,school,SILVER STAR ENGLISH MEDIUM HIGHSCHOOL
n,13391675229,26.5501728,92.196893,shop,convenience,Romiz Store
n,13391675230,26.5515994,92.1964758,amenity,school,DALGAON HIGHER SECONDARY
n,13391675231,26.5519971,92.1974705,amenity,school,DALGAON HIGHER SECONDARY
n,13391675262,26.5463624,92.1936684,amenity,university,pandit deendayal upadhyaya adarsha mahavidyalaya
n,13391675264,26.5453647,92.1942599,amenity,university,pandit deendayal upadhyaya adarsha mahavidyalaya
n,13391675265,26.5465333,92.1945865,amenity,university,pandit deendayal upadhyaya adarsha mahavidyalaya
n,13391675266,26.5467483,92.1950548,amenity,university,pandit deendayal upadhyaya adarsha mahavidyalaya
n,13391675306,26.555231,92.198413,amenity,marketplace,
n,13391675307,26.5550216,92.1988197,shop,supermarket,
n,13392430101,26.5743138,93.0455418,amenity,restaurant,Choran Ahem Karbi Food Centre
n,13394268801,26.1601274,92.3544694,amenity,restaurant,Matsyagandha Restaurant
n,13394379701,26.1110054,91.7618514,shop,car_repair,"Renault, Asago Automotive Pvt Ltd, Guwahati"
n,13399375401,26.3499143,92.6885799,shop,telecommunication,Airtel
n,13406910201,26.349953,92.6737719,amenity,bank,"Axis Bank, Nagaon branch"
n,13434505019,27.4978287,95.3430378,shop,motorcycle_repair,AS23 MotoShop
n,13441758167,26.1298069,91.797533,shop,yes,
n,13447876460,26.1357706,91.8104933,shop,tyres,ONE PITSTOP
n,13450247297,27.9676052,95.7541968,amenity,police,Shantipur Police Outpost
n,13462682675,26.5521597,92.1990868,amenity,place_of_worship,Sahinagar Jaame Masjid
n,13462682676,26.5524572,92.1992444,amenity,place_of_worship,Bulbulnagar mosque
n,13463777328,27.5703915,95.323372,shop,alcohol,Wine Shop
n,13464337001,26.3600535,92.700092,amenity,place_of_worship,Shiva Sthan
n,13470587810,26.7587641,94.1979962,amenity,cafe,Urban Tea Bistro
n,13481512283,26.74885,94.1277953,amenity,school,DELHI PUBLIC SCHOOL JORHAT
n,13481787101,26.1745957,91.7647533,shop,butcher,
n,13481795313,27.4863558,95.3531336,shop,tailor,Ayush Uniform
n,13483896093,26.1398863,91.7542809,amenity,restaurant,The Bongs Kitchen
n,13506162736,26.1698645,91.7598368,shop,jewelry,New Nerupama Jewellers
n,13506162737,26.169908,91.7598081,shop,beauty,The House of Beauty
n,13506162742,26.1728019,91.7598661,amenity,clinic,SKIN CARE CENTRE
n,13506189517,26.1594533,91.7816799,shop,jewelry,MANIK CHAND JEWELLERS
n,13506189518,26.1594487,91.7816795,amenity,cafe,THE BEER  CAFE TANDAV RESTRO BAR
n,13506189519,26.1594726,91.781686,amenity,cafe,THE COFFEE ROOM
n,13506189521,26.1592593,91.7818084,shop,tyres,TYRE PUNCTURE
n,13506189522,26.1585601,91.7820863,amenity,marketplace,VEGETABLE STALL
n,13506189523,26.1590535,91.7818776,amenity,fuel,
n,13506189525,26.15794,91.7822583,shop,furniture,MORDERN LIVING
n,13506189526,26.1579666,91.7822479,shop,hairdresser,SADHHA SALON
n,13506189527,26.1579916,91.7822305,shop,car_repair,MUSKAN  A/C GAS
n,13506189528,26.158022,91.7822158,shop,hardware,BALAJO HARDWARE
n,13506189529,26.1580743,91.7821932,shop,hardware,HHHALCO ALUMINIUM
n,13506189530,26.1580962,91.7821777,shop,tyres,NEW TIRE
n,13506189531,26.1581232,91.7821621,shop,laundry,SPIN & SHINE LAUNDRY
n,13506197115,26.1745721,91.758382,shop,paint,SGR wallpaper House
n,13506197119,26.1748771,91.7581215,shop,electronics,B.S. Electronic
n,13506197121,26.1748725,91.7584613,shop,mobile_phone,star mobile
n,13506197122,26.1749818,91.7591544,shop,supermarket,Royal Store
n,13506197123,26.1750297,91.7592341,amenity,cafe,wokfit cafe
n,13506197127,26.1750609,91.7598465,shop,tailor,mushkan Tailors
n,13506197128,26.1750435,91.7598699,shop,hairdresser,Nasin hair clinic
n,13506197129,26.1749612,91.7602016,shop,supermarket,Ma durga store
n,13506197130,26.1749595,91.7602342,shop,sports,Arpita store
n,13506197131,26.1749423,91.7603625,shop,yes,Kalita pan shop
n,13506197132,26.1749376,91.760397,shop,hardware,Sheikh Haerdware
n,13506197135,26.1749017,91.7606972,shop,supermarket,royal grocers
n,13506197138,26.1749888,91.7617927,amenity,restaurant,R
n,13506197139,26.1749908,91.7617941,amenity,restaurant,Red chilli
n,13506197140,26.1751378,91.7619721,shop,jewelry,Tamanna Jewellers
n,13506197141,26.1751998,91.7620638,shop,tea,Sohum Tea
n,13506197142,26.1752192,91.7620904,shop,supermarket,Shiv Bhandar
n,13506197143,26.1753787,91.7623245,amenity,restaurant,Rahul Hotel
n,13506197144,26.1753607,91.7626049,shop,supermarket,Priya General Store
n,13506197145,26.1250627,91.786751,shop,tailor,T.R LADIES FASHION & TAILORING
n,13506197146,26.1251777,91.7866641,shop,tailor,FRIENDS TAILORS
n,13506197147,26.1252461,91.7866341,amenity,fast_food,MAHBUB FAST FOOD HUB
n,13506197148,26.1253654,91.7866401,shop,yes,MILAN PANDIT SHOP1
n,13506197149,26.1253684,91.7866295,amenity,restaurant,SIP & BITE
n,13506197150,26.1253699,91.7866218,shop,bakery,BAKE QUEEN
n,13506197152,26.1255273,91.786683,shop,convenience,S K STORES
n,13506197154,26.1256827,91.786698,shop,electronics,MAA ELECTRICALS
n,13506197155,26.1257432,91.7866847,shop,electronics,KEI Wires & cables
n,13506197156,26.125846,91.7866729,shop,laundry,TUMBLEDRY
n,13506197157,26.1258841,91.7866684,shop,supermarket,ANNAPURNA BHANDAR
n,13506197158,26.125992,91.7866512,shop,beauty,LUXE GLAM STUDIO
n,13506197159,26.1260331,91.7866449,shop,convenience,POPULAR STORE
n,13506197160,26.1260775,91.786642,shop,convenience,H . STORE
n,13506197162,26.1268757,91.7865707,shop,bicycle,HERO CYCLES
n,13506197163,26.1271049,91.7865002,shop,electronics,SHREE GANAPATI ELECTRICALS
n,13506197164,26.1271396,91.7865037,shop,interior_decoration,ELITE DECOR
n,13506197165,26.1271633,91.7865023,shop,hardware,ASSAM HARDWARE HOUSE
n,13506197166,26.12722,91.7865065,shop,nuts,NATURE'S HUB
n,13506197168,26.1277424,91.7864547,shop,motorcycle_repair,ALAM BIKE REPAIRING CENTER
n,13506197169,26.1278484,91.7864375,shop,convenience,SAMPURNA STORE
n,13506197170,26.1278982,91.7864231,shop,optician,ANUBHAV OPTICAL
n,13506212443,26.1760738,91.7357048,shop,furniture,Nilkamal
n,13506212446,26.1765197,91.7353876,shop,tyres,GOOD YEAR
n,13506212447,26.1767395,91.735096,amenity,doctors,
n,13506212448,26.1768461,91.7349776,amenity,restaurant,Al- Beak Restaurant
n,13506225429,26.125076,91.7867362,shop,tailor,T.R Ladies Fashion & Tailoring
n,13506225431,26.1254543,91.7866755,shop,pastry,BAKE QUEEN
n,13506225432,26.1256371,91.7865825,amenity,clinic,HEALTHY SMILE DENTAL & AESTHETIC CLINIC
n,13506225433,26.125624,91.7865132,shop,tailor,BOHAGEE TAILOR
n,13506225434,26.1711455,91.7705089,amenity,bank,State Bank of India
n,13506225436,26.1713785,91.7695161,amenity,cafe,JESTEA CORNER
n,13506225437,26.1714147,91.7693657,amenity,cafe,HUNGRY DELIGHTS
n,13506229565,26.1256259,91.7864165,amenity,restaurant,Akash noor biryani
n,13506229566,26.1256392,91.7864942,shop,sewing,S.N. DECOR
n,13506229567,26.1256564,91.7865854,amenity,clinic,Healthy smile Dental & Aesthetic Clinic
n,13506229569,26.1256937,91.7866957,shop,mobile_phone_accessories,Mobile Fixer
n,13506229570,26.1257813,91.7866848,shop,electrical,KEI wires & cables
n,13506229571,26.1258181,91.7866776,shop,clothes,cloth store
n,13506229572,26.1258552,91.7866724,shop,laundry,Tumbledry laundary dry clean
n,13506229573,26.1258952,91.7866647,shop,supermarket,Annapurna Bhandar
n,13506229574,26.1260024,91.7866485,shop,supermarket,S.T. commercial
n,13506229575,26.126222,91.7866357,shop,books,M.K. store
n,13506229577,26.1268506,91.7865398,shop,bicycle,Imperial cycle  Co.
n,13506229578,26.1268935,91.7865426,shop,hardware,J.B.store
n,13506229579,26.1270253,91.7864988,shop,medical_supply,Bolossom medicos
n,13506229580,26.1270809,91.7864948,shop,cosmetics,Apsara Beauty Parlour
n,13506229581,26.127114,91.7864945,shop,electronics,Shree Ganapati Electricals
n,13506229582,26.1271521,91.7864951,shop,hardware,Assam Hardware House
n,13506229583,26.1279108,91.7864279,shop,medical_supply,Anubhav medicos
n,13506229586,26.1287296,91.7863889,shop,yes,HPAN shop11
n,13506229587,26.1288675,91.786395,shop,medical_supply,Nurul Medicos
n,13506229588,26.1290947,91.7862576,shop,optician,RE-vision optical1
n,13506229589,26.1291291,91.7862647,shop,jewelry,Janapriya jewellery
n,13506229590,26.1291921,91.7862766,shop,pet,Pet Paradise
n,13506229591,26.1294327,91.7862918,shop,shoes,Khadims
n,13506229592,26.1301139,91.7862091,amenity,bank,Indian Bank
n,13506229593,26.1302957,91.786195,amenity,school,Little Flower School
n,13506229594,26.130908,91.786135,amenity,hospital,"H.M. Hospital , Hatigaon"
n,13506229595,26.1314094,91.7860962,shop,electronics,Hatigaon Electricals New
n,13506229596,26.1314755,91.7860902,shop,hardware,Capital Sanitary & Hardware
n,13506229597,26.1315246,91.7860857,shop,electronics,Hatigaon Electrical New
n,13506229598,26.1316835,91.7860546,shop,shoes,Rider shoes
n,13506229599,26.1317036,91.7860509,shop,clothes,Risha Fashion Baby & Ladies fashion shop
n,13506243377,26.1570298,91.7825169,shop,dry_cleaning,STARLINE CLEANERS & DYERS
n,13506243379,26.1571891,91.7824641,shop,car_repair,BAROOAH SERVICING CENTRE
n,13506243381,26.1573821,91.7824338,amenity,bank,Punjab National Bank
n,13506243382,26.1574183,91.7824241,shop,wine,LK WINE SHOP
n,13506243383,26.1574257,91.7824063,amenity,fast_food,BUYANS FOOD
n,13506243384,26.156166,91.782805,amenity,restaurant,IORA KITCHEN
n,13506243385,26.1561923,91.7827876,shop,travel_agency,Thomas Cook
n,13506243386,26.1563584,91.782744,shop,outpost,blinkit
n,13506245538,26.1810425,91.7561657,shop,clothes,Miorah
n,13506245539,26.1810173,91.7561713,shop,bakery,KB's Night Food Hub
n,13506245541,26.1809484,91.7561696,amenity,restaurant,KB's Restaurant & Dine
n,13506245543,26.1807653,91.7561496,amenity,school,D.A.V. High School
n,13506245544,26.1807455,91.7561676,shop,books,Maharshi Dayananda Vaidik Pustakalaya
n,13506245545,26.1807654,91.7562085,shop,sports,Virat Sports & Fitness
n,13506245546,26.1806965,91.7562354,shop,sports,Virat sports & Fitness
n,13506245547,26.1806109,91.7562638,shop,sports,King sports 2.0
n,13506245548,26.1805896,91.7562701,shop,trophy,Trophy junction
n,13506245549,26.1803505,91.7563133,shop,sports,S.K. sports
n,13506245550,26.1802839,91.756327,shop,tea,Blend and Brew (the tea Boutique
n,13506245552,26.1801233,91.7563813,amenity,cafe,Cafe & cocktails
n,13506245553,26.1800239,91.7563878,shop,bicycle,Go Beyond
n,13506245554,26.1799366,91.7563918,shop,bicycle,FIREFOX
n,13506245557,26.1795936,91.7564886,shop,sports,Mayank sports
n,13506245558,26.1794714,91.7565093,shop,sports,king sports
n,13506245559,26.1794498,91.7565208,shop,sports,Star sports
n,13506245560,26.179421,91.7565261,shop,sports,Sports hub
n,13506245563,26.1788563,91.7565923,shop,photo,DAS Photostat centra
n,13506245565,26.1786308,91.7566433,amenity,restaurant,Chicken leg piece
n,13506245566,26.1785749,91.7566454,shop,supermarket,R choudhuary
n,13506245567,26.1785384,91.7566733,shop,mobile_phone_accessories,Shyam moblice repairing sales
n,13506248401,26.131883,91.7860208,shop,sewing,S.N. decor
n,13506276154,26.1914007,91.7531686,amenity,bank,ICICI Bank
n,13506276155,26.1914724,91.7533144,amenity,restaurant,Fat Belly
n,13506276157,26.1914404,91.753557,amenity,restaurant,Hot Pot
n,13506276158,26.1914849,91.7536487,amenity,restaurant,Madam
n,13506276159,26.1914851,91.7536712,amenity,cafe,KoKoPoP Pancakes
n,13506276160,26.1915005,91.7537123,shop,supermarket,P.P Store
n,13506276161,26.1915152,91.7537545,amenity,restaurant,Yum Yum Korean Bucket
n,13506276162,26.1916393,91.7536833,amenity,restaurant,Michinga
n,13506276163,26.1916863,91.7538092,amenity,fast_food,Wow! Momo
n,13506276164,26.1917112,91.7538587,amenity,cafe,Beyond By Robert Junior Cafe
n,13506276167,26.1916262,91.7543787,amenity,cafe,Patty Oh
n,13506276170,26.1919899,91.7548106,amenity,kindergarten,Kids Kindergarten School
n,13506276172,26.1917974,91.7550266,shop,perfumery,The Scent Bar
n,13506276173,26.1920013,91.7550906,amenity,cafe,Pakghar
n,13506276174,26.191973,91.7552984,amenity,place_of_worship,Shri Shri Umashankar Mandir
n,13506276175,26.1919547,91.7553245,shop,butcher,Uzan Bazar Meat Shop
n,13506276176,26.191854,91.7553126,shop,clothes,Rang Juri Boutique
n,13506276177,26.1918486,91.755315,shop,electronics,Delta Enterprise
n,13506276178,26.1918198,91.7553274,shop,yes,Assam Store
n,13506276180,26.1917637,91.7553483,shop,hairdresser,Smart Beauty Salon
n,13506276181,26.1917581,91.7554225,shop,yes,Flora Store
n,13506276182,26.1916051,91.7553713,shop,convenience,Dimpa Store
n,13506276183,26.1915629,91.755393,shop,stationery,Puja Store
n,13506276184,26.1915477,91.7554634,shop,hairdresser,Raja Salon
n,13506276185,26.1915618,91.7554645,shop,electronics,Maa Communication
n,13506276186,26.1914204,91.7553047,amenity,bank,Assam Gramin Vikash Bank
n,13506276187,26.1913909,91.7554216,shop,bakery,Akshay Bakery
n,13506276188,26.1913056,91.7553786,shop,jewelry,Renu Jewellers
n,13506276189,26.1912745,91.7553859,shop,tailor,New Tailors
n,13506276190,26.1912542,91.7553947,shop,electronics,Maa Communication
n,13506276191,26.1912397,91.7553981,amenity,restaurant,Maa Bhojanalaya
n,13506276193,26.1912044,91.7554072,shop,yes,Oleander
n,13506276194,26.1910669,91.7556879,shop,convenience,Shop N Save
n,13506276195,26.1909616,91.7555126,shop,yes,N G Enterprise
n,13506276197,26.1910703,91.7553964,amenity,restaurant,Nilkanth Restaurant
n,13506276198,26.1910617,91.7553782,amenity,cafe,Chai Sutta Bar
n,13506276200,26.1910112,91.7558785,amenity,cafe,Mirch Masala
n,13506303001,26.1909545,91.7554231,shop,stationery,Student Corner
n,13506303008,26.1907516,91.754784,amenity,restaurant,Face Food
n,13506303011,26.1905801,91.7541614,amenity,clinic,Dr Ankur's Orthopaedic Clinic
n,13506303013,26.1904583,91.7540468,amenity,cafe,Crafter
n,13506303014,26.1900204,91.7534401,shop,bakery,Loyan's Bakery
n,13506307526,26.1723963,91.7596894,shop,optician,LENSKART
n,13506307529,26.1723963,91.7596795,amenity,restaurant,biryani by kilo
n,13506307531,26.1723989,91.7595892,shop,mobile_phone,Vivo
n,13506307533,26.1723863,91.7596127,amenity,restaurant,OMAAGO
n,13506307534,26.1722487,91.7590868,shop,copyshop,WE WELCOME ENTERPRISE
n,13506307535,26.1722055,91.7590426,shop,repair,NEW LAKHI COOLING CENTRE
n,13506307536,26.1720645,91.7588054,amenity,clinic,NARAYANA SUPERSPECIALITY CLINIC
n,13506307538,26.1720887,91.7584144,shop,water,MAA KAMAKYA DISTRIBUTOR
n,13506307540,26.1720976,91.7582976,shop,clothes,BARBIAN D VARIETY CLOTHES
n,13506307541,26.1721318,91.7580847,amenity,restaurant,KACHARI'S KITCHEN
n,13506307542,26.1721318,91.7580745,amenity,fast_food,WANG FOOD CORNER
n,13506558261,26.1689823,91.7466175,shop,hardware,Malati Hardware
n,13506558262,26.1696174,91.7468921,shop,interior_decoration,KHUSHU ENTERPRISES
n,13506558263,26.1696289,91.7469011,shop,stationery,ART N KRAFT
n,13506558264,26.1697496,91.7470287,shop,car_repair,THE CAR CONCEPT
n,13506558265,26.1698854,91.7470549,amenity,clinic,HEALPOINT DIAGINISTIC & MULTISPECIALITY CLINIC
n,13506558266,26.1699853,91.7471209,shop,jewelry,
n,13506558268,26.1702417,91.7472588,shop,optician,Lenskart
n,13506558269,26.1702856,91.7472829,shop,florist,FLOWERaura
n,13506558270,26.1703386,91.7473371,amenity,fast_food,La Pino'z Pizza
n,13506558271,26.1703808,91.74736,shop,beauty,Unisex Hair Beauty & Spa Salon
n,13506845465,26.1704869,91.7474135,shop,motorcycle,SHIVAM TWO WHEELER
n,13506845466,26.1706563,91.7475132,shop,clothes,ASAM HANDLOOM JAGARAN
n,13506845469,26.171079,91.7477227,amenity,doctors,SWASTIK MEDCAL
n,13506845470,26.171108,91.7477531,amenity,doctors,"DR KAMAL KR. JAIN, MD"
n,13506845471,26.1712553,91.7478203,shop,yes,DASAKARMA BHANDER
n,13506845472,26.1712871,91.7478329,shop,yes,SUBHA LAXMI BHANDER
n,13506845473,26.1713435,91.7478552,shop,hairdresser,NEW MAKE OVER SALON
n,13506845474,26.1713989,91.7478955,shop,printer_ink,
n,13506845475,26.1715543,91.7479658,shop,printer_ink,INOX ENTERPRISES
n,13506845477,26.1716909,91.7481169,amenity,bank,HDFC Bank
n,13506845478,26.1716725,91.7480745,shop,hardware,PARAS ALUMINIUM & HARDWARE
n,13506845480,26.1719438,91.7482534,amenity,clinic,NETRAJYOTI EYE CLINIC
n,13506845482,26.1729933,91.7488567,shop,beauty,U.A BEAUTY CARE
n,13506845483,26.1730767,91.7488922,shop,yes,LOKHNATH BHANDAR
n,13506845484,26.1731249,91.7489252,shop,yes,BETEL LEAVES
n,13506845486,26.1738011,91.7491782,shop,computer,CAPITAL COMPUTER
n,13506845487,26.1738251,91.7492087,shop,printer_ink,BROTHER AT YOUR SIDE
n,13506845488,26.1738161,91.7492422,shop,optician,DEEP JYOTI OPTICAL
n,13506845489,26.174098,91.7493726,amenity,fast_food,THE PELICAN
n,13506845491,26.1743564,91.7494051,amenity,school,ARYA PATHSHALA
n,13506845492,26.1745949,91.7495095,amenity,fast_food,Domino's
n,13506845495,26.1746667,91.7495208,shop,motorcycle,KINETIC GREEN
n,13506845496,26.1746899,91.7495241,shop,yes,DAILY BAZAAR
n,13506845498,26.1748719,91.7496257,amenity,fast_food,DARJEELING MOMO
n,13506845500,26.1750062,91.7496745,amenity,bank,State Bank of India
n,13506867202,26.1751786,91.7497264,shop,appliance,BLUE STAR
n,13506867203,26.175907,91.7498967,shop,bed,NEW RAJDHANI BEDDING STORE
n,13508163771,26.1750682,91.7362628,shop,dry_cleaning,MERCURY DYERS & CLEANERS
n,13508163773,26.1724738,91.7396997,amenity,fast_food,BICKY MOMO HOUSE
n,13508163774,26.1722494,91.7395166,shop,interior_decoration,TRIMURTY PLY
n,13508163775,26.1721905,91.739472,shop,interior_decoration,KRISHNA TRADERS
n,13508163776,26.1720725,91.7393846,shop,interior_decoration,GOMTI UDYOG
n,13508163777,26.1720147,91.7393639,shop,hardware,NEELAM  UDYOG
n,13508163778,26.1720081,91.7393487,shop,hardware,SHIVADITYA INFRACON
n,13508163779,26.1719898,91.7391512,amenity,bank,Axis Bank
n,13508163780,26.1719644,91.7391132,shop,hardware,SARAF STEELS
n,13508163781,26.1719615,91.7391031,shop,clothes,AAKARSHA
n,13508163782,26.1718436,91.7390431,shop,hardware,STAR PLY & HARDWARE
n,13508163783,26.1718352,91.7390372,shop,hardware,PURBANCHAL PLYWOOD
n,13508163785,26.1717255,91.7390635,shop,flooring,PARATHI ENTERPRISE
n,13508163786,26.1716661,91.7390475,shop,hardware,SHIV HARWARE
n,13508163787,26.17165,91.7390293,shop,hardware,
n,13508163788,26.1715664,91.7389714,amenity,bank,ICICI Bank
n,13508163789,26.1715587,91.7389729,shop,electrical,RAGHAVI ELECTRIC
n,13508163790,26.171416,91.738812,shop,hardware,GLASS CORNER
n,13508163791,26.1713848,91.738757,shop,tailor,TARAK NATH
n,13508163792,26.1713628,91.738706,shop,hardware,SARAF GLASS AGENCY
n,13508163793,26.1713298,91.7386162,shop,hardware,INTERIOR WORLD
n,13508163794,26.1713943,91.7386188,shop,cake,CAKE.in
n,13508163795,26.1712926,91.7385184,shop,hardware,ENTERPRISES SF STEEL
n,13508163796,26.1712679,91.738409,shop,hardware,IPSA
n,13508163797,26.1712668,91.7384153,shop,florist,SANU FLOWER DECORATION
n,13508163798,26.1712704,91.7384018,shop,hardware,PRATIBHA HARDWARE
n,13508163799,26.171372,91.7384034,shop,hardware,ANKUR ENTERPRISE
n,13508163800,26.1713781,91.7383325,shop,beauty,D' LOOKS
n,13508165901,26.1713774,91.7383196,shop,hardware,PURVANCHAL COLLECTION
n,13508165902,26.1713813,91.7382652,shop,hardware,PLU STORY
n,13508165903,26.1713874,91.7382807,shop,hardware,TIRUPATI PLY & VENEER
n,13508165905,26.1712803,91.7381353,shop,hardware,
n,13508165906,26.1713592,91.7382062,shop,kiosk,SUBHAM SWEETS
n,13508165907,26.1713611,91.7381758,shop,hardware,HANUMAN GLASS AND PLYWOOD
n,13508165908,26.1712876,91.7379843,shop,hardware,SHREE STEELTECH ENTERPRISES
n,13508165909,26.1712941,91.7379002,shop,jewelry,KISNA
n,13508165910,26.1713855,91.737872,shop,kiosk,MERA TRADE CENTRE
n,13508165911,26.1714168,91.7377507,shop,hardware,DEKA ENTERPRISES
n,13508165912,26.1712697,91.7377694,shop,beauty,ROYAL LOOKS
n,13508165913,26.1712426,91.737773,shop,hardware,CHARU AMAR COMPLEX
n,13508165914,26.1712626,91.737733,shop,hardware,GLASS CO.
n,13508165915,26.1712704,91.7377565,shop,kiosk,
n,13508165916,26.1713038,91.7376237,shop,hardware,KAJARIA PLY
n,13508165917,26.1714606,91.737603,shop,hardware,GLASS INDIA
n,13508165918,26.1714603,91.7374555,shop,sweets,KIRANSHREE SWEETS & SNACKS
n,13508165919,26.1713009,91.7374052,shop,mobile_phone,PEOPLE PHONE ACCESSORIES
n,13508165920,26.171277,91.7373495,amenity,fast_food,AURUM BURGERS
n,13508245264,26.1728368,91.7598422,shop,mobile_phone_accessories,Moblie service center
n,13508245265,26.173523,91.7590834,shop,computer,computer heart
n,13508245266,26.173661,91.7589295,amenity,restaurant,Ok CHICKEN
n,13508245267,26.1739046,91.7585776,shop,car,Tata
n,13508245270,26.1743632,91.7580298,shop,supermarket,Unique supermart
n,13508245271,26.1744316,91.7579578,shop,medical_supply,MEDILINE HOSPITAL ALL CARE INDIA & NORTEAST MEDICARE SOLUTION
n,13508245272,26.174433,91.7579678,shop,tailor,JMG ASSOCIATE
n,13508245273,26.1744627,91.7578758,shop,clothes,THE TIME SQUARE OPTI TIME
n,13508430614,26.1582218,91.7599088,amenity,fast_food,KITCHEN HUB
n,13508430615,26.1582471,91.7598367,shop,kiosk,BOORAH HOTEL
n,13508430616,26.1582022,91.7597364,shop,kiosk,
n,13508430617,26.1581937,91.7596867,shop,kiosk,
n,13508430618,26.1581794,91.7596101,shop,kiosk,
n,13508430620,26.1579698,91.7593188,shop,kiosk,
n,13508430621,26.1579568,91.7593228,shop,kiosk,KAUSHIK
n,13508430622,26.1579478,91.7593263,shop,kiosk,
n,13508430623,26.1579432,91.7593283,shop,kiosk,
n,13508430624,26.1579038,91.7588867,shop,kiosk,
n,13508430625,26.1579051,91.7588701,shop,kiosk,
n,13508430626,26.1579056,91.7588615,shop,kiosk,
n,13508430627,26.1579055,91.7588651,shop,kiosk,
n,13508430628,26.158217,91.7574065,shop,kiosk,
n,13508430629,26.1582157,91.7573929,shop,clothes,WESTERN WARDROBE
n,13508430630,26.1582142,91.7573818,shop,clothes,FASHION POINT
n,13508430631,26.1582397,91.7569551,shop,hairdresser,
n,13508430632,26.1582411,91.7569401,shop,electronics,M/S PAHI ENTERPRISE
n,13508430633,26.1582412,91.7569085,shop,hairdresser,BANTI BEAUTY STUDIO
n,13508430634,26.1582413,91.7569243,shop,chemist,
n,13508430635,26.158242,91.7568973,shop,dry_cleaning,FASHION POINT
n,13508430636,26.158253,91.7562979,shop,tailor,N.K TAILOR
n,13508430637,26.1582138,91.7558036,shop,kiosk,
n,13508653185,26.1166733,91.708319,shop,hairdresser,Bicky Parlour
n,13508653186,26.1167863,91.7082861,shop,optician,Trinetra Nethralaya
n,13508653187,26.1169791,91.7082488,shop,medical_supply,Kashmiri Medicos
n,13509359740,26.176577,91.7572417,shop,trophy,NE TROPHY WORLD
n,13509359741,26.1766421,91.7572398,shop,optician,HIMALAYA OPTICAL
n,13509359742,26.1769319,91.7571832,shop,motorcycle,Bajaj
n,13509359744,26.1773734,91.7570719,amenity,restaurant,J14
n,13509359745,26.1774292,91.7570555,shop,sports,YONEX
n,13509359746,26.177487,91.7570443,shop,sports,NEW NE SPORTS
n,13509359747,26.1775171,91.7570367,shop,trophy,NE TROPHY WORLD
n,13509359748,26.1775458,91.7570392,shop,sports,NE SPORTS
n,13509359749,26.1775742,91.7570409,shop,sports,SANJAY SPORTS
n,13509359750,26.1776216,91.7570407,shop,household_linen,EXIDE CARE
n,13509589496,26.1734787,91.7506899,amenity,school,CRESCENT HEIGHTS PUBLIC SCHOOL
n,13509596256,26.1709383,91.755448,shop,supermarket,AKANHASI
n,13509878895,26.1743572,91.7341566,shop,repair,KAMAKHYA CAR FASHION
n,13511037724,26.1184465,91.7092941,shop,tyres,M.H. Tyre service
n,13511037726,26.1295884,91.7862777,shop,toys,Student view
n,13511037727,26.1296276,91.7862682,shop,toys,Imported collection
n,13511037729,26.1298455,91.786236,shop,books,Flower Bool stall
n,13511037730,26.1299221,91.7862331,shop,electronics,Samsung
n,13511037731,26.1299619,91.7862307,shop,mobile_phone_accessories,Zam Zam Guwahati Sales & Service
n,13511037732,26.1311483,91.7861251,shop,medical_supply,Kundi mama Medical Hall
n,13511037733,26.1312396,91.7861218,shop,beauty,Ayesha Beauty care
n,13511037734,26.1312961,91.786109,shop,hairdresser,Faizan's Hair Unisex Salon
n,13511202382,27.3992168,95.640143,shop,jewelry,Gamkharu
n,13511202383,27.3993649,95.6401348,amenity,place_of_worship,temple
n,13511206564,26.1446616,91.7864237,shop,sports,Dispur sports
n,13511238152,26.1902857,91.7532737,shop,beauty,Agne's Beauty Parlor
n,13511238153,26.1905282,91.7531738,amenity,restaurant,BLR Express
n,13511238155,26.1905472,91.7529852,shop,tea,MATchaa
n,13511238156,26.1905346,91.7529324,amenity,restaurant,Razi Biryani
n,13511238157,26.190508,91.7528373,amenity,cafe,Cafe Choco Craze
n,13511238159,26.1900057,91.7522038,amenity,school,Latsil Primary School
n,13511238160,26.1899395,91.7519146,amenity,police,Latasil Police Station
n,13511248971,26.1708693,91.7621792,shop,clothes,CANTABIL
n,13511248972,26.1708247,91.7622694,shop,jewelry,BLUESTONE PURE JEWELLERY
n,13511248973,26.1707425,91.7623402,shop,computer,GAME ON GAMING PC DATAMATION
n,13511248974,26.1707354,91.7623499,amenity,restaurant,SETEN H HEAVEN
n,13511273854,26.1289384,91.7859521,shop,bakery,GOLDEN BALER
n,13511273856,26.1289457,91.7852509,shop,convenience,TALUKDAR STORE
n,13511273857,26.1289468,91.785162,shop,motorcycle_repair,RAJIV SCOOTER WORKS
n,13511273858,26.1289414,91.7851158,shop,convenience,PUJA STORE
n,13511273859,26.1289466,91.784868,shop,supermarket,KIBRIYA MART
n,13511273860,26.128993,91.7844765,shop,motorcycle_repair,TARIQ BIKE REPAIRING CENTER
n,13511273861,26.1289887,91.7840203,shop,furniture,STAR FURNITURE
n,13511273862,26.1289375,91.7827958,shop,hardware,RIPON ENTERPRISE
n,13511273863,26.1289337,91.7827733,shop,electronics,MAA ELECTRICALS
n,13511273864,26.1289358,91.7827071,shop,furniture,NIHA FURNITURE
n,13511273866,26.1289456,91.7824898,shop,hardware,EDEN ENTERPRISE
n,13511273868,26.1289367,91.7824289,shop,hardware,M/S RABI ENTERPRISE
n,13511273869,26.1289828,91.7821988,amenity,clinic,NIHAAN HEALTH CARE
n,13511273870,26.129075,91.7821818,shop,toys,BOMBAY HAIR STYLE  SALON FOR MEN
n,13511273871,26.1290982,91.7821997,shop,toys,PUTUL STORE
n,13511273873,26.1586486,91.7623559,shop,convenience,K.D.STORE
n,13511273874,26.1582395,91.7574448,shop,clothes,WEWTERN WARDROBE
n,13511273875,26.1582534,91.7573783,shop,clothes,FASHION POINT
n,13511273877,26.158276,91.754598,shop,hardware,GUDEE ENTERPRISE & HARDWARE
n,13511273878,26.1584551,91.7539311,shop,hairdresser,A STYLE AND SCISSORS SALON
n,13511289073,26.1734493,91.7490616,shop,electrical,SHIB ELECTRICAL WORKS
n,13511289074,26.1851882,91.756084,amenity,hospital,WINTROBE HOSPITAL
n,13511289075,26.1851875,91.7560139,shop,chemist,IDOL PHARMA
n,13511289076,26.1851691,91.7559833,shop,yes,
n,13511289077,26.1851732,91.7559525,shop,yes,
n,13511289078,26.1853462,91.7554666,amenity,bank,IndusInd Bank
n,13511289080,26.1853308,91.7552499,amenity,bank,South Indian Bank
n,13511289082,26.1853023,91.7550546,amenity,restaurant,J FOURTEEN
n,13511289084,26.1853125,91.7550164,shop,jewelry,KANYYA
n,13511289085,26.1853405,91.7550297,shop,beauty,
n,13511289086,26.1853016,91.754977,shop,clothes,PRIYADARSHINI
n,13511289087,26.1853228,91.7549624,shop,fabric,NIRMAAN FABRIC
n,13511289088,26.1852769,91.7548511,shop,electronics,HAVELLS
n,13511289089,26.1852896,91.7546947,shop,chemist,PHARMACY
n,13511289090,26.1855063,91.7534542,amenity,bank,Bank of Maharashtra
n,13511289092,26.1910693,91.7563222,shop,bakery,Prime Cakes
n,13511289093,26.1912269,91.7567573,amenity,place_of_worship,Barowari Durga Mandir
n,13511289094,26.1909986,91.75692,shop,yes,Durga Store
n,13511289095,26.1909321,91.7568944,shop,butcher,Meat Variety
n,13511289096,26.1909114,91.7568943,shop,yes,D.D. Enterprise
n,13511289097,26.1908879,91.7569033,amenity,fast_food,Bhola Chaat Bhandar
n,13511289098,26.1904854,91.757011,amenity,restaurant,Lovely Chanda Restaurant
n,13511289100,26.1900308,91.7571329,shop,paint,SK Paints & Sanitary
n,13511319895,26.170659,91.7624718,shop,electronics,Sony
n,13511319896,26.1706446,91.7624924,shop,camera,NIKON
n,13511357697,26.14119,91.786209,amenity,fast_food,POCKET PIZZA
n,13511357698,26.1412108,91.7862234,shop,bag,AMERICAN TOURISTER
n,13511357700,26.141321,91.7862778,shop,optician,PRIME OPTICS
n,13511358048,26.1435467,91.786545,shop,yes,Nayandeep store
n,13511359572,26.1414538,91.786325,amenity,place_of_worship,Rajdhani Masjid
n,13511359573,26.1415847,91.7863444,shop,electrical,Havells
n,13511359574,26.1417012,91.7863699,amenity,restaurant,Pizza Hut
n,13511363272,26.1650788,91.7682295,shop,bakery,CAKE CORNER
n,13511363274,26.1653381,91.7677531,shop,optician,National opticcal
n,13511363275,26.1654421,91.7675951,shop,wine,French wine shop
n,13511363276,26.1655482,91.767405,shop,optician,Taj optical
n,13511363277,26.1658747,91.7669147,amenity,restaurant,NEW CITI DHABA
n,13511363278,26.1661518,91.7670015,amenity,fast_food,CITY FOOD POINT
n,13511363280,26.1663435,91.7668877,amenity,fast_food,Yewale am
n,13511363281,26.1663787,91.7668369,shop,pastry,7th avenue waffles
n,13511363282,26.1663881,91.7668351,shop,household_linen,SPACEDGE INTERIOR
n,13511363283,26.1666941,91.7665205,shop,mobile_phone,CONNECTING PEOPLE
n,13511363284,26.1667222,91.7664973,shop,perfumery,AJMAL PERFUMES
n,13511363285,26.1668777,91.7663328,shop,hairdresser,Prince hair and spa salon
n,13511364139,26.1224087,91.8061522,shop,tea,N.B TEA STORE
n,13511364141,26.1153879,91.8093349,shop,tyres,apollo tyres
n,13511364142,26.1166624,91.8128349,amenity,restaurant,GUWAHATI CANTEEN
n,13511364143,26.112635,91.7981754,amenity,fast_food,KRISTI MOMO CORNER
n,13511364144,26.1126998,91.7984861,amenity,fast_food,RICHA FAST FOOD
n,13511364145,26.1127694,91.7987734,shop,water,BISLERI
n,13511364146,26.1127966,91.7990566,amenity,fast_food,FRUIT JUICE
n,13511364147,26.1128614,91.7996096,amenity,fast_food,FRESH FRUIT JUICE
n,13511364148,26.117942,91.8062447,shop,electronics,CROMA
n,13511364149,26.1176637,91.8061976,shop,mall,ZUDIO
n,13511364150,26.1725601,91.7773101,shop,motorcycle,Yamaha
n,13511364151,26.1726012,91.7773046,shop,mall,FIRST CRY
n,13511364152,26.1729023,91.7771314,shop,electronics,Samsung
n,13511364154,26.1730611,91.7768964,shop,gift,AMBA GIFT HOUSE
n,13511364155,26.1730789,91.7769506,shop,bakery,BAKERS SPECIAL
n,13511364156,26.173438,91.7768616,amenity,restaurant,DOSA EXPRESS
n,13511364157,26.1735599,91.7768665,amenity,restaurant,JAPANESE AND FUSION CUISINE
n,13511364158,26.173833,91.7769276,amenity,fast_food,ETHNIC MOMO
n,13511364160,26.1744411,91.7768284,amenity,fast_food,WOK & ROLL
n,13511364161,26.1744561,91.7767847,shop,party,WOOHOO
n,13511364162,26.1744985,91.7767207,shop,electronics,CONNECT
n,13511364164,26.1752867,91.7764605,shop,bakery,GOLDEN BAKERY
n,13511364165,26.1753706,91.776423,shop,kiosk,PAAN CASA
n,13511364167,26.1757163,91.7760045,amenity,fast_food,FRIED CHICKEN
n,13511364168,26.1756832,91.7759931,shop,furniture,ROUF ABCD
n,13511364169,26.1756614,91.775981,shop,furniture,NEW ASSAM SOFA GHAR
n,13511364170,26.1758453,91.7759908,shop,furniture,ASSAM SOFA HOUSE
n,13511364171,26.1760567,91.7760231,shop,printer_ink,MAA MANASHA PRINTERS
n,13511364172,26.1772082,91.775731,shop,furniture,SUN SLEEP
n,13511364173,26.1771796,91.7758006,shop,bicycle,PEDAL AND WHEELZ
n,13511364174,26.1771891,91.7758214,shop,furniture,RAJ FURNISHING
n,13511364175,26.1772356,91.7758005,shop,tyres,JK TYRE
n,13511364176,26.1772711,91.7757873,amenity,fast_food,HEALTHY HUT
n,13511364177,26.1753479,91.7767196,amenity,restaurant,BELGIAN WAFFLE
n,13511364179,26.1753316,91.7766487,shop,optician,GEMINI OPTICAL
n,13511364181,26.175178,91.7766254,shop,electronics,Samsung
n,13511364182,26.1751489,91.7766475,shop,repair,ATOZ.INFO
n,13511364183,26.1763129,91.7763453,shop,pastry,THE CAKE
n,13511365104,26.1710497,91.7621191,shop,mobile_phone,REALME
n,13511365105,26.170587,91.7625593,amenity,restaurant,GREAT BRITAIN WAFFLE
n,13511365106,26.1704419,91.7626614,shop,clothes,ALLEN SOLLY
n,13511365107,26.1702447,91.7629128,amenity,fuel,Indian Oil
n,13511365108,26.1691188,91.7641606,amenity,college,S.B DEORAH COLLEGE
n,13511365109,26.1685566,91.7647573,shop,clothes,VAN HEUSEN
n,13511365110,26.1682325,91.7651409,shop,clothes,WOODLAND
n,13511365112,26.1677757,91.7656613,shop,nuts,NUT BAGAAN
n,13511365113,26.167562,91.7659229,shop,mobile_phone,SAMSUNG
n,13511365115,26.1662807,91.7674098,amenity,bank,YES BANK
n,13511365116,26.1662034,91.7675168,shop,mall,ROODRAKSH
n,13511365117,26.1659384,91.7678772,shop,supermarket,SMART BAZAAR
n,13511365121,26.1665877,91.7689024,shop,beauty,LAKME SALON
n,13511376327,26.1673719,91.7661122,shop,electrical,Brand rush
n,13511376328,26.1673376,91.766146,shop,beauty,Shaha3 mosfica
n,13511376329,26.1672924,91.7661878,shop,clothes,Raymond
n,13511376330,26.167104,91.7664612,amenity,bank,ICICI Bank
n,13511376549,26.177389,91.7760447,shop,tyres,Good Year
n,13511376550,26.1773531,91.7760326,shop,tyres,Autocare
n,13511376551,26.1769833,91.7761522,shop,electrical,Anand
n,13511376552,26.17697,91.776147,shop,camera,nikon
n,13511376553,26.1764613,91.7763107,shop,wine,T & U Wine shop
n,13511376555,26.1759145,91.7764539,amenity,bank,Kotak Mahindra Bank
n,13511376557,26.1757917,91.7764951,shop,books,Moni Book stall
n,13511376558,26.1756473,91.7765165,shop,wine,R&B wine shop
n,13511376559,26.1756136,91.776515,shop,confectionery,Purnima sweets
n,13511376560,26.175527,91.7765464,amenity,fast_food,Juicy Hut
n,13511376561,26.1754541,91.7765787,amenity,cafe,Belgian waffle
n,13511376562,26.1754096,91.7765813,shop,optician,Friend's Bar
n,13511376563,26.1753736,91.7766184,shop,optician,Gemini Optical
n,13511399117,26.1449207,91.7851292,shop,motorcycle_repair,RAJU BIKE REPAIRING CENTER
n,13511399118,26.1449659,91.7852567,shop,beauty,ANAMIKA BEAUTY PARLOUR
n,13511399119,26.1450407,91.7852575,amenity,hospital,ADVANCE NEUROSCIENCE HOSPITAL
n,13511399121,26.1672516,91.7692403,shop,pastry,Sweet Chariot
n,13511399122,26.1671322,91.7693895,shop,hairdresser,STYLE & SCISSORS
n,13511399123,26.1670947,91.769518,amenity,restaurant,RESTRAURANT DELIGHT
n,13511399124,26.1779501,91.7738212,amenity,school,BROOKLYN PUBLIC SCHOOL
n,13511399125,26.1774989,91.7736714,amenity,restaurant,SAN JU'S FOOD
n,13511399126,26.177341,91.7736242,shop,dry_cleaning,KIRAN DYERS & CLEANERS
n,13511399127,26.1767973,91.7734637,amenity,restaurant,FOOD' ZYE
n,13511399128,26.1680191,91.7789003,shop,bakery,MINI SHAIKH BROTHERS
n,13511399129,26.1680288,91.7788838,shop,stationery,SHARMA TENT HOUSE & STATIONARY
n,13511399131,26.1683368,91.7787346,shop,stationery,MONO'S
n,13511399134,26.1693488,91.7784664,shop,bakery,PUDDIN TALES
n,13511399135,26.1693857,91.778446,shop,bakery,CAKE POINT
n,13511399136,26.1695498,91.7783696,shop,motorcycle_repair,NUTS & BOLTS
n,13511399137,26.1695941,91.7783343,amenity,restaurant,RJ KITCHEN
n,13511399139,26.1700427,91.7782371,amenity,restaurant,MAHAO ETHNIC KITCHEN
n,13511399141,26.1734313,91.776969,amenity,restaurant,DOSA EXPRESS
n,13511399142,26.1738434,91.7769021,amenity,fast_food,ETHNIC MOMO
n,13511399143,26.1741042,91.7768586,shop,electrical,M/S DEEPKHA ELECTRICALS
n,13511399145,26.17421,91.7769221,shop,chemist,
n,13511408501,26.1894681,91.75717,shop,bakery,Repose
n,13511408503,26.1891528,91.7572644,amenity,restaurant,Corn Dog
n,13511408505,26.188482,91.7577292,amenity,bank,HDFC Bank
n,13511408506,26.1872966,91.7580312,amenity,restaurant,Bowlers
n,13511408507,26.1883897,91.7573603,amenity,cafe,The Bakehouse
n,13511408509,26.1877879,91.7575468,amenity,kindergarten,Jingle Bells
n,13511408510,26.1875797,91.7575753,amenity,cafe,Caffeine Dream
n,13511408511,26.1875561,91.757592,shop,bakery,Hot Cross Buns
n,13511408512,26.1875034,91.7575876,amenity,cafe,Ghoomtea
n,13511408513,26.1873883,91.7576172,shop,gift,Yugen
n,13511408514,26.1869816,91.7575966,amenity,school,Kamrup Academy
n,13511408516,26.1862692,91.7577623,amenity,cafe,Tealogy Cafe
n,13511408517,26.1860584,91.7583081,amenity,school,St Mary's School
n,13511408519,26.1857304,91.7579268,shop,beauty,Lakme Salon
n,13511408520,26.1854972,91.7579436,shop,bakery,Standard Bakery
n,13511422102,26.1423518,91.7866147,shop,kiosk,SWEET POINT
n,13511422103,26.145052,91.7862588,shop,kiosk,MISTI MAHAL
n,13511422104,26.1449708,91.7852652,shop,beauty,ANAMIKA BEAUTY PARLOUR
n,13511422105,26.1450029,91.7857767,shop,kiosk,HANUMAN SWEETS
n,13511432450,26.1897399,91.7528675,shop,chemist,SHASHIMA MEDICOS
n,13511432451,26.1895464,91.7529253,amenity,restaurant,SOYSTIX
n,13511528469,26.1055634,91.719562,shop,furniture,Harshita furniture House
n,13511528470,26.1056981,91.7195822,shop,hairdresser,Glow and heaven
n,13511528471,26.1057483,91.7195885,shop,stationery,Students Hub
n,13511528472,26.1059703,91.7196192,shop,hardware,Moon Enterprise
n,13511528473,26.1064319,91.7196971,shop,yes,New Units of Baba Pan shops
n,13511528474,26.1064948,91.7197111,shop,hairdresser,make-up & Beauty saloon
n,13511603720,26.1769742,91.7758494,shop,car_parts,S.S HOODS
n,13511603721,26.1793736,91.7753599,amenity,fast_food,ROLL CORNER
n,13511603722,26.1795931,91.775321,shop,florist,STAR FLORIST & DECORATION
n,13511603723,26.1795607,91.7741448,shop,beauty,DARPAN
n,13511603724,26.1794942,91.774129,amenity,restaurant,DISANG
n,13511603727,26.1469024,91.7282848,shop,tailor,PRIYA LADIES & TAILORS
n,13511606527,26.1739819,91.7788815,shop,dairy,PURABI MILK PARLOUR
n,13511606528,26.1742051,91.7787753,shop,beauty,SALOON
n,13511606529,26.1742128,91.7787264,shop,kiosk,DEKA PAN SHOP
n,13511606530,26.1742354,91.7786887,shop,bed,GOOREJ INTERIO
n,13511606531,26.1742453,91.7786828,shop,furniture,GOLDEN FURNITURE
n,13511606533,26.1745533,91.7783156,shop,beauty,LAKME SALON
n,13511606534,26.1745893,91.7782818,shop,houseware,PRESTIGE
n,13511606535,26.1746995,91.777767,shop,kiosk,MUNNA PAN SHOP
n,13511606537,26.1746577,91.7774155,shop,furniture,TEGHIYA FURNISHING HOUSE
n,13511606538,26.1746699,91.7773519,amenity,clinic,DENTAL CLINIC
n,13511606540,26.1744482,91.7769366,amenity,bank,IndusInd Bank
n,13511606541,26.1743839,91.7769534,amenity,fast_food,KFC
n,13511606542,26.1743474,91.7769174,amenity,bank,ICICI Bank
n,13511606543,26.160919,91.7786889,shop,beauty,ANAMIKAS
n,13511606890,26.1734042,91.759164,shop,electronics,COMPUTER HEART
n,13511606891,26.1735747,91.7589786,amenity,restaurant,OK CHICKEN
n,13511606892,26.1738991,91.7586054,shop,car,Tata
n,13511606895,26.1743991,91.7580084,shop,electronics,HTS COMPUTER & TECHNOLOGY
n,13511606896,26.174426,91.7579805,shop,tailor,JMG ASSOCIATE
n,13511606898,26.1744141,91.7576501,shop,electronics,VM ELECTRICALS
n,13511606899,26.1742722,91.757493,shop,dry_cleaning,TUMBLEDRY
n,13511606900,26.1742453,91.7574841,shop,optician,NATIONAL OPTICAL
n,13511609592,26.1853963,91.7580934,shop,books,ABM
n,13511609593,26.185325,91.7581089,shop,clothes,Sony's Fashion Wear
n,13511609595,26.1849064,91.7586616,amenity,bank,Federal Bank
n,13511609596,26.184983,91.7596877,amenity,bank,UCO Bank
n,13511609597,26.1849917,91.7598888,shop,sports,Adidas
n,13511609598,26.1849917,91.7598416,shop,mobile_phone,Destiny
n,13511609600,26.1851089,91.7601929,shop,shoes,Bata
n,13511618570,26.1655637,91.7684216,shop,yes,Trinayan sarma's mithai
n,13511618572,26.1618482,91.7718228,amenity,bank,ICICI Bank
n,13511618573,26.1618677,91.7718313,shop,bicycle,Ashok leyland
n,13511618574,26.1620768,91.7716521,amenity,clinic,Illumis clinic
n,13511618576,26.1620772,91.7716509,shop,yes,VIP Lounge
n,13511618577,26.1620839,91.7716499,amenity,bank,Bandhan Bank
n,13511618578,26.1620869,91.7716548,shop,furniture,chaudhary furnishings
n,13511618579,26.1622502,91.7714801,shop,clothes,Sahanaii
n,13511618580,26.1624253,91.7713188,shop,clothes,Sahanaii
n,13511618581,26.1626003,91.7711546,shop,jewelry,senco gold & Diamonds
n,13511618585,26.1631458,91.7705729,amenity,bank,Bank of India
n,13511618587,26.1633696,91.7702451,shop,car_parts,S.S Gear
n,13511618588,26.1633975,91.7702097,shop,yes,Maa mansa pollution testing centre
n,13511618589,26.1634162,91.7701969,shop,yes,shri Bam auto electric works
n,13511618590,26.1635069,91.7700941,amenity,restaurant,Aahok
n,13511618592,26.1640515,91.7695217,amenity,fast_food,express food
n,13511618593,26.1641904,91.7693287,amenity,hospital,Name care hospital
n,13511618595,26.1644391,91.7690498,amenity,fast_food,Deka brother's
n,13511618597,26.1644931,91.7689654,shop,car_repair,Raja Automotive
n,13511642002,26.1851019,91.7603695,amenity,fuel,Indian Oil
n,13511642003,26.1851113,91.7605433,shop,motorcycle,TVS
n,13511642004,26.1850963,91.7606211,shop,clothes,Jockey
n,13511642005,26.185109,91.7606829,shop,clothes,We Slay Fashion
n,13511648584,26.1724925,91.7607367,shop,mall,STAR CITY
n,13511648585,26.172066,91.7610969,shop,mall,FIRSTCRY
n,13511648586,26.1718886,91.7612439,amenity,restaurant,SAUCI
n,13511648587,26.1715572,91.7616421,shop,clothes,JOCKEY
n,13511648588,26.1713757,91.7618154,amenity,fuel,INDAN OIL
n,13511648589,26.1707201,91.7620155,shop,clothes,CRIMESOUNE CLUB
n,13511648590,26.1706395,91.7620758,shop,optician,TITAN EYE+
n,13511648591,26.1706116,91.7621825,shop,electronics,DATAMOTION
n,13511648592,26.1705717,91.762269,shop,jewelry,CARATLANE
n,13511648593,26.1702818,91.7624368,shop,furniture,FURNITURE DECOR
n,13511648594,26.1702657,91.7626096,shop,clothes,GO COLOOS
n,13511648595,26.1701043,91.7627676,shop,agrarian,FERTICS
n,13511648596,26.1700677,91.7627858,shop,musical_instrument,SHIVRANJANI
n,13511648597,26.1699059,91.7629276,shop,motorcycle,VINAYAK HONDA
n,13511655642,26.1743022,91.7313904,shop,car_repair,Assam Hood
n,13511655643,26.1743384,91.7313844,shop,car_parts,Authorised welfare India Shoppe Partner
n,13511655644,26.1744139,91.7313624,shop,travel_agency,Ganpati Transport
n,13511655647,26.1748471,91.731264,shop,car_repair,Alaka
n,13511655648,26.1749056,91.7313482,shop,car_repair,Balajee enterprises
n,13511655649,26.1749045,91.7313427,shop,car_repair,Micropaulin
n,13511655650,26.1751138,91.7316561,shop,car,okaya Electric Vehicles
n,13511655651,26.1751193,91.7316709,shop,car,Sohani TVS
n,13511655655,26.1758896,91.7327134,shop,yes,Chaurasia pan shop
n,13511655656,26.1758959,91.7327141,shop,yes,radhe store
n,13511655657,26.175908,91.7327219,shop,mobile_phone_accessories,Raj Mobile Repair
n,13511655658,26.1759137,91.7327304,shop,travel_agency,Shanti store
n,13511655659,26.1759175,91.7327333,shop,hardware,TRISHUL MOTORS WORKS
n,13511655660,26.175918,91.7327436,shop,car_parts,Shree shayam tools and machinary
n,13511655661,26.1759181,91.7327488,shop,car_parts,CUMI
n,13511655664,26.1760199,91.7330679,shop,funeral_directors,Shyam Trading
n,13511655665,26.1761012,91.7331322,shop,electronics,Ujjal Earth Kings
n,13511655666,26.1761539,91.7331861,shop,hardware,Assam Machinery Spares
n,13511655668,26.1763265,91.7334343,shop,hardware,Sharma & Sons
n,13511655669,26.1763348,91.7334412,shop,hardware,PRAGS ENGINEERING WORKSHOP
n,13511655670,26.1763808,91.7335104,shop,car_parts,V. L. Automobileds
n,13511655671,26.1764255,91.7335436,shop,supermarket,M. J. Store
n,13511655672,26.1764424,91.7336197,shop,hardware,Parmeshwari Hardware
n,13511655674,26.1772853,91.7347657,shop,yes,
n,13511655675,26.1771765,91.7349612,shop,tyres,tyre corner
n,13511655677,26.1771879,91.7350427,shop,supermarket,M. K. Store
n,13511655679,26.1771839,91.7350464,shop,hardware,Maa Kamakshi Packaging Co.
n,13511655682,26.1773442,91.7352817,shop,furniture,Mahabir Furnishing
n,13511655684,26.1774054,91.7353357,shop,clothes,Dyeing post
n,13511655685,26.1774077,91.7353347,shop,electronics,East India Electricals
n,13511655689,26.1775009,91.7354556,shop,bicycle,Jalan Cycle Co.
n,13511655690,26.1775443,91.7355004,shop,travel_agency,Assam And Darjeeling
n,13511655691,26.1775474,91.7355093,shop,tyres,prince tyres
n,13511658302,26.178429,91.7524631,amenity,bank,
n,13511658303,26.1778524,91.7533457,shop,jewelry,
n,13511658304,26.1778371,91.753374,amenity,place_of_worship,Shree Shree Jagannath Mandir
n,13511670279,26.1645834,91.7692274,amenity,clinic,PULSE DIAGNOSTICS
n,13511670280,26.164471,91.7694521,amenity,restaurant,LOCAL ONIK
n,13511670281,26.1642748,91.7696434,shop,jewelry,JEWELBOX
n,13511670283,26.1641904,91.7691448,amenity,hospital,NEMCARE HOSPITAL
n,13511687414,26.1657341,91.7673348,shop,yes,Krishna Pan shop
n,13511687415,26.1661656,91.7670409,amenity,restaurant,Meems
n,13511687416,26.1662123,91.7670128,shop,hairdresser,Hair dresser
n,13511687417,26.1662566,91.7669604,shop,mobile_phone,Mobile star
n,13511688505,26.1608727,91.7483156,shop,yes,SUBHAM ELC & VARIETIES
n,13511688506,26.1607418,91.7486903,shop,beauty,ACHIEVE BEAUTY PARLOUR
n,13511688507,26.1606335,91.7489063,shop,hairdresser,NEW SMART SALOON
n,13511688508,26.1606561,91.7488672,shop,jewelry,SWARNA BHANDAR JEWELLERY
n,13511688511,26.1605462,91.7490744,shop,yes,B.C STORE
n,13511688512,26.1604648,91.7492262,amenity,restaurant,D&M KITCHEN
n,13511688513,26.1601398,91.7497112,shop,electronics,ZESHAN MOBILES
n,13511688514,26.1601331,91.7497176,shop,hardware,MAMTAZ ENTERPRISE
n,13511688516,26.1599818,91.7500395,shop,shoes,HOQUE SHOES
n,13511688517,26.1598494,91.7503493,shop,yes,MRIDUL PAN SHOP
n,13511688519,26.1598125,91.7504312,shop,clothes,B.B GARMENT
n,13511688520,26.1597995,91.7504785,shop,fabric,
n,13511688908,26.1664617,91.7672053,shop,paint,Asian Paints
n,13511688909,26.1662598,91.7674942,amenity,bank,Yes Bank
n,13511688910,26.166223,91.7675277,shop,supermarket,ROODRAKSH
n,13511688911,26.1659094,91.7679488,shop,supermarket,SMART BAZZER
n,13511688912,26.1660756,91.7684731,amenity,fast_food,SHREE SHYAM FRUITS & JUICE
n,13511688914,26.1662,91.7686475,shop,mobile_phone,GANAPATI MOBLIE REPAIRING CENTRE
n,13511688916,26.1665134,91.7688465,shop,beauty,NEW GANGA SPA. SALON
n,13511688917,26.1665068,91.7688478,amenity,restaurant,FEED ME - 11
n,13511688918,26.166526,91.768871,amenity,clinic,SAI DENTAL CLINIC & FACIOMAXILLARY
n,13511688920,26.166614,91.7689102,shop,cosmetics,Lakmé
n,13511690313,26.1923449,91.7562537,shop,dairy,AMUL MILK
n,13511690314,26.1923427,91.756242,shop,household_linen,BLANKET SHOP
n,13511697826,26.1807086,91.7831643,shop,jewelry,MEENA JEWELLER
n,13511697827,26.1811316,91.7829663,shop,hairdresser,SWAPNA SALOON
n,13511697828,26.1815409,91.7827954,amenity,restaurant,SONU RESTURANT & FAST FOOD
n,13511697829,26.1822796,91.7822865,amenity,school,ASSAM STATE SCHOOL EDUCATION BOARD
n,13511697830,26.1823235,91.7821984,shop,clothes,SAGARIKA
n,13511698333,26.1679429,91.765246,shop,optician,CENTRE FOR SIGHT
n,13511702301,26.1741868,91.7574553,shop,interior_decoration,VINAYAK DISTRIBUTORS
n,13511702302,26.1738119,91.7572908,shop,jewelry,PAUL GOPAL JEWELLERS
n,13511702303,26.1736492,91.7572303,shop,repair,WE REPAIR
n,13511702304,26.1735831,91.7572053,shop,general,M.B. STORE
n,13511702305,26.1732056,91.7570757,shop,books,NIRMAL ENTERPRISE
n,13511702307,26.1725695,91.7567025,shop,bakery,BAKER'S SPECIAL REPOSE
n,13511702308,26.1727145,91.7557079,shop,general,SANDEEP STORE
n,13511702310,26.1728687,91.7549047,shop,beauty,NEW MAHABIR
n,13511702313,26.1729757,91.7541136,amenity,restaurant,SRI HARIS
n,13511702315,26.1728896,91.7544178,shop,general,KAILASH STORE
n,13511702316,26.1728649,91.7545459,shop,beauty,RIDDHIS FAMILY SALON & ACADEMY
n,13511702317,26.1728764,91.7546094,shop,dry_cleaning,NEW TIP-TOP
n,13511702319,26.1728402,91.7569184,shop,optician,NETRA VISION EYE CARE
n,13511702320,26.1731317,91.757053,shop,hardware,M/S ASHA TRADERS
n,13511702323,26.1734647,91.7571662,shop,hairdresser,SALOON SUPREME
n,13511702325,26.1739366,91.7573522,shop,alcohol,CITY POINT WINE SHOP
n,13511702326,26.1746476,91.7575142,shop,dairy,ALL THINGS NICE
n,13511702327,26.1746469,91.757512,shop,hairdresser,ZAKA
n,13511705038,26.1680513,91.7650144,shop,shoes,TRENDS FOOTWEAR
n,13511705039,26.1682079,91.7648397,shop,alcohol,UK WINE SHOP
n,13511705040,26.1682433,91.7647938,shop,bag,WILDCRAFT
n,13511705041,26.168277,91.7647409,amenity,restaurant,UNCLE PETER'S PANCAKES
n,13511705042,26.168316,91.7646824,amenity,restaurant,UPSOUTH
n,13511708013,26.1775713,91.7355369,shop,hardware,Amiker Enterprises Private Limited
n,13511708014,26.1776418,91.7356179,shop,tyres,Champion Motors
n,13511708015,26.1776408,91.7356192,shop,houseware,Maa Narayani Traders
n,13511708016,26.1776399,91.7356227,shop,hardware,Alfeya lock store
n,13511708017,26.1777288,91.7356838,amenity,restaurant,Danji Foods
n,13511708018,26.1777315,91.7356811,shop,supermarket,KAMAL TEA COMPANY
n,13511708020,26.1778131,91.7357374,shop,hardware,Chehal Associates
n,13511708021,26.1780258,91.7358781,shop,hardware,Premier India Bearings Limited
n,13511708022,26.1781952,91.7360557,shop,electrical,National Electrical House
n,13511708023,26.178231,91.7360734,shop,supermarket,dee kay tea
n,13511708024,26.1802224,91.7376781,shop,yes,Madhukunj
n,13511708027,26.1802913,91.7376252,shop,clothes,Jain Saree centre
n,13511708028,26.1802616,91.7376661,shop,hardware,deep trading agency
n,13511708029,26.1802607,91.7376659,shop,yes,raj stores
n,13511708030,26.1803397,91.7375359,shop,clothes,jhun jhunwala
n,13511708031,26.1804087,91.737434,shop,houseware,General Agencies
n,13511708032,26.1804217,91.7374131,shop,yes,marketing enterprises
n,13512249001,26.1673567,91.7789404,shop,chemist,NEW JONALI DRUGS
n,13512249002,26.1675066,91.7788934,shop,jewelry,MANIK CHAND NAND KISHIRE JEWELIARS
n,13512249003,26.1676793,91.7788737,shop,car,PIAGGIO COMMERCIAL
n,13512249004,26.1678285,91.7788402,shop,optician,FRIENDS OPTICALS
n,13512249005,26.1679574,91.7787515,shop,bakery,MINI SHAIKH BROTHERS
n,13512249006,26.1680894,91.7787488,shop,stationery,SHARMA TENT HOUSE & STATIONARY
n,13512249007,26.1681295,91.7787809,shop,dairy,MAMA'S CREAMERY FRESH K
n,13512249008,26.1684526,91.7786294,shop,clothes,KIRNAV KORNER
n,13512393017,26.166713,91.7689441,shop,mobile_phone,A2 ELECTRONICS
n,13512393018,26.1645175,91.7693509,amenity,clinic,NEWGEN DIAGNOSTICS
n,13512393019,26.1626144,91.771472,shop,clothes,SABHYATA
n,13512393020,26.1625403,91.7715429,amenity,bank,HDFC Bank
n,13512393021,26.1624622,91.7716059,shop,clothes,Allen Solly
n,13512393022,26.1615297,91.7725916,shop,clothes,Peter England
n,13512393023,26.1614253,91.7727007,shop,jewelry,RATTNANJAIEE
n,13512393024,26.1612262,91.7729331,shop,clothes,GEONKA SAMRAT
n,13512401022,26.1748332,91.7775572,amenity,doctors,METROPOLIS
n,13512401023,26.174855,91.7776993,shop,optician,MAA OPTICAL & DR. CHAMBER
n,13512401024,26.1748493,91.7777702,shop,jewelry,DIMPY JEWELLERS
n,13512401025,26.1748452,91.7778125,shop,chemist,MAA GAYATRI MEDICOS
n,13512401026,26.1748581,91.7778903,amenity,fast_food,PAW FOOD COURNER
n,13512401027,26.1747924,91.778299,shop,convenience,MRP ENTERPRISE
n,13512401028,26.1747696,91.7783383,shop,tyres,MOHAN TYRE STORE
n,13512401029,26.17474,91.7783699,shop,bakery,PRIME CAKES
n,13512401030,26.174724,91.7783906,shop,bakery,LUIIT BAKERS
n,13512401031,26.1746642,91.7784625,shop,wine,D.A WINE SHOP
n,13512401032,26.17465,91.7784985,shop,yes,
n,13512401033,26.1745451,91.7787127,amenity,fast_food,HOOKED
n,13512401034,26.1744797,91.7788313,shop,furniture,CREATIVE HOME
n,13512401035,26.1744573,91.7788725,shop,bed,NILKAMAL SLEEP
n,13512401036,26.1744139,91.7789169,shop,hairdresser,MISTERS CUTT
n,13512607813,26.1852961,91.7539039,amenity,fuel,Indian Oil
n,13512664212,26.185641,91.7527307,amenity,cafe,THE STEAMING MUG
n,13512664214,26.1856353,91.752826,amenity,restaurant,KASTURI RESTAURANT
n,13512686586,26.1860618,91.7521523,amenity,restaurant,DARJEELING MOMOS
n,13512686587,26.1860304,91.7521622,shop,printer_ink,"XEROX,THESIS ETC."
n,13512686589,26.1856634,91.7523642,amenity,restaurant,RIGHT KITCHEN
n,13512686590,26.1856251,91.7524511,amenity,bank,HDFC Bank
n,13512686591,26.1856214,91.7526494,amenity,cafe,THE STEAMING MUG
n,13512691422,26.1740118,91.7793897,amenity,fast_food,PURE JUICE SMOOTHIES & MORE
n,13512691423,26.1739986,91.7794156,shop,hairdresser,DAZZLE LOOKS
n,13512691424,26.1736101,91.7798844,shop,convenience,
n,13512691425,26.1735832,91.779911,shop,convenience,SAGAR VARIETY
n,13512691426,26.1735464,91.7799319,shop,chemist,LIFE CARE PHARMACY
n,13512691428,26.173541,91.7799681,amenity,fast_food,HABIT FOOD SPOT
n,13512691429,26.1726834,91.7817339,shop,repair,M/S R. HOOD MAKERS
n,13512691430,26.1726667,91.7818246,shop,pet,HAPPY KENEL & EXOTICS
n,13512691431,26.1728261,91.7821968,amenity,doctors,DR. C.K. BABUA. M.S. (OHP) EYE SPECIALIST
n,13512691432,26.1728948,91.7835713,amenity,fast_food,D-MOMOZ
n,13512691433,26.1729318,91.7835573,amenity,bank,State Bank of India
n,13512691435,26.1728874,91.7838495,shop,yes,S.T. STEEL
n,13512691436,26.1729652,91.7847395,shop,yes,CROSSROAD MART
n,13512691437,26.1729712,91.784759,shop,clothes,TERESA BOUTIQUE
n,13512691438,26.1686911,91.8296856,shop,kiosk,
n,13512691439,26.1686438,91.8297182,shop,kiosk,
n,13512691440,26.168264,91.829939,shop,kiosk,
n,13512691441,26.1549735,91.8379054,shop,kiosk,
n,13512691442,26.1556407,91.8380235,shop,kiosk,
n,13512691444,26.15678,91.8379417,amenity,school,SATGAON HIGHER SECONDARY SCHOOL
n,13512691445,26.1571324,91.8382617,shop,kiosk,SHANIKAR PAN SHOP
n,13512691446,26.1573621,91.838335,shop,yes,
n,13512691447,26.1574406,91.8383725,shop,paint,Asian Paints
n,13512691448,26.157621,91.8384458,shop,yes,
n,13512691449,26.1576363,91.8384538,shop,yes,
n,13512691450,26.1576732,91.83847,shop,electronics,DULAL ELECTRONICS
n,13512691451,26.1578593,91.8385238,shop,electrical,
n,13512691452,26.1578471,91.8385154,shop,beauty,PIHU'S MAKEOVER STUDIO & BEAUTY PARLOUR
n,13512691453,26.158401,91.8386908,amenity,bank,Central Bank of India
n,13512800102,26.1870818,91.7520756,amenity,restaurant,QUICKPICK
n,13512800103,26.1869197,91.752124,shop,beauty,SLIMMING IOSIS
n,13512800104,26.1866968,91.7521253,amenity,bank,Bank of Baroda
n,13512800105,26.1866067,91.7521625,amenity,restaurant,THE ETHNIC RESTAURANT
n,13513757768,26.1582687,91.7760905,amenity,restaurant,ANNAPURNAM  SOUTH INDIAN DINING
n,13513757769,26.1582602,91.776084,shop,kitchen,GODREJ INTERIO KITCHENS
n,13513757770,26.1581863,91.7761206,amenity,restaurant,KARAK  CHAA
n,13513757771,26.1581765,91.7761327,amenity,restaurant,CLUB 8 TEEN
n,13513757772,26.157945,91.7763905,shop,bakery,THE BAKING ROOM
n,13513757773,26.1579071,91.7764341,shop,video_games,GAME GEAR
n,13513757776,26.1573314,91.777396,shop,fashion_accessories,AZOPTE
n,13513757778,26.1568279,91.7777741,shop,perfumery,Ajmal Perfumes
n,13513757779,26.1568053,91.7778199,shop,florist,Roses & Aramis
n,13513757780,26.1567888,91.7778479,amenity,restaurant,Khao Gully
n,13513757781,26.1566139,91.7778842,shop,shoes,Metro
n,13513757782,26.1565848,91.7779093,shop,clothes,CANTABIL ITALY
n,13513757783,26.1565487,91.7779576,shop,shoes,INC.5
n,13513757784,26.1565328,91.7779753,shop,optician,GKB OPTICALS
n,13513757785,26.1565118,91.7779974,shop,fashion_accessories,NYKAA ON TREND
n,13513757786,26.1565234,91.7780045,shop,clothes,VASUNDHRA
n,13513757787,26.1564827,91.7780301,shop,shoes,MOCHI
n,13514437044,26.1882691,91.7519374,amenity,restaurant,HOME TO PLATE
n,13514437045,26.1881667,91.7519633,shop,clothes,SAYNA'S CLOSET
n,13514437046,26.1880179,91.7519797,amenity,cafe,CAFE NAUCERA
n,13514443553,26.1584519,91.6811562,amenity,restaurant,MAA RESTURANT
n,13514443554,26.1584519,91.6812362,shop,electronics,J.K. TRADING
n,13514443555,26.1584606,91.6812934,amenity,restaurant,BHAITI HOTEL & RESTAURANT
n,13514443556,26.1585314,91.6819281,shop,health_food,
n,13514443557,26.1585388,91.6819658,shop,health_food,P.N STORE
n,13514443558,26.1585277,91.682111,shop,hardware,ANAWAZA & CO.
n,13514453063,26.1886198,91.7518806,amenity,clinic,KERALA AYURVEDA CLINIC
n,13514494465,26.190509,91.7534315,amenity,restaurant,HIGHLANDERS SHAWARMA
n,13514494466,26.1902701,91.7532651,shop,beauty,AGNE'S BEAUTY PARLOUR
n,13514494467,26.1904174,91.7528534,amenity,restaurant,RAZI BIRYANI
n,13514689520,26.1911362,91.7556546,shop,health_food,SHOP N SAVE
n,13514689521,26.1911912,91.7554645,amenity,restaurant,MAA BHOJANALAYA
n,13514689523,26.1914872,91.7554214,amenity,bank,ASSAM GRAMIN VIKASH BANK
n,13514689524,26.1915137,91.7554309,shop,clothes,FASHION HIVE CLOTHING STORE
n,13514689525,26.1915609,91.7555185,shop,electronics,MAA COMMUNICATION
n,13514689526,26.1915478,91.755508,shop,beauty,RAJA BEAUTY SALON
n,13514689527,26.191641,91.7554739,shop,beauty,CURL ME CRAZY
n,13514689528,26.191638,91.7554714,shop,electronics,MOBILE REPAIRING
n,13514689529,26.1916414,91.7554639,shop,electronics,SHARMA MOBILE
n,13514689530,26.1917739,91.7553621,shop,beauty,SMART BEAUTY SALON
n,13514689532,26.191815,91.7553289,shop,health_food,ASSAM STORE
n,13514689533,26.1918505,91.7553963,shop,greengrocer,GROCERY MARKET
n,13514689534,26.1918756,91.7553263,shop,electronics,HAVELLS
n,13514694756,26.1919706,91.7553243,shop,butcher,UZAN BAZAAR BUTCHER
n,13514728534,26.1923004,91.7560602,shop,household_linen,BLANKET SHOP
n,13514728535,26.1921969,91.7557576,shop,bakery,APPLE PIE
n,13514728537,26.1920365,91.7555921,shop,butcher,UZAN BAZAAR FISH MARKET
n,13514728538,26.192084,91.7555782,amenity,doctors,AGILUS
n,13514728539,26.1920624,91.7555231,shop,greengrocer,VEGETABLE
n,13514728542,26.1921011,91.7553757,shop,travel_agency,K.G.N.ENTERPRISE
n,13514734600,26.1585248,91.6822687,shop,hardware,BIIJARANIA HARDWARE
n,13514744001,26.1585312,91.6823072,shop,hardware,
n,13514744002,26.1585413,91.6823482,shop,health_food,KAMRUP FOOD TRADERS
n,13514744003,26.1585462,91.6823804,shop,hardware,KUMAR TRADING
n,13514744004,26.1585547,91.6825135,shop,hardware,BHARAT STEEL
n,13514744005,26.1585574,91.6825508,shop,hardware,ASSAM HARDWARE
n,13514744006,26.1585852,91.6827769,shop,doors,SABURI PLYWOOD
n,13514744009,26.158587,91.682941,shop,hardware,SHYAM HARDWARE
n,13514744011,26.1585721,91.6836197,shop,mobile_phone,WEBNET
n,13514744012,26.1585825,91.6837018,shop,kiosk,CHINAKI
n,13514744013,26.1585874,91.6837298,shop,tea,GUWAHATI TEA HUB
n,13514744014,26.1585907,91.6838916,shop,hardware,SRIRAM HARDWARE
n,13514744015,26.1585921,91.6839158,shop,stationery,MERCHANT ENTERPRISE
n,13514744016,26.1585945,91.6839902,shop,electronics,ELECTRCAL HOUSE
n,13514744017,26.1586227,91.6842421,shop,furniture,M.S. FURNITURE HOUSE
n,13514744018,26.158638,91.6844061,shop,hardware,S.K. ENTERPRISE
n,13514744019,26.1587752,91.6858565,shop,repair,HONDA CARE
n,13514744020,26.1587768,91.6860263,shop,clothes,Pantaloons
n,13514744021,26.1589436,91.6864555,amenity,restaurant,PUNJAB DI MEHAK
n,13514744023,26.1588426,91.6866582,shop,paint,RAWTIA TRADERS
n,13514744024,26.1589022,91.6870594,shop,jewelry,M.P. JEWELLERS
n,13514744025,26.1588817,91.687152,shop,car_repair,MARUTI FRIENDS AUTOMOBILES
n,13514744026,26.15888,91.6872136,shop,electrical,KRISHNA BATTERY HOUSE
n,13516160149,26.1857646,91.7487773,shop,farm,
n,13516160150,26.1851598,91.7477968,shop,pet,COMMUNICATION PET STOP
n,13516186913,26.1726675,91.7942792,shop,yes,SHRISTI STORE
n,13516186914,26.1726717,91.7942495,shop,florist,JONALI BOUTIQUE STUDIO LAVENDER DECOR
n,13516186915,26.1730473,91.7930451,shop,beauty,"JITUMONI BEAUTY PARLOUR ,UNISEX"
n,13516186916,26.1730416,91.7930173,amenity,restaurant,REZOIS KITCHEN
n,13516186917,26.1730599,91.7927911,shop,greengrocer,CHORAGHAR THE GROCERY STORE
n,13516186918,26.1731066,91.7922276,shop,butcher,A.M. CHICKEN STORE
n,13516186919,26.1743794,91.8003751,amenity,place_of_worship,GEETAMANDIR
n,13516186920,26.1729866,91.798772,amenity,restaurant,MAA KAMAKHYA BHOJANALAYA
n,13516186921,26.1729796,91.7986877,shop,tailor,Random Tailor Shop
n,13516186922,26.1728444,91.7980798,shop,beauty,Beautyfly Family Parlour
n,13516186923,26.1728594,91.7980027,amenity,restaurant,Mou Jupee
n,13516186924,26.1728448,91.7979085,shop,stationery,Jiyas point
n,13516186925,26.1727576,91.7968368,shop,convenience,Patanjali Store
n,13516186926,26.1727132,91.7961605,shop,beauty,Beauty parlour
n,13516186928,26.1726581,91.7959398,amenity,restaurant,fusion bite restaurant
n,13516186929,26.1726285,91.7958589,shop,butcher,A.M.Chicken Shop-2
n,13516186930,26.1725968,91.7957791,amenity,fast_food,Street food
n,13516186932,26.1730829,91.7904012,amenity,place_of_worship,Mandir
n,13516186934,26.1730008,91.786436,shop,farm,Fruits Seller
n,13516186935,26.1730033,91.7862999,shop,department_store,ODC Department Store
n,13516186938,26.1758746,91.7850946,shop,beauty,Angel Beauty Parlour
n,13516186940,26.176291,91.7850931,shop,motorcycle_repair,Bike Repairing Centre
n,13516299587,26.1271547,91.7966391,shop,motorcycle,Kashyap Automobiles
n,13516299588,26.127313,91.7964479,shop,mobile_phone,S.S. Electronics
n,13516299589,26.127374,91.7964268,shop,butcher,Deisy Egg Enterprise
n,13516327075,26.1719175,91.7608622,amenity,restaurant,QUICK BITES
n,13516327076,26.1718787,91.7609121,shop,optician,FINE EYE OPTICAL
n,13516327077,26.1718028,91.7610067,shop,optician,EASTERN OPTICAL
n,13516327078,26.1715394,91.7613393,shop,electronics,
n,13516327079,26.1712235,91.7616911,amenity,fast_food,Wow! Momo
n,13516327080,26.1711438,91.761738,shop,watches,Fastrack
n,13516327081,26.1710007,91.7618848,shop,electronics,LG
n,13516327082,26.1709735,91.761899,shop,electronics,LENOVO
n,13516327083,26.1709116,91.7619767,shop,jewelry,Kalyan Jewellers
n,13516327084,26.1707711,91.7621373,shop,clothes,CRIMSOUNE CLUB
n,13516327085,26.1703651,91.7625358,shop,furniture,FURNITURE DECOR
n,13516327086,26.1703082,91.7626437,shop,electronics,J.M. ELECTRONICS
n,13516327087,26.1702888,91.7626657,shop,clothes,GO COLORS
n,13516344207,26.1710761,91.7616629,shop,clothes,TURTLE
n,13516344208,26.1710094,91.7617003,shop,clothes,SUCCESS
n,13516352682,26.1319443,91.8072904,shop,stationery,M. STATIONAERY AND INFOTECH
n,13516352683,26.1318972,91.8073327,amenity,bank,CENTRAL BANK OF INDIA SIXMILE BRANCH
n,13516352684,26.1318692,91.8073597,shop,furniture,VINAYAK FURNITURE
n,13516352687,26.1308836,91.8079732,amenity,clinic,DR. DAWKA'S CHAMBER
n,13516352689,26.1304614,91.8075499,shop,clothes,JOCKEY
n,13516352691,26.1303271,91.8074204,shop,tailor,JUNA TAILORING
n,13516352693,26.1302142,91.8073234,shop,electronics,MAA ELECTRICALS
n,13516352694,26.1301908,91.8073012,shop,stationery,AL HUDA STATIONERY
n,13516352695,26.130113,91.8072136,shop,art,RUPANKAN ART
n,13516352698,26.1298197,91.8068833,shop,furniture,G. ENTERPRISE FURNITURE
n,13516352699,26.1294237,91.8065574,shop,department_store,SSK MART DEPARTMENT STORE
n,13516352700,26.129195,91.8062892,shop,florist,LUCKY NATURAL FLOWER SHOP
n,13516356277,26.1715862,91.7610872,amenity,restaurant,EGGIVOROUS CAFE
n,13516356278,26.1719944,91.7606792,shop,health_food,HEALTHKART
n,13516356279,26.1721233,91.7605599,amenity,fast_food,FOODIE HEAVEN
n,13516360542,26.1514092,91.7832229,shop,electronics,SHREE BALAJI AUTOMOBILES
n,13516360543,26.1514569,91.7832058,shop,electronics,HAZARIKA ELECTRICALS
n,13516360544,26.1515015,91.7831693,shop,yes,RAJ GENERAL STORE
n,13516360545,26.1515141,91.7831574,shop,jewelry,RK JEWELLERS
n,13516360546,26.1518279,91.7829082,shop,electronics,DEW LIGHTS
n,13516360548,26.1522056,91.7825086,amenity,fast_food,TEART CORNER
n,13516360549,26.1524208,91.7822728,shop,clothes,ARROW
n,13516360550,26.1524562,91.7822419,shop,clothes,U.S.POLO ASSN
n,13516360551,26.1527242,91.7819391,shop,furniture,SHIVAM FURNITURE
n,13516360552,26.1527284,91.781933,shop,furniture,SANGAM STEEL FURNITURE
n,13516360554,26.1533718,91.7812559,shop,clothes,PEPE JEANS
n,13516360555,26.1533964,91.7812272,amenity,fast_food,TACO BELLS
n,13516360556,26.1535088,91.7810921,shop,clothes,PARK AVENUE
n,13516360557,26.1535734,91.7810192,shop,jewelry,SHYAM SUNDAR CHANDIWALA
n,13516360558,26.1536417,91.7809409,shop,clothes,VAN HUESEN
n,13516360560,26.1542151,91.7803221,amenity,fast_food,CHAI SUTTA
n,13516360561,26.1542375,91.7802996,shop,electronics,LENOVO
n,13516360562,26.1542605,91.7802679,shop,electronics,DELL RETAILER
n,13516360563,26.1544204,91.7801106,shop,jewelry,L. GOPAL JEWELLERS
n,13516360564,26.1545389,91.7799652,amenity,fast_food,McDonald's
n,13516360565,26.1547831,91.7797223,shop,clothes,MAYAVAR RAYMOND
n,13516360566,26.1549134,91.7795781,amenity,bank,ICICI Bank
n,13516363750,26.1557809,91.8380373,shop,yes,SRI KRISHNA STORE
n,13516363751,26.1564331,91.8381147,amenity,clinic,NBC DOCTOR CLINIC
n,13516363753,26.1618108,91.8349807,shop,department_store,
n,13516367688,26.1689947,91.763973,shop,jewelry,JEWELLERY HUA
n,13516367689,26.1691101,91.7638269,shop,jewelry,MNJ
n,13516367691,26.1692479,91.7636897,shop,furniture,WAKEFIT
n,13516367692,26.1692821,91.7636406,shop,clothes,W AURELA
n,13516367693,26.1693675,91.7635264,shop,clothes,Adidas Originals
n,13516367694,26.1694061,91.7634787,shop,shoes,SNEAKRZ
n,13516367695,26.1694851,91.763407,shop,clothes,Levi's
n,13516367696,26.1695712,91.7632939,amenity,clinic,APOLLO +CLINIC
n,13516367697,26.1697309,91.7631346,shop,laundry,MERIDIAN
n,13516367698,26.1697801,91.7631137,shop,clothes,BIBA
n,13516411801,26.1290923,91.8061947,shop,electronics,MS AUTOMOBILE
n,13516514276,26.15737,91.7824388,shop,car_repair,BAROOAH SERVICING CENTRE
n,13516514277,26.1555591,91.7903357,amenity,fast_food,MURADABADI CHICKEN BIRYANI
n,13516514279,26.1281279,91.8057453,shop,furniture,S.K FURISHING
n,13516514280,26.1280955,91.8057378,shop,florist,LOTUS FLOWER DECORATION
n,13516514282,26.1274639,91.8057157,shop,car_repair,NEO CAR CARE
n,13516514283,26.1273845,91.8057371,shop,tailor,NEW QUICK BOUTIQUE
n,13516514285,26.1272701,91.8057271,shop,electrical,A.R NATURAL FLOWERSHOP
n,13516514286,26.1272508,91.8057266,shop,electrical,M/S S.M  ELECTRICALS
n,13516553678,26.1749916,91.7576521,shop,hairdresser,salon
n,13516553679,26.1749813,91.75767,shop,shoes,Bata
n,13516553684,26.1685607,91.7541512,shop,yes,Barman Store
n,13516553690,26.1692051,91.7545175,shop,wine,Somrosh Wine Shop
n,13516553692,26.1708169,91.7554049,amenity,fast_food,Kuldeep Fast Food
n,13516553693,26.1708416,91.7554217,amenity,marketplace,Mangalam Market
n,13516553700,26.1419301,91.7261587,amenity,bank,ATM
n,13516587324,26.155542,91.7790835,amenity,bank,Federal Bank
n,13516587325,26.1555338,91.7790802,shop,clothes,SOCH
n,13516587326,26.1554153,91.7792842,amenity,bank,State Bank of India
n,13516587327,26.1554235,91.7792783,shop,jewelry,Titan
n,13516587328,26.1553624,91.7793149,shop,clothes,ETHNIX
n,13516587329,26.1553451,91.7793734,shop,fashion_accessories,SOHUM
n,13516587330,26.1550214,91.7797702,shop,furniture,RAVI FURNITURE
n,13516587331,26.1548491,91.779895,shop,beauty,4 U SALON & SPA
n,13516587332,26.1543532,91.7805045,shop,electronics,USHA
n,13516587333,26.1542953,91.780521,shop,clothes,Louis Philippe
n,13516587334,26.1542522,91.7805507,amenity,restaurant,BHARAYIYA JAIPAN
n,13516587335,26.1542201,91.780592,amenity,fast_food,KFC
n,13516600015,26.1683481,91.7646146,shop,shoes,SKECHERS
n,13516600016,26.1684643,91.7644991,shop,clothes,JOHN PLAYERS
n,13516600017,26.1685845,91.7643603,shop,shoes,CROCS
n,13516600019,26.1686971,91.7642788,shop,motorcycle_repair,SONI MOTOR CYCLE WORK
n,13516600020,26.1687197,91.7642531,shop,tyres,M/S SAMBHU BHAI TYRE SHOP
n,13516600021,26.1687218,91.7642523,shop,hairdresser,PINKU HAIR DRESSER
n,13516600023,26.1688102,91.7641704,amenity,fuel,CLUB HP
n,13516613201,26.1419801,91.7261765,amenity,cafe,Suchitra Bakery
n,13516613203,26.1427824,91.7267505,shop,hardware,GANPATI HARDWARE
n,13516613204,26.1425023,91.72654,shop,supermarket,GARG ASSOCIATES
n,13516613205,26.1422832,91.7264069,shop,pastry,Sweet Chariot
n,13516613207,26.1417801,91.7261745,shop,supermarket,POWER SYSTEM & SOUNDS
n,13516613208,26.1415542,91.7260636,shop,stationery,DEKA STATIONERY STORE
n,13516613209,26.1415012,91.7260454,shop,yes,BARMAN STORE
n,13516613210,26.1414434,91.726007,amenity,hospital,DOCTORS CHAMBER
n,13516613211,26.1413861,91.7259884,amenity,hospital,SEEMA MEDICOS
n,13516613213,26.1411378,91.7258591,shop,tyres,MANASH STORE
n,13516613214,26.1408187,91.7257002,shop,yes,VTC ALUMINIUM WORLD
n,13516613215,26.1407775,91.7256696,shop,yes,SHUBHMARUTI
n,13516613216,26.1407217,91.7256512,shop,tyres,RCJ AUTO FORGE PYT . LTD
n,13516613217,26.1404752,91.7255678,shop,yes,N G STORE
n,13516613218,26.1403325,91.725508,shop,yes,B G . ENTERPRISE
n,13516613219,26.1401547,91.7255156,shop,yes,Ms. BULE BHANDAR
n,13516613220,26.1399561,91.7254971,shop,yes,BG ENTERPRISE
n,13516613221,26.1398877,91.7254774,shop,yes,MAA KAMAKHAYA WORKSHOP
n,13516613222,26.1359495,91.7249991,shop,motorcycle_repair,MAA BIKE REPAIRING
n,13516613223,26.1389796,91.725339,shop,hardware,MAA KAMAKHAYA SANITARY AND HADRWARE
n,13516613224,26.1387048,91.7252904,shop,pastry,Sweet Chariot
n,13516613227,26.1340001,91.7228447,shop,yes,SUBHSHREE AUTO
n,13516613228,26.1337426,91.72275,shop,yes,BABA BHOLANATH ENINEERING WORKS
n,13516613229,26.1430888,91.7270028,shop,yes,BALI AUTO
n,13516613230,26.1495274,91.7296155,shop,yes,M STORE
n,13516613231,26.1488054,91.7332328,amenity,fast_food,ROYAL FAST FOOD
n,13516613232,26.148613,91.7339974,shop,jewelry,ABHIRAJ JEWELLERS
n,13516613233,26.1485859,91.7341712,shop,hairdresser_supply,RINKI'S SUNSHINE BEAUTY CARE & BRIDAL STUDIO & ACADEMY
n,13516613234,26.1485443,91.7343651,shop,yes,SSMK STEELS LLP
n,13516613236,26.1484711,91.7347968,shop,clothes,LAXMI CLOTH STORE
n,13516613237,26.1483449,91.7353207,shop,yes,GLOSSARY SHOP
n,13516613238,26.1482577,91.7355705,shop,electronics,DAS ELECTRICAL SERVICE POINT
n,13516613239,26.1482272,91.7357217,shop,jewelry,AR JEWELLERY
n,13516613241,26.1481892,91.7358694,shop,yes,NORMAL SHOP
n,13516613242,26.1481958,91.7359519,shop,motorcycle_repair,BIKE POINT
n,13516613243,26.14788,91.7372625,shop,tyres,DIPTI STORE
n,13516613244,26.1478461,91.7374056,amenity,fast_food,FOOD SAFARI
n,13516613246,26.1734334,91.7850544,shop,tailor,MODERN TAILORS
n,13516613248,26.1732384,91.7850156,amenity,fast_food,BLUE HEAVEN
n,13516613249,26.1730881,91.7850043,shop,yes,R.GULSHAN BEDDING STORE
n,13516613250,26.1730128,91.7849892,shop,yes,NORMAL SHOP
n,13516615153,26.1566866,91.7774976,shop,cosmetics,mamaearth
n,13516615154,26.1567027,91.7774687,shop,clothes,Nike
n,13516615156,26.1580576,91.7760696,shop,jewelry,L.GOPAL
n,13516615157,26.158515,91.775579,amenity,bank,HDFC Bank
n,13516615159,26.1608848,91.7730008,shop,furniture,ASHOKA FURNISHINGS
n,13516615160,26.1610634,91.7727748,shop,clothes,GINNI&JONNY
n,13516615161,26.1610631,91.7727749,shop,car,MARUTI SUZUKI
n,13516615162,26.1615155,91.7721748,shop,motorcycle,TVS
n,13516615163,26.1616453,91.7720709,amenity,bank,RBL Bank
n,13516615164,26.1630268,91.7706942,amenity,fuel,Indian Oil
n,13516615165,26.164651,91.7367373,shop,yes,NANDA KISHORE STORE
n,13516615166,26.1646979,91.7367388,shop,hairdresser,PANKAJ SALOON
n,13516615167,26.1654082,91.7368693,shop,tailor,SAMEHA TAILORS
n,13516615168,26.1654192,91.7368696,shop,tailor,NEW FASHION TAILORS
n,13516615169,26.1654496,91.7368732,shop,jewelry,SSRIMATI JEWELLERY
n,13516615170,26.1655333,91.7368716,shop,jewelry,SARASWATI JEWELLERS
n,13516615171,26.165619,91.7368572,shop,tailor,J.G TAILORS & SHOPS
n,13516615172,26.1661192,91.7368414,shop,alcohol,ROYAL STAG
n,13516615174,26.1661758,91.7368329,shop,yes,SUVAYAN ENTERPRISE
n,13516615175,26.1667456,91.7367385,shop,yes,JIYA STORE
n,13516615176,26.1669896,91.7367408,shop,yes,M/S MAA KAMAKHYA GROCERY
n,13516615177,26.1670373,91.7367436,shop,shoes,RAJDHANI FOOTWEAR
n,13516623057,26.1709767,91.7621964,amenity,bank,AU SMALL FINANCE BANK
n,13516623059,26.1708095,91.7622885,shop,clothes,KILLER X
n,13516623060,26.1705407,91.7625808,shop,clothes,AURELIA
n,13516639209,26.1165021,91.7083606,shop,yes,RUPA
n,13516639210,26.1170444,91.7082495,shop,yes,DEKA ENTERPRISE
n,13516639211,26.1177247,91.7082975,shop,electronics,VISION ELECTRICAL & ELECTRONICS
n,13516639212,26.1180184,91.7083871,shop,hardware,NISITA ENTERPRISE
n,13516639213,26.1180863,91.7084382,shop,yes,DAS STEEL FABRICATION
n,13516639214,26.1181892,91.7085561,shop,electronics,BALAJI ELECTRICALS
n,13516639216,26.1182397,91.7086262,shop,tailor,KARISMA LADIES TAILORS
n,13516639217,26.1182504,91.7086392,shop,bicycle,M/S R.B CYCLE STORE
n,13516639218,26.1184136,91.7091609,shop,beauty,DIPA LADIES BEAUTY PARLOUR
n,13516639219,26.1184105,91.7092509,shop,tyres,M.H TYRE STORE
n,13516639220,26.1180569,91.7099713,shop,electronics,S.M ELECTRONICS
n,13516639221,26.1180577,91.7099731,shop,beauty,LILIUM BEAUTY PARLOUR
n,13516749872,26.1321322,91.8068101,shop,electronics,DEBAJANI ELECTRICAL
n,13516749873,26.1321226,91.806975,shop,electronics,AYUSH ELECTRONICS
n,13516749874,26.1321209,91.8069563,shop,beauty,OZ SPA & BEAUTY
n,13516749877,26.1321142,91.806982,amenity,marketplace,RAHUL COMPLEX
n,13516749879,26.1321227,91.8069657,amenity,doctors,NORTH EAST HEART CENTER
n,13516749880,26.1318407,91.8064598,shop,printer_ink,SHRISTI DIGITAL OFFSET PRINTING SOLUTION
n,13516749881,26.1303583,91.8074084,shop,furniture,KAJAL FURNITURE
n,13516749882,26.1301563,91.807229,shop,hairdresser,HAIR STYLE A/C
n,13516749883,26.13007,91.8071336,shop,kiosk,RODALI CORNER
n,13516749884,26.1300669,91.8071247,shop,kiosk,
n,13516749885,26.1299567,91.8070349,shop,yes,AGVENTURE
n,13516749886,26.1299454,91.8070094,shop,pet_grooming,DOG CONCEPT THE PET GROOMING
n,13516749887,26.1291404,91.8062106,shop,frame,MAA GAOURI PHOTO FRAMING CENTRE
n,13516749888,26.1291306,91.806203,shop,electronics,S.D. ELECTRICAL
n,13516749889,26.1290906,91.8061736,shop,kiosk,AYUSH ENTERPRISE
n,13516749892,26.1287754,91.8061112,amenity,restaurant,NAWAZISH
n,13516749893,26.1289903,91.8059636,shop,furniture,HOMIQ DESIGN LLP
n,13516749894,26.1286204,91.8057688,shop,kiosk,MUNU PAN SHOP
n,13516749895,26.1286164,91.8057623,shop,kiosk,MAMA BHAGIN STORE
n,13516749896,26.1286122,91.8057543,shop,kiosk,KALITA STORE
n,13516749897,26.1286162,91.8057304,shop,kiosk,
n,13516749898,26.1286152,91.805723,shop,kiosk,
n,13516749899,26.1285769,91.8056223,shop,beauty,MONSOONS BEAUTE SALON
n,13516757145,26.1807127,91.7832171,shop,yes,LAXMI COLLECTION
n,13516757146,26.1807522,91.7832026,shop,mobile_phone,MAA MOBILE STORE
n,13516757147,26.1808244,91.7831847,shop,yes,RUPA STORE
n,13516757148,26.1799441,91.7800423,amenity,school,JNANDEEP ACADEMY
n,13516764001,26.1285815,91.8046722,shop,kiosk,CHOUDARY STORE
n,13516764002,26.1230806,91.8039866,shop,furniture,BRAHMA ENTERPRISE
n,13516764003,26.123085,91.8039584,shop,electrical,J.K. ENTERPRISE
n,13516764004,26.1230907,91.8039085,shop,clothes,HELLO BEAUTIFUL
n,13516764005,26.123099,91.8038747,amenity,bank,Canara Bank
n,13516764006,26.1231057,91.8038422,shop,dry_cleaning,WHITE TIGER
n,13516764007,26.1231012,91.8038186,shop,beauty,NATURON LADIES BEAUTY CLINIC
n,13516764008,26.1230858,91.8037843,shop,kiosk,SUMI STORE
n,13516764009,26.1230865,91.8035752,shop,craft,
n,13516764010,26.1231183,91.8034128,shop,wholesale,BRAHMAPUTRA ENTERPRISE
n,13516764012,26.1232023,91.8031602,amenity,restaurant,HOTEL TOKYO TOWER RESTAURANT CUM BAR
n,13516764013,26.1232192,91.8028682,amenity,bank,ICICI Bank
n,13516764014,26.1232283,91.8028363,shop,beauty,GLAMOUR TOUCH
n,13516764015,26.1232992,91.8022882,amenity,restaurant,GREEN PEPPER'S
n,13516764018,26.123285,91.8019227,shop,mobile_phone_accessories,THE MUSIC HOUSE
n,13516764020,26.1232899,91.8018253,shop,mobile_phone,SHREE SHYAM GADGETS
n,13516772177,26.1868899,91.7521463,shop,beauty,IOSIS
n,13516772179,26.1869756,91.7521676,shop,books,OXFORD UNIVERSITY PRESS
n,13516772180,26.1870122,91.7521795,amenity,restaurant,QUICK PICK
n,13516772181,26.18718,91.7521864,shop,supermarket,QUICK SHOPPE EXPRESS
n,13516772182,26.1872574,91.7523214,amenity,cafe,HUMMUS LEBANESE CAFE
n,13516772183,26.1872256,91.752707,amenity,restaurant,FOLK
n,13516772184,26.1871901,91.752871,amenity,restaurant,BAGURUMBA
n,13516772186,26.1873036,91.7532936,shop,pet,THE PUPPY PATCH
n,13516772187,26.1871408,91.7538116,shop,bakery,SUBHA ENTERPRISE
n,13516772188,26.1871921,91.7539057,shop,laundry,THE CLEANING STATION
n,13516772189,26.187378,91.7545683,amenity,fast_food,O.S.K BURGERS
n,13516772190,26.1873718,91.7545809,amenity,cafe,THE TRANGI HOUSE
n,13516772192,26.1873639,91.7546117,amenity,restaurant,GUWAHATI HEIGHTS
n,13516772193,26.1871591,91.7547461,amenity,cafe,Barista
n,13516772194,26.1870622,91.7547582,amenity,cafe,CAFE D CORNER
n,13516772195,26.1869822,91.7547611,shop,pastry,PUDDIN TALES
n,13516794536,26.1804544,91.7458474,amenity,bank,BANDHAN BANK
n,13516794537,26.1806001,91.7458724,shop,interior_decoration,FOUNTAINS HOME DECOR
n,13516794538,26.1806055,91.7458714,shop,interior_decoration,WALL ART LED MIRROR
n,13516794539,26.1806122,91.7458714,shop,interior_decoration,CHANDELIERS FAN
n,13516794540,26.1806377,91.7458726,shop,electronics,GREATWHITE ELECTRICALS
n,13516794545,26.1836348,91.7458698,amenity,cafe,ZAKH CAFE
n,13516794546,26.1836406,91.7458726,shop,hairdresser,JAVED HAIR STUDIO
n,13516794547,26.183698,91.7459391,shop,general,VINAY SHOPPE
n,13516794549,26.1838411,91.7461339,shop,car_repair,ECM SOLUTION
n,13516794551,26.1840003,91.7463652,shop,department_store,MUSKAN
n,13516794553,26.1841901,91.7466239,shop,sports,FITNESS ZONE
n,13516794554,26.1842625,91.7467327,shop,general,K.D. STORE
n,13516794555,26.1843104,91.7467727,shop,kiosk,KIRAN SWEETS AND SNACKS
n,13516794556,26.1843906,91.7468475,shop,general,NASTA
n,13516794557,26.18457,91.7470114,amenity,cafe,KAMAKHYA TEA HOUSE
n,13516794558,26.1846875,91.7471453,shop,stationery,MAHABIR ENTERPRISE
n,13516794559,26.1847465,91.7472096,shop,laundry,DYEING POST
n,13516794560,26.1847505,91.7472156,shop,general,PAUL STORE
n,13516794562,26.1849171,91.7474608,shop,alcohol,ROYAL STAG
n,13516794563,26.1852369,91.7479741,amenity,restaurant,SOUNDARYA LAHAREE
n,13516794564,26.1855478,91.7522929,amenity,restaurant,TASTY TIFFIN
n,13516794565,26.1855428,91.7523294,amenity,restaurant,RIGHT KITCHEN
n,13516794566,26.1854686,91.7526636,amenity,bank,HDFC BANK
n,13516794567,26.1854315,91.7527868,amenity,cafe,STEAMING MUG A CAFE BISTRO
n,13516794569,26.1851876,91.7540461,amenity,fuel,Indian Oil
n,13516794570,26.1851707,91.7543052,amenity,restaurant,HERITAGE EMPORIUM
n,13516794571,26.1851316,91.754887,shop,clothes,NIRMAAN FABRIC
n,13516794572,26.1851278,91.7549726,shop,beauty,CHEVEU
n,13516794573,26.1851252,91.7549748,shop,jewelry,KANYYA
n,13516794574,26.1872704,91.7570607,shop,beauty,BEAUTIFY
n,13516794575,26.1873228,91.7574372,shop,beauty,ZENESTY
n,13516794576,26.1873296,91.7575204,shop,yes,SUPREME
n,13516794577,26.1873498,91.7577104,shop,clothes,k studioo
n,13516794578,26.1872141,91.7578101,shop,pastry,cut the damn cake
n,13516794579,26.18695,91.7578496,shop,clothes,BANDHOBI
n,13516794580,26.1868871,91.7578515,amenity,restaurant,MEZBAN BIRYANI
n,13516794581,26.1867871,91.7578686,shop,general,SUJATA'S STORE
n,13516818118,26.1230913,91.8012436,shop,convenience,ANUSHKA STORE
n,13516818119,26.1230553,91.8012495,shop,convenience,KAMAL STORE
n,13516818120,26.1231138,91.8011721,amenity,restaurant,TEN 11 RESTURANT
n,13516818121,26.1231205,91.8011532,shop,convenience,GANAPATI STORE
n,13516818122,26.1231335,91.8011276,shop,convenience,PUTALA STORE
n,13516818123,26.1231342,91.8010487,shop,yes,SARAIGHAT STORE
n,13516818125,26.1231457,91.8010025,shop,yes,GARGI ENTERPRISE
n,13516818126,26.1231631,91.80088,shop,bag,SHUBHAM FASHION
n,13516818127,26.1231687,91.8008528,shop,shoes,S. SHOE STORE SINE
n,13516818128,26.123176,91.8008286,shop,clothes,MAA CHANDRA CLOTH STORE
n,13516818129,26.123176,91.8008053,shop,shoes,KHUSHI SHOE STORE
n,13516818130,26.1232018,91.8006839,shop,clothes,
n,13516818131,26.1232109,91.8006582,shop,convenience,DRISHI KRISHNA MM STORE
n,13516818132,26.123193,91.8005621,shop,optician,THE OPTICAL
n,13516818134,26.1232166,91.8004793,shop,shoes,NAMITA SHOE
n,13516818135,26.1232238,91.8004014,shop,bag,TILAK STORE
n,13516818136,26.1232249,91.8003353,shop,clothes,SHUBHAM FASHION
n,13516818137,26.1232068,91.8003795,shop,shoes,TEN BRAND
n,13516818138,26.1232439,91.8002836,shop,clothes,GOPAL MAHAL
n,13516818139,26.1232264,91.8002676,shop,clothes,UMA PARIWAR
n,13516818140,26.1232277,91.8002206,shop,electronics,DUTTA ELECTRONICS
n,13516818141,26.1232333,91.8001965,shop,variety_store,KNICK KNACK
n,13516818142,26.1232376,91.8001735,amenity,restaurant,RUPOHI RESTURANT
n,13516818143,26.1232411,91.8001533,shop,electronics,PRANAB ENTERPRISE
n,13516818145,26.1232535,91.8001147,shop,clothes,
n,13516818146,26.1232605,91.8000936,shop,yes,M/S B.B. TRADE & AGENCY
n,13516818147,26.1232503,91.8000528,shop,craft,ENERA HANDLOOM
n,13516818148,26.1232641,91.8000239,shop,hairdresser,BOMBAY HAIR DRESSING
n,13516818149,26.1232704,91.7999961,shop,yes,BELTOLA HARDWARE & PAINTS
n,13516823733,26.1765267,91.7762737,shop,alcohol,BLENDERS PRIDE
n,13516823734,26.1763818,91.7763568,shop,bakery,THE CAKE
n,13516832939,26.1373146,91.6326183,shop,general,NAMAMI STORES
n,13516832940,26.1374254,91.6331289,amenity,fuel,Indian Oil
n,13516832941,26.1375379,91.6334911,amenity,restaurant,FOODISTHAN
n,13516832942,26.1375357,91.6334847,amenity,restaurant,MAST BIRYANI
n,13516832943,26.1375331,91.6334914,amenity,restaurant,YO!PANDA
n,13516832944,26.1375831,91.6336007,amenity,restaurant,TADKA SINGH
n,13516832945,26.1376302,91.6336971,shop,general,SABITRI STORE
n,13516832946,26.1377792,91.6339879,shop,clothes,FIRST CRY
n,13516832947,26.1377759,91.6339861,amenity,restaurant,DOMINO'S
n,13516832950,26.1385538,91.6350994,shop,doors,FABTECH INDIA
n,13516832951,26.1409817,91.6397875,shop,tiles,Italian collection
n,13516832952,26.1420421,91.642322,shop,optician,OMEGA EYE CLINIC
n,13516832954,26.1437837,91.6441022,shop,bakery,PADMA BAKERY
n,13516832955,26.1440136,91.6442234,amenity,restaurant,BLACK CHICKEN
n,13516832956,26.1452123,91.6450162,shop,motorcycle,LANKESHWAR MOTORS
n,13516832957,26.1453065,91.6450963,shop,general,NIHARIKA ENTERPRISE
n,13516832958,26.1462187,91.6458354,shop,houseware,Wall Max
n,13516832960,26.1468432,91.6463319,amenity,restaurant,RESTRO G-ONE
n,13516832961,26.1470453,91.6464905,amenity,restaurant,SOWAD KITCHEN
n,13516832962,26.1470513,91.6464977,amenity,restaurant,LANKESHWAR CABIN & RESTAURANT
n,13516832963,26.1470576,91.6465012,shop,general,SK STORE
n,13516832967,26.149019,91.6486192,amenity,school,SANGIT ACADEMY
n,13516832968,26.1495683,91.649708,shop,yes,N.B. RIDERS
n,13516855302,26.1806012,91.7372232,shop,yes,Khyatie Enterprises
n,13516855303,26.1804975,91.737373,shop,nuts,Bhawani Trading
n,13516855304,26.1804735,91.7374042,shop,yes,shree moti enterprises
n,13516855305,26.1804544,91.7374327,amenity,cafe,Kishori tea stall
n,13516855306,26.1804339,91.7374678,shop,computer,Marketing enterprises
n,13516855307,26.1803924,91.7375335,shop,bed,Spring fit
n,13516855308,26.1803259,91.7376239,amenity,bank,Union Bank of India
n,13516855309,26.1802504,91.7377053,amenity,bank,Kotak Mahindra Bank
n,13516855310,26.1782377,91.7360786,shop,tea,Mangalam
n,13516855311,26.1782141,91.7360498,shop,computer,Tecno
n,13516855312,26.1781558,91.7359984,shop,beverages,cold Drink centre
n,13516855313,26.1778224,91.7357243,shop,yes,
n,13516855314,26.1775412,91.7354587,amenity,bank,Indian Bank
n,13516855315,26.1769305,91.7350772,shop,tyres,Tyre corner
n,13516855316,26.176833,91.7351902,shop,tyres,Ralco Tyres
n,13516855317,26.1768045,91.7352194,shop,tyres,Good Year
n,13516855318,26.1767349,91.7352747,shop,tyres,A.R Enterprises
n,13516855319,26.1766692,91.7353239,shop,grocery,Asharul Haque Store
n,13516855320,26.1764194,91.7355844,shop,yes,maa manosha trade
n,13516855321,26.1759373,91.7359127,shop,interior_decoration,Interior hub
n,13516855322,26.1758699,91.7359237,shop,car_parts,Ramdev Enterprises
n,13516855324,26.1756598,91.7359618,shop,car_parts,Jashvi automobile
n,13516855325,26.1756229,91.7359673,shop,motorcycle_repair,Moria Bike Point
n,13516855326,26.1755167,91.7359682,shop,tyres,P.P Tyres
n,13516855327,26.1754295,91.7360058,shop,tyres,Neog tyre service
n,13516855328,26.1752838,91.7360284,shop,tyres,Sahara Tyre
n,13516855329,26.1750281,91.7360439,shop,yes,A.B store
n,13516855330,26.1749886,91.7360482,shop,electronics,Ugra Auto electric works
n,13516855331,26.1748026,91.7358787,shop,hardware,Mangalam plywood and hardware
n,13516855333,26.17473,91.735665,shop,furniture,Gangwal Furniture
n,13516855334,26.1750459,91.7360497,shop,yes,
n,13516855336,26.1747163,91.7356164,shop,car_parts,Maruti House
n,13516855337,26.174697,91.7355641,shop,car_parts,Car Esmart
n,13516855338,26.1746664,91.735452,shop,car_parts,Nextgen Car Accessories
n,13516855339,26.1746243,91.7353415,shop,interior_decoration,Silhouettes
n,13516855341,26.1744517,91.7348133,shop,car_parts,Maruti Decorate
n,13516855342,26.1744529,91.7348048,shop,motorcycle_parts,Rani bike point
n,13516855343,26.1744344,91.7347541,shop,motorcycle_parts,Asom Bike Designer
n,13516855344,26.1744231,91.7347043,shop,motorcycle_parts,Honda planet
n,13516855345,26.1744054,91.7346474,shop,motorcycle_parts,Prem Automotive
n,13516855346,26.1743886,91.7345952,shop,car_parts,Carplus
n,13516855347,26.1743747,91.7345449,shop,party,Tent Gallery
n,13516855348,26.1743593,91.7344932,shop,florist,The Luxury Artificial Flower Store
n,13516873455,26.1232737,91.7999368,shop,clothes,BADHA KRISHNA CLOTH STORE
n,13516873456,26.1232782,91.7999168,shop,yes,
n,13516873457,26.123283,91.7998539,shop,clothes,
n,13516873458,26.1232917,91.7998113,shop,clothes,
n,13516873459,26.1233485,91.7997317,shop,clothes,
n,13516873460,26.1233513,91.7997006,shop,clothes,
n,13516873461,26.1233553,91.7996671,shop,clothes,
n,13516873463,26.1233625,91.7996001,shop,beauty,HIYA JURI BEAUTY PARLOUR
n,13516873464,26.1233664,91.7995758,shop,clothes,ARSHADA STORE
n,13516873465,26.1233701,91.7995496,shop,stationery,DIPTIZ
n,13516873466,26.1233719,91.7995259,shop,toys,
n,13516873467,26.1233728,91.799509,shop,yes,M.S. PLASTIC CORNER
n,13516873468,26.123378,91.7994956,shop,shoes,MUNSHI SHOES
n,13516873469,26.1233879,91.7994707,shop,clothes,BIJAYA GARMENTS
n,13516873470,26.1235048,91.8008359,shop,clothes,M/S NIHARIKA
n,13516873471,26.1233979,91.7994141,shop,clothes,FORCE NXT
n,13516873472,26.1233989,91.7993772,shop,clothes,
n,13516873473,26.1233891,91.7993312,shop,clothes,
n,13516873474,26.1234231,91.7992901,shop,toys,
n,13516873475,26.1234304,91.7992657,shop,clothes,
n,13516873476,26.1234096,91.7991679,shop,cosmetics,YOUR CHOICE
n,13516940919,26.1738523,91.7343514,shop,department_store,Departmental store
n,13516940920,26.173704,91.7344456,amenity,place_of_worship,Jain Dharmsthal
n,13516940922,26.1733807,91.7347058,shop,car_parts,The car creation
n,13516940923,26.1733591,91.7347244,shop,car_parts,Assam car hood & Automobiles
n,13516940925,26.1732291,91.734816,shop,beauty,ladies beauty parlour
n,13516940926,26.1731639,91.7348682,shop,hardware,Balaji Tools & Machinery
n,13516940928,26.172875,91.7351033,shop,interior_decoration,Eco Decoredg
n,13516940929,26.1727675,91.7351938,shop,tailor,New Style Tailors
n,13516940930,26.1726949,91.7352508,shop,tailor,shree vinayak furnitech
n,13516940931,26.1723157,91.7355913,shop,tailor,S.R Tailor
n,13516940932,26.1722446,91.7356344,amenity,restaurant,Belgain Waffle
n,13516940933,26.1721052,91.7357558,shop,tailor,Afrina Ladies Tailors
n,13516940934,26.1719811,91.7358689,shop,motorcycle_repair,Raja motor cycle works
n,13516940936,26.1718286,91.7360145,shop,food,Madhur vatika
n,13516940937,26.1716603,91.7361406,shop,bakery,Cake.com
n,13516940938,26.1714689,91.7364757,shop,hardware,R.S ply & Hardware
n,13516940939,26.1714769,91.7364878,shop,laundry,Tumbledry
n,13516940940,26.1714727,91.7364827,amenity,restaurant,kake di hatti
n,13516940941,26.1714548,91.7365556,shop,gents_palour,v looks
n,13516940942,26.1714496,91.7366797,shop,yes,neelam enterprises
n,13516940943,26.1714284,91.7370764,amenity,place_of_worship,shanti sabha
n,13516940945,26.1713956,91.7373992,amenity,restaurant,Kiranshree sweets & snacks
n,13516940946,26.1713661,91.737574,amenity,hospital,Guwahati Netralaya eye hospital
n,13516940947,26.1713677,91.7375778,shop,glass,Glass India
n,13516940948,26.1713462,91.7377297,shop,hardware,maa kamakhaya aluminium house
n,13516940949,26.1713433,91.7377654,shop,furniture,Deka enterprises
n,13516996102,26.1852978,91.7630907,shop,clothes,Zudio
n,13516996103,26.1851794,91.7633134,shop,optician,LENSMART
n,13516996104,26.1851627,91.7634036,shop,tea,SARADA TEA HOUSE
n,13516996105,26.1851537,91.7634386,shop,jewelry,NEW BASAK JEWELLERY
n,13516996108,26.1851477,91.7635888,amenity,clinic,DUTTA & BARUAH DRUG HOUSE
n,13516996110,26.185133,91.7637971,shop,wholesale,EXCLUSIVE DISTRIBUTORS
n,13516996111,26.1851252,91.7638782,shop,camera,NIKO
n,13516996113,26.1850799,91.7642022,amenity,doctors,SNEHAMOI
n,13516996114,26.1849113,91.7650395,shop,clothes,FLEX YOUR NEEDS
n,13516996115,26.1848867,91.7652,shop,travel_agency,JUNGLE TRAVELS INDIA
n,13516996116,26.1848738,91.7653803,amenity,fast_food,Domino's
n,13516996117,26.1848283,91.7656059,shop,electronics,DAIKIN
n,13516996118,26.1848402,91.7657514,shop,electronics,Reliance Digital
n,13516996119,26.1848065,91.7663061,amenity,fuel,HP
n,13516996120,26.1848046,91.7665593,shop,furniture,ARCHANA
n,13516996122,26.1845924,91.7675915,shop,funeral_directors,AAYAT HOME DECOR
n,13516996124,26.1845616,91.7676715,shop,alcohol,WHISKHY GO GO
n,13516996125,26.184536,91.7679165,shop,jewelry,Titan
n,13517073519,26.1713419,91.7378464,shop,grocery,Mera trade centre
n,13517073520,26.1713407,91.7381331,shop,hardware,Hanuman Glass and plywood
n,13517073522,26.1713238,91.7382881,shop,yes,Tirupati ply & veneer
n,13517073523,26.1713274,91.7384779,shop,hardware,interior shoppe
n,13517073525,26.1718238,91.7391582,shop,hardware,krishna Fibres
n,13517073526,26.1718442,91.7391809,shop,clothes,Aakarsha
n,13517073527,26.1720913,91.73934,shop,interior_decoration,BS Enterprise
n,13517073528,26.1721168,91.7393615,shop,hardware,fortune Metal industries
n,13517073529,26.1721507,91.7393747,shop,hardware,Aroma plywood & hardware
n,13517073531,26.1722094,91.7394177,shop,electronics,havells
n,13517073532,26.1723015,91.7394735,shop,testing_centre,pollution testing
n,13517073533,26.1723256,91.7394986,shop,interior_decoration,Interior choice
n,13517102221,26.1234542,91.7985002,shop,copyshop,PRINT POINT
n,13517102222,26.1234835,91.7985085,shop,tailor,MANJU LADIES TAILORING
n,13517102223,26.1234732,91.7985121,amenity,restaurant,EAT AND MERRY RESTURANT
n,13517102224,26.123493,91.7985021,shop,yes,KA-H PITAL GRIHA
n,13517102225,26.12358,91.7984568,shop,yes,OM TRADING
n,13517102227,26.1235542,91.798465,shop,shoes,SHOE GARDEN
n,13517102228,26.1234712,91.7984852,shop,beauty,DREAM ZONE UNISEX PARLOUR & SPA
n,13517102229,26.1235701,91.7984365,amenity,restaurant,EAT AND MERRY RESTURANT
n,13517102230,26.1236333,91.7984015,shop,gift,BALAJI GIFTING CHALYUCHAN
n,13517102231,26.1236538,91.7984188,shop,mobile_phone,OM MOBILE EMPORIUM
n,13517102232,26.1236821,91.7984109,shop,clothes,OM FASHION
n,13517102233,26.1236632,91.7984009,shop,beauty,CLOUD 9  UNISEX
n,13517102234,26.1237667,91.7983853,shop,kiosk,
n,13517102235,26.1238076,91.798347,amenity,bank,Bank of Baroda
n,13517102237,26.12384,91.7983368,shop,catalogue,SHREE BALAJI SANITARY
n,13517102238,26.1239998,91.7982759,shop,gift,PRATEEK
n,13517102239,26.123992,91.7982806,shop,yes,CHILD CARE
n,13517102240,26.1240942,91.7982053,shop,jewelry,PAMT GOLD & DIAMONDS
n,13517102241,26.1241207,91.7981975,shop,kiosk,SUBHAM SWEETS
n,13517102242,26.1241759,91.7981916,shop,clothes,MITHU'S LADIES INNER GARMENTS
n,13517102243,26.124208,91.7981924,shop,kiosk,
n,13517102244,26.1243513,91.7980398,shop,stationery,D BEDANTA
n,13517102246,26.1244087,91.7980191,shop,telecommunication,BEDANTA COMMUNICATION
n,13517102247,26.124445,91.7980109,shop,hardware,VISHAL HARDWARE
n,13517102248,26.1244628,91.7979861,amenity,cafe,LIGHT CAMERA ACTION CAFE
n,13517102249,26.1245187,91.7979679,shop,hardware,YUVRAJ HARDWARE
n,13517102250,26.1245509,91.797978,shop,kiosk,KALITA PAN BHANDAR
n,13517102251,26.1245609,91.797977,amenity,fast_food,SHAKERS &  CHO
n,13517102252,26.1245987,91.7979686,shop,interior_decoration,BALAJI PLY & INTERIORS
n,13517102253,26.1246282,91.7979567,shop,paint,PAINT HUB
n,13517102254,26.1250629,91.7977388,shop,electronics,SHREE GANESH ELECTRONICS
n,13517102255,26.1251519,91.7975329,amenity,bank,Punjab National Bank
n,13517102258,26.1251621,91.7975517,shop,yes,MG EMPORIUM
n,13517102259,26.1251945,91.7975416,amenity,doctors,SUSHRI DOCTORS CLINIC
n,13517102260,26.1252398,91.79753,shop,copyshop,DTP XEROX
n,13517102261,26.1252896,91.7975051,shop,bakery,REPOSE
n,13517102262,26.1253426,91.7975594,shop,convenience,I.J.R. VARIETY STORE
n,13517102263,26.1253629,91.7975573,shop,electrical,ANU BATTERY AND DYNAMO SERVICE
n,13517102264,26.1253855,91.7975501,shop,electrical,CELL POINT
n,13517102265,26.125411,91.7975363,shop,clothes,YASH BOTIQUE
n,13517102266,26.1254523,91.7975504,shop,ticket,
n,13517102267,26.1254795,91.7975438,shop,mobile_phone,
n,13517102268,26.125519,91.7975304,shop,photo,PHOTO & PRINT DIGITAL STUDIO
n,13517102269,26.1255498,91.7974746,shop,kiosk,T.S PAN SHOP
n,13517102270,26.125738,91.7972993,shop,tiles,SREE SAI MARBLE & GRANITE
n,13517102271,26.1260678,91.7970418,shop,watches,TITAN WORLD
n,13517102272,26.1260742,91.7970102,shop,beauty,L-16 PREMIUM SPA SALON
n,13517102273,26.1261631,91.7970381,shop,optician,TITAN EYE
n,13517102274,26.1261658,91.7969837,shop,jewelry,RUPASHREE
n,13517102275,26.1262721,91.7968936,shop,mall,STYLE BAAZAR
n,13517182645,26.1723733,91.7395397,shop,hardware,Tripurari Steels
n,13517182646,26.1723986,91.7395558,shop,paint,Asian Paints
n,13517182647,26.1724408,91.7396125,shop,hardware,Swastik ply & Hardware
n,13517182648,26.1725317,91.7397102,shop,hardware,Maa shakti collection
n,13517182649,26.1725478,91.739717,shop,hardware,Vinayak traders
n,13517182650,26.1725748,91.7397748,shop,hardware,Shiva Traders
n,13517182651,26.1725703,91.7397857,shop,yes,M/S Pappu Store
n,13517182652,26.172549,91.7398574,amenity,place_of_worship,Neelkantha Sivalaya
n,13517182653,26.172386,91.7399696,shop,interior_decoration,vijay Interior
n,13517182654,26.1722326,91.7400529,shop,yes,Archana Sweet & Snacks
n,13517182655,26.1722013,91.7400681,shop,household,Mukesh Enterprises
n,13517182660,26.1706066,91.7417479,shop,industrial_equipment,Maharani Machines
n,13517182661,26.1704653,91.7419249,shop,yes,Ganpatifibre
n,13517182662,26.1703903,91.742005,shop,supermarket,Suvidha
n,13517182663,26.1702466,91.7421455,shop,yes,Rajasthan Lime Udyog
n,13517182664,26.1698981,91.7424696,shop,hardware,S.M Traders
n,13517182665,26.1697931,91.742547,shop,lighting,Anand Lites
n,13517182666,26.169767,91.7425665,shop,interior_decoration,H.S Decors
n,13517182667,26.1697656,91.7425653,shop,hardware,B S Steel and hardware
n,13517182668,26.1691486,91.7434582,shop,hardware,Bhujel Alluminium & hardware Store
n,13517213182,26.1688207,91.7454829,shop,hardware,M/S sarfraz enterprise
n,13517213183,26.1688145,91.7455335,shop,interior_decoration,Interior Era
n,13517213184,26.1687947,91.7459361,amenity,restaurant,Aurum
n,13517213185,26.1687893,91.7459815,shop,hardware,Gypstar
n,13517213186,26.1687393,91.746114,shop,hardware,S.S ply & Laminate
n,13517213187,26.1686996,91.7468549,shop,mobile_phone,Aastha infocomm
n,13517213188,26.1687056,91.7468944,shop,tea,Assam Tea
n,13517213189,26.1686936,91.7470227,shop,hardware,Jagadamba Hardware and paints
n,13517213190,26.1687006,91.7470676,amenity,school,Arya english Senior secondary school
n,13517213191,26.1686753,91.747268,shop,hardware,Maa durga Hardware
n,13517213192,26.1686661,91.7473062,shop,tiles,shri shyam tiles and marble
n,13517338011,26.126839,91.7967237,shop,kiosk,
n,13517338012,26.1269578,91.7966519,shop,tyres,
n,13517338013,26.1269986,91.7966454,shop,kiosk,JAYUTI STORE
n,13517338014,26.1270351,91.7966323,shop,tyres,KAJAL WHEELZ
n,13517338015,26.1270888,91.7965493,shop,motorcycle,KASHYAP AUTOMOBILES
n,13517338016,26.127411,91.796416,amenity,restaurant,DEEP HOTEL
n,13517338017,26.1274761,91.7963732,shop,kiosk,SUMI STORE
n,13517338018,26.1275189,91.7963456,shop,tyres,SPEED POINT
n,13517338020,26.1275908,91.7963184,shop,tyres,AJMER TYRES
n,13517338021,26.1275718,91.7963302,shop,motorcycle_repair,A. SINGH WORKSHOP
n,13517338022,26.1276409,91.7962468,shop,pastry,PRIME CAKES
n,13517338023,26.1277206,91.7960935,amenity,bank,ICICI Bank
n,13517338024,26.1280494,91.7959429,shop,clothes,AGE BY GOENKA READYMADES
n,13517338025,26.1285823,91.7957177,shop,kiosk,
n,13517338026,26.1290291,91.7954951,shop,convenience,GNRC MEDISHOP
n,13517338028,26.1291916,91.7951896,shop,clothes,Pantaloons
n,13517338029,26.1294808,91.7951749,shop,convenience,M.S. ANUSHREE
n,13517338030,26.129581,91.7950704,amenity,bank,THE CO-OPERATIVE BANK LIMITED
n,13517338031,26.1295681,91.7951496,shop,clothes,PRIYANKA'S CREATION
n,13517338032,26.1296151,91.7951301,shop,electronics,KRISHNA ELECTRICALS
n,13517338033,26.1296574,91.7951079,shop,stationery,GANA-BIPANI
n,13517338035,26.1297951,91.7950755,shop,kiosk,KALITA PAN SHOP
n,13517338036,26.1298209,91.7950702,shop,copyshop,TRILOK ELECTRICAL
n,13517338039,26.129998,91.7948835,shop,beauty,GAURI GLOW
n,13517338040,26.1300454,91.7949451,shop,farm,
n,13517338042,26.130139,91.7949201,amenity,bank,State Bank of India
n,13517338043,26.1301944,91.7948267,amenity,kindergarten,BABY STEPS PRE-SCHOOL AND DAYCARE
n,13517338044,26.1303547,91.7947613,shop,wine,R.K. WINE SHOP
n,13517338045,26.1303608,91.7946489,amenity,restaurant,TUHAA'S
n,13517338046,26.1303897,91.7946932,shop,pastry,CAKE POINT
n,13517338047,26.1304316,91.7947211,shop,yes,PATHAK TRADERS
n,13517338048,26.1304644,91.794692,shop,wine,A.B. WINE
n,13517338049,26.1304823,91.7946725,shop,yes,NAMAMI ENTERPRISE
n,13517338050,26.130498,91.794666,shop,butcher,PIGGMAN
n,13517338051,26.1305283,91.7946013,shop,mobile_phone,AJ COMMUNICATION
n,13517338053,26.130647,91.7945085,shop,beauty,GLAMOUR
n,13517338054,26.1307226,91.794491,shop,convenience,NIRMAL MULTISTORE
n,13517338055,26.1307186,91.7944383,amenity,clinic,SKIN CARE
n,13517338056,26.1313536,91.7942236,shop,mobile_phone,MAA ELECTRONICS
n,13517338057,26.1313728,91.7942189,shop,tailor,SUSMITA DEVEE LADIES TAILORS
n,13517338058,26.131393,91.7942153,shop,dry_cleaning,PUJA DRY CLEANERS
n,13517338060,26.1314629,91.7941824,shop,appliance,MAA REFREGINATION
n,13517338061,26.1314725,91.7941817,shop,hairdresser,LUCKY A/C SALOON
n,13517338062,26.1315054,91.7941573,shop,furniture,VARDHMAN ENTERPRISE
n,13517338063,26.1315478,91.7941383,shop,laundry,SAFE WASH
n,13517338064,26.1317486,91.7939917,amenity,fast_food,BHABANA BEAUTY PARLOUR
n,13517338066,26.131819,91.7938885,shop,clothes,BODYLINE
n,13517338067,26.1318492,91.7938816,shop,supermarket,PRINCE SUPER MARKET
n,13517338068,26.1318779,91.7938233,amenity,bank,UCO Bank;J.P. PRINT HOME
n,13517338069,26.1319977,91.7938331,shop,yes,SK TRADERS
n,13517338070,26.1320769,91.7934956,amenity,clinic,ONE DENTAL CLINIC
n,13517338071,26.1321482,91.7934741,shop,shoes,TRENDS FOOTWEAR
n,13517338072,26.1330057,91.7930773,shop,beauty,LEMONTREE SALON
n,13517338073,26.1329789,91.7930285,shop,dry_cleaning,BRIGHT HANGER DRY CLEANERS
n,13517338074,26.1330215,91.7931175,amenity,restaurant,URBAN PALATE
n,13517338076,26.1340251,91.792796,shop,kiosk,KALITA PAN CHOP
n,13517338077,26.1347792,91.7921391,shop,beauty,BLOOSM
n,13517338078,26.1347686,91.7921709,shop,beauty,VLCC MEN'S GROOMING
n,13517338079,26.1347991,91.7921037,shop,interior_decoration,DELTA LAMINATES
n,13517338080,26.1349882,91.7921759,amenity,fast_food,THE MOMO HUT
n,13517338081,26.135013,91.7921667,amenity,fast_food,MATKA CHICKEN
n,13517348365,26.1745915,91.7400832,shop,yes,goel metal craft
n,13517348366,26.1746792,91.7400616,shop,hardware,Adinath Aluminium
n,13517348367,26.1747061,91.7400461,shop,tiles,A.R Tiles & sanitary
n,13517348368,26.174753,91.7400422,shop,yes,Neelkanth Enterprises
n,13517456659,26.1730177,91.7397663,shop,yes,Shiv Shakti Enterprises
n,13517456660,26.1732717,91.7398087,shop,yes,Bharat Udyog
n,13517456661,26.1732755,91.739805,shop,yes,
n,13517456662,26.1735817,91.7398689,shop,furniture,Purbanchal wood product
n,13517456663,26.1735806,91.7398609,shop,yes,home s smith
n,13517456664,26.1736542,91.7398844,shop,interior_decoration,Purbanchal interior
n,13517456665,26.173652,91.7398856,amenity,bank,IDBI Bank
n,13517456666,26.1737384,91.7399162,shop,yes,Maa Traders
n,13517456667,26.1737801,91.7399256,shop,bathroom_furnishing,Decobath centre
n,13517456668,26.1738188,91.7399346,shop,hardware,Vijay Hardware co.
n,13517456669,26.1739927,91.7399828,shop,household,Lunia brothers
n,13517456670,26.1742819,91.7400602,shop,industrial,Sagar Steel
n,13517456671,26.1744073,91.7400829,shop,yes,Jay sree Ram Industries
n,13517456672,26.174422,91.7400847,shop,hardware,M K Enterprise
n,13517456673,26.17444,91.7400925,shop,glass,Bharat glass
n,13517680414,26.1350621,91.7920674,amenity,fast_food,PK DA DHABA
n,13517680415,26.135205,91.7918392,amenity,fuel,Indian Oil
n,13517680416,26.1354039,91.7918311,shop,kitchen,WURFEL
n,13517680417,26.1354099,91.7918555,amenity,fast_food,KFC
n,13517680418,26.1353674,91.7918867,amenity,clinic,WOMEN'S CLINIC
n,13517680420,26.135574,91.7917174,amenity,bank,Union Bank of India
n,13517680421,26.1355682,91.7917,shop,beauty,DARPAN
n,13517680423,26.1357398,91.7917621,shop,hardware,M/S MAA GIRIBALA HARDWARE
n,13517680424,26.1357732,91.7917576,shop,wine,GANPATI WINE SHOP
n,13517680425,26.1358244,91.7917478,shop,convenience,SAMAHAR
n,13517680427,26.1358994,91.7917478,shop,tyres,KIRAN TYRES
n,13517680428,26.1359155,91.7917272,shop,interior_decoration,M/S DISPUR TENT & DECORATORS
n,13517680429,26.1359316,91.7917201,amenity,fast_food,P.B. FOOD
n,13517680430,26.1360766,91.7916208,amenity,restaurant,MAA LAKHSMI HOTEL
n,13517680431,26.1361086,91.7916077,amenity,fast_food,PATKAI KITCHEN
n,13517680432,26.1361691,91.7915796,amenity,fast_food,PAKGHAR BIPANAN KHETRA
n,13517680433,26.1362074,91.7915695,shop,tea,KARAK CHAA
n,13517680434,26.1362232,91.7915645,amenity,clinic,AYONEXT HEALTHCARE
n,13517680435,26.1362795,91.7915083,shop,mobile_phone,
n,13517680436,26.1363476,91.7914125,amenity,cafe,CAFE COFEE DAY
n,13517680437,26.1369296,91.7911233,shop,travel_agency,EESHAN TOURS & TRAVELLS
n,13517680438,26.1369801,91.7910955,shop,pet,DOLPHIN VET
n,13517680439,26.1370466,91.7910786,shop,wine,BALLANTINE'S
n,13517680440,26.1370718,91.7910647,shop,mobile_phone,J.M MOBILES
n,13517680442,26.1371501,91.7910308,shop,kiosk,
n,13517680443,26.1372034,91.7909267,shop,ticket,AB TRAVELS
n,13517680444,26.1373469,91.7909479,shop,mobile_phone,ANKUR COMMUNICATION
n,13517680446,26.1373974,91.7909123,shop,kiosk,MAYA STORE
n,13517680447,26.1374296,91.7908877,shop,wine,JINGLE WINE SHOP
n,13517680448,26.1374605,91.7908714,amenity,restaurant,AIMONI HOTEL
n,13517680449,26.1374873,91.7908608,shop,wine,UNIQUE WINE SHOP
n,13517680451,26.1375686,91.7908135,amenity,restaurant,GOKUL BHAI HOTEL & RESTURANT
n,13517680452,26.1376636,91.7907234,shop,tiles,AMBIKA MARBLE
n,13517680453,26.1377692,91.7906793,shop,kiosk,
n,13517680454,26.1386046,91.7900457,shop,optician,Lenskart
n,13517680455,26.1386892,91.7901288,shop,copyshop,DIGI PRINT
n,13517680458,26.1387865,91.7901207,shop,copyshop,DONATA'S CORNER
n,13517680459,26.1388176,91.7901206,shop,hairdresser,GANESH SALOON
n,13518571680,26.172205,91.7603816,shop,hairdresser,ganesh saloon
n,13518571681,26.1748574,91.7400204,shop,bathroom_furnishing,Patni sanitation
n,13518571682,26.1749206,91.7400241,shop,yes,Lovely pan Shop
n,13518571683,26.1749311,91.7400213,shop,hardware,Om hardware store
n,13518571684,26.1750011,91.7400062,shop,hardware,Harlalka Steel.co
n,13518571685,26.1750464,91.740005,shop,bathroom_furnishing,Bath style
n,13519311430,26.7256161,94.1888881,shop,bakery,Pragati
n,13519560613,26.1845225,91.7679257,shop,electronics,Sony
n,13519560614,26.1845156,91.7680982,amenity,bank,Canara Bank
n,13519560617,26.1842828,91.7698551,shop,electronics,Sony
n,13519560618,26.1842719,91.7699074,shop,electronics,LG
n,13519560619,26.1843346,91.7696209,shop,kitchen,IFB
n,13519560621,26.1841861,91.7706478,shop,furniture,D B'S FURNITURE
n,13519560622,26.183767,91.7736289,amenity,restaurant,NEW SPICY HUT
n,13519560623,26.1837524,91.7736611,shop,clothes,AARHI
n,13519575092,26.1809669,91.7828212,shop,books,ABHIGYAN BOOK STORE
n,13519575093,26.1809419,91.7827693,shop,furniture,FURNITURE HUB
n,13519575094,26.1802387,91.7833184,shop,stationery,BOOK & STATIONRY
n,13519575095,26.1802205,91.7833133,shop,gift,GIFT ITEMS
n,13519575097,26.180413,91.7832559,shop,bed,MD ALAM BEDING STORE
n,13519575099,26.1806525,91.7831626,shop,copyshop,PRINT CORNER
n,13519575100,26.1806955,91.78313,shop,jewelry,MEENA JEWELLER
n,13519576830,26.1837029,91.7739053,shop,electrical,SHIKHA ELECTRICALS
n,13519576831,26.1837002,91.7739442,shop,paint,SHIKHA HARDWARE PAINTS & SANITARY
n,13519610621,26.1811286,91.782954,shop,hairdresser,SWAPNA SALOON
n,13519610622,26.1816564,91.7827153,shop,shoes,M/S DAS LEATHER CORNER
n,13522423654,26.1808822,91.7368901,amenity,restaurant,Gopal Maharaj
n,13522423655,26.1811278,91.7365202,shop,wholesale,
n,13522423656,26.1811104,91.7365193,shop,wholesale,ASSAM COMMERCIAL COMPANY
n,13522423657,26.1811205,91.7365112,shop,general,GOBIND PAAN SHOP
n,13522423659,26.1811369,91.7364498,shop,wholesale,usha trading
n,13522423660,26.1811377,91.7364478,amenity,cafe,GITA HOTEL TEA & PAKORA
n,13522423661,26.1813043,91.7363885,shop,wholesale,shree mahadev trading co.
n,13522423662,26.1813094,91.736389,shop,wholesale,Thacker Traders
n,13522423663,26.181321,91.7363933,shop,tea,G.D enterprises
n,13522423664,26.1814479,91.7364765,shop,electronics,S. V. Enterprises
n,13522423665,26.1814546,91.73648,amenity,bank,IndusInd Bank
n,13522423666,26.1814925,91.7365189,amenity,restaurant,JB's
n,13522423668,26.1817258,91.7367056,shop,electronics,Aqua system
n,13522423669,26.1817362,91.7367105,amenity,place_of_worship,Sri Krishna Mandir
n,13522423670,26.1818529,91.7367704,shop,hardware,K. R. Traders pvt. ltd.
n,13522423671,26.1819111,91.7368102,shop,hardware,Assam Traders limited
n,13522423672,26.1820103,91.7368921,shop,wholesale,Yogita Agro Food Products
n,13522423673,26.1820083,91.7368923,shop,hardware,bajrang steel (sales) corporation
n,13522423674,26.1820098,91.7368978,shop,electronics,Elements
n,13522423675,26.1820132,91.7368947,shop,wholesale,AAC Blocks
n,13522423676,26.182171,91.7370145,shop,wholesale,S.M. Enterprises
n,13522423677,26.1825586,91.7372664,amenity,police,Fancy bazaar police out post
n,13522423678,26.183021,91.7375803,shop,newsagent,Da News Plus
n,13522423680,26.1840821,91.7382654,amenity,restaurant,P.W.D Canteen
n,13522626388,26.1900236,91.7519449,amenity,police,Latasil Police Station
n,13522626389,26.1903121,91.7528325,amenity,cafe,Café Choco Craze (A.B.Enterprises)
n,13522626390,26.1838813,91.7762886,amenity,college,AEI Field
n,13522626393,26.1837576,91.7792682,amenity,fuel,Indian Oil
n,13522626394,26.183728,91.7798938,shop,art,Rang Rup Art
n,13522626396,26.1836503,91.7801757,shop,beauty,Stylish zone
n,13522626397,26.1836439,91.7801849,shop,money_lender,money securities
n,13522630901,26.1836205,91.780262,shop,car_repair,Harnam motors co. (MD)
n,13522630902,26.1836069,91.7803128,shop,interior_decoration,Space Collectiv
n,13522630904,26.1835769,91.7806077,shop,car_repair,auto care
n,13522630905,26.1835264,91.7809934,shop,car_parts,Punjab Lubricant house
n,13522630909,26.1835003,91.7810821,shop,jewelry,S. K. jewellers
n,13522630910,26.1834911,91.7810898,amenity,restaurant,Punjab cabin
n,13522630911,26.1834897,91.7811912,shop,electrical,rashmi Electrical
n,13522630912,26.1834902,91.7812583,shop,optician,Darsil optical
n,13522630913,26.1834507,91.7815717,amenity,restaurant,swastika
n,13522630914,26.1834628,91.7816424,amenity,bank,Apex bank
n,13522630915,26.1834722,91.7816735,amenity,bank,Canara Bank
n,13522630916,26.1835147,91.7817837,shop,beauty,new looks
n,13522630919,26.1833412,91.7821664,amenity,cafe,dahibara express
n,13522630920,26.1833564,91.7821947,shop,clothes,nath brothers
n,13522630921,26.1833704,91.7822202,shop,mobile_phone,U 7 I tradings
n,13522630922,26.183385,91.7822556,shop,wine,saoi wine shop
n,13522630923,26.1834,91.7822938,shop,shoes,tip top shoe
n,13522630924,26.1834245,91.7823834,amenity,marketplace,dewan market
n,13522630925,26.183431,91.7824895,shop,shoes,street mart
n,13522630928,26.1833111,91.7828835,amenity,bank,the industrial co-operative bank ltd.
n,13522630929,26.1833507,91.7829323,shop,electrical,new surjya electricals
n,13522630930,26.1833755,91.7829145,shop,optician,divine vision opticians
n,13522630931,26.1835045,91.782802,shop,shoes,Bata
n,13522630933,26.1835542,91.7826162,shop,mobile_phone,shree ganga store
n,13522630934,26.1835558,91.7824698,shop,interior_decoration,T. D. enterprise
n,13522630935,26.1835511,91.7824352,shop,convenience,bharati store
n,13522630937,26.183879,91.7804541,shop,tyres,Assam tyre house
n,13522630938,26.1838971,91.7804181,shop,beauty,stylish zone
n,13522630939,26.1839307,91.7803262,shop,hardware,siddhi binak=ak enterprise
n,13522630940,26.1839816,91.7801975,shop,furniture,vishwakarma furnitures
n,13522630941,26.1839829,91.7800448,shop,supermarket,M/S Biraja Enterprise
n,13522630942,26.1839592,91.7799532,shop,hardware,radha krishna enterprise
n,13522630946,26.1840286,91.778354,shop,supermarket,joy guru
n,13522630948,26.184856,91.7746537,amenity,cafe,leaf duck cafe
n,13522630949,26.184856,91.7746388,amenity,restaurant,house of thukaa
n,13522630950,26.1848477,91.7747029,amenity,cafe,bordolois cafe19
n,13522630951,26.1848032,91.7746991,shop,watches,fasttrack
n,13523326210,26.1843297,91.7783461,shop,motorcycle_repair,Sunil Bike Workshop
n,13523326211,26.1841088,91.7782552,shop,yes,Ajay bhandar
n,13523326212,26.184081,91.7782599,shop,yes,Maa P.C.O
n,13523326213,26.1840733,91.7782611,shop,yes,Jay Bhandar
n,13523335481,26.1729066,91.7872414,amenity,school,Little Buddy
n,13523359192,26.1741823,91.7574288,shop,trade,ASSAM ( TRADE) AGENCIES CO.
n,13523359193,26.1739696,91.7573684,shop,wine,ROYAL STAG
n,13523359194,26.1739045,91.7573336,shop,medical_supply,BINAPANI MEDICOS
n,13523359196,26.1728364,91.756922,shop,pastry,Sweet Chariot
n,13523359197,26.1727635,91.7553288,shop,hairdresser,SANJAY PARLOUR
n,13523359198,26.1727711,91.7552377,shop,yes,RR CHICKEN SHOP
n,13523359199,26.1728682,91.7546131,shop,tailor,NEW TIP - TOP
n,13523363452,26.1135752,91.7487528,shop,medical_supply,Lokha Medishop
n,13523363453,26.1136311,91.7487414,shop,optician,Aashirwad
n,13523363454,26.1136624,91.7487338,shop,yes,Bhawani shop
n,13523363455,26.1138307,91.7486962,amenity,bank,Bank of India
n,13523363457,26.1140994,91.7486753,shop,yes,Popular store11
n,13523363458,26.1141411,91.7486679,shop,motorcycle_repair,M.B. Automobiles1
n,13523363459,26.1142227,91.748643,shop,yes,J.k. store
n,13523363460,26.1143098,91.7486431,shop,furniture,Moni Furniture House
n,13523363761,26.1852457,91.7571718,shop,clothes,KILLER X
n,13523363762,26.1852552,91.7572026,shop,clothes,Aurelia
n,13523363763,26.185255,91.7572044,shop,clothes,W
n,13523363764,26.1853331,91.7587044,shop,mobile_phone,MOBILE STAR
n,13523363765,26.1853261,91.7591243,shop,clothes,STYLE BAAZAR
n,13523363767,26.1852784,91.7599691,shop,bakery,GUWAHATI BAKERY
n,13523363768,26.1853048,91.7601269,shop,shoes,W CAMPUS
n,13523363769,26.185361,91.7603077,shop,baby_goods,babyhug
n,13523381727,26.1869648,91.7546245,shop,bakery,Puddin Tales
n,13523381728,26.1870711,91.7546221,amenity,cafe,Cafe D' Corner
n,13523381729,26.1872117,91.7546222,amenity,cafe,Barista
n,13523381730,26.1873889,91.7546052,amenity,cafe,Guwahati Heights
n,13523381731,26.187406,91.7545771,amenity,restaurant,The Atrangi House
n,13523381732,26.1873958,91.7545616,amenity,fast_food,O.S.K Burgers
n,13523381734,26.1872102,91.7539295,amenity,cafe,Maa Tea Stall
n,13523381735,26.1871819,91.7539007,shop,dry_cleaning,The Cleaning Station
n,13523381736,26.1871187,91.753739,shop,yes,Subha Enterprise
n,13523381738,26.1871973,91.7528489,amenity,restaurant,Bagurumba
n,13523381739,26.1871889,91.752798,amenity,kindergarten,St Thoma Pre Primary School
n,13523381742,26.1872101,91.7526822,amenity,restaurant,Hello Folk
n,13523381743,26.1872417,91.7524761,shop,yes,Azahar Store
n,13523381744,26.1872614,91.7523062,amenity,cafe,Hummus Lebanese Cafe
n,13523381745,26.1872706,91.7522186,shop,bicycle,Track And Trail
n,13523381746,26.1871632,91.7521948,amenity,cafe,Cafe Coffee Day
n,13523381747,26.1871549,91.7522056,shop,convenience,Quick Shoppe Express
n,13523381748,26.1870159,91.7521917,amenity,restaurant,Quick Pick
n,13523382580,26.1665525,91.7497449,shop,hardware,Harendra giri
n,13523382582,26.1671217,91.749797,amenity,place_of_worship,Gurudwara Gopinath Nagar
n,13523382583,26.1694377,91.7468431,amenity,restaurant,rabindra cabin
n,13523382584,26.1695706,91.7469254,shop,hardware,khushi enterprises
n,13523384150,26.1842129,91.778248,amenity,restaurant,Mama's Kitchen
n,13523384153,26.123417,91.8040847,shop,hairdresser,STAR SALOON
n,13523384155,26.1238342,91.804075,amenity,clinic,Dr. P.C. Deka
n,13523388553,26.1753132,91.7399827,shop,hardware,Duraroo
n,13523388554,26.1755805,91.7400095,shop,hardware,Kejriwal Pipes & hardware
n,13523388555,26.1756082,91.7400058,shop,trade,Jaya trade and agencies
n,13523388556,26.1756536,91.7399969,shop,hardware,Steel (sales) Coorporation
n,13523388557,26.1758123,91.7399887,shop,hardware,Swastika hardware agency
n,13523388558,26.1758317,91.7399881,shop,hardware,Laxmi machinery stores
n,13523388559,26.1758611,91.7399906,shop,aluminium_supplier,Chinkoi Udyog
n,13523388560,26.1758831,91.739994,shop,hardware,Pawan steel
n,13523388561,26.1759092,91.7400027,shop,hardware,Kasera Steel And Agencies
n,13523388563,26.1760095,91.7400173,amenity,hospital,Vision hospital
n,13523682202,25.7980343,93.7999615,amenity,restaurant,Park Restaurant
n,13524880510,26.7238104,94.1939521,amenity,college,College of Community Science
n,13524900484,27.5842717,94.7183264,amenity,school,"Shankardev Shishu/Vidya Niketan, Silapathar"
n,13528656001,26.412844,91.512999,amenity,hospital,Nalbari Medical College and Hospital (NMCH)
n,13531508413,26.7292921,94.213686,amenity,restaurant,Annapurna Bhojnalaya
n,13536115401,25.3762108,92.3242936,shop,agrarian,
n,13536116801,25.3731379,92.324856,shop,convenience,
n,13536116901,25.3730013,92.3249392,shop,tyres,
n,13536123901,25.3725628,92.3251182,shop,hardware,M/s SK Hardware
n,13536124101,25.3724388,92.3251485,shop,fabric,
n,13536148901,25.3691752,92.3286386,shop,hardware,
n,13536149001,25.3692964,92.3353911,shop,tyres,
n,13536149101,25.3692668,92.3368167,amenity,fuel,
n,13536184901,25.367122,92.353008,amenity,fuel,
n,13536185001,25.3671482,92.3537589,shop,fabric,
n,13536219101,25.3687867,92.3660756,amenity,fuel,
n,13536276901,25.3687867,92.3660756,amenity,fuel,
n,13536277001,25.3752845,92.3963553,shop,greengrocer,
n,13536277101,25.3755335,92.3985906,shop,hardware,
n,13536277501,25.3755524,92.3994471,shop,mobile_phone,
n,13536278801,25.3755451,92.4000984,shop,convenience,
n,13536278901,25.375515,92.4007578,shop,hardware,
n,13536279101,25.375278,92.402147,amenity,fuel,
n,13536279201,25.3763813,92.4065724,amenity,fuel,
n,13536279301,25.3774106,92.4122225,shop,bakery,
n,13536279901,25.3425291,92.4813038,shop,tea,
n,13542947205,27.0519841,95.277628,amenity,place_of_worship,Ranglua Baptist Church
n,13556093684,27.0741392,95.269894,amenity,place_of_worship,Kamukh Russa Baptist Church
n,13556378986,26.3939912,90.2661291,amenity,fuel,Indian Oil
n,13566456018,27.4856782,95.3507274,amenity,restaurant,Misti Mukh
n,13568990576,26.7257238,94.2120221,amenity,restaurant,Jupuri
n,13572991120,25.2369133,92.4892483,amenity,school,School
n,13575223288,26.7281546,94.2132379,shop,hairdresser,Manoj Hair Cutting
n,13575223289,26.727942,94.2132041,shop,electronics,Maa Kali Electronics
n,13576051235,26.5497587,90.3694609,amenity,place_of_worship,
n,13581776503,26.1216415,91.8101418,amenity,school,Kendriya vidyalaya khanapara
n,13581785601,26.3595216,92.7085913,amenity,school,PM shri kendriya vidyalaya Nagaon
n,13592881593,27.0559824,95.5971476,amenity,place_of_worship,Old Katang Baptist Church
n,13594723501,26.7244125,94.1936924,amenity,restaurant,T.D Mech Hotel
n,13595414969,26.7352794,94.213981,amenity,cafe,Karakchaa
n,13607876808,27.5401025,95.9845535,shop,agrarian,Mudoi Farm House
n,13610046512,26.9337864,95.2540191,amenity,place_of_worship,Wanu Catholic Church
n,13620021759,26.7250049,94.1987942,amenity,marketplace,Biponi Market
n,13621998577,25.5812993,91.8723599,shop,wine,L.L Wines
n,13626355718,26.7246808,94.2323525,amenity,cafe,
n,13637669360,24.3784225,93.6989121,amenity,place_of_worship,C/C MONGKOTKHOPI BAPTIST CHURCH
n,13639409448,24.4848595,93.756261,shop,car,Mahindra Showroom
n,13639409449,24.4829529,93.754918,shop,car,Punya Hyundai
n,13649882127,26.4317256,94.0855898,amenity,bank,Assam Gramin Bank Mokrong Pathar
n,13666830832,26.9876287,94.1566092,amenity,restaurant,Krishna Fried Chicken
n,13679274601,24.716583,93.8666054,shop,computer,PaariTech
n,13695283197,26.7571168,94.1974243,shop,frozen_food,ARB Enterprise
n,13713862913,26.7617468,94.2054938,amenity,fast_food,Maina Fast Food
n,13720330416,27.5690826,95.5580385,amenity,restaurant,Zambala Restaurant
n,13726847726,27.4850521,95.3632986,shop,motorcycle_repair,Jai Ho
n,13734228401,26.0395665,93.1532854,shop,grocery,Krishna Shop
n,13737123678,27.4866747,95.3769725,shop,furniture,Harsh Agencies
n,13739510555,27.4882717,95.3552514,shop,clothes,Bipani
n,13744249572,26.1569241,91.7770902,amenity,restaurant,Confucius
n,13744257465,26.1358508,91.8022009,amenity,restaurant,Confucius
n,13744257466,26.1362771,91.8024595,amenity,restaurant,Kalita Spectrum
n,13744404568,26.1806314,91.7490461,amenity,fast_food,New AC Fast Food
n,13784071038,26.7552771,94.2166539,shop,car_parts,Luxmi Scooter House
n,13784102673,24.8006239,92.7920328,amenity,place_of_worship,Meherpur Puraton Jama Masjid
n,13816789591,26.6353435,94.6447255,amenity,restaurant,Restaurant
n,13823567101,24.8397558,93.9232091,amenity,hospital,Trevi Hospital
n,13844904819,25.91781,92.9488093,shop,supermarket,Deb Brothers
n,13855081701,26.3512612,92.687428,shop,computer,HP authorised service centre
n,13859586303,26.3658031,92.7130899,amenity,hospital,Nagaon Medical College and Hospital
n,13874710311,24.9514629,94.2029407,amenity,police,Litan Police Station
n,13875454201,26.1120685,91.7450279,shop,clothes,Zudio
n,13875455601,26.112039,91.744374,shop,clothes,Fashion City
n,13875480501,26.1134572,91.7318756,amenity,bank,Bank of Maharashtra
n,13882619484,26.7223346,94.194832,amenity,fast_food,Varsity
n,13892116528,25.095393,94.3605767,amenity,place_of_worship,Ukhrul Town Baptist Church
n,13895850848,26.1133063,91.835227,amenity,place_of_worship,Ganesh Mandir
n,13895952978,25.8154966,91.8753238,shop,alcohol,Shop Open
n,13900292101,26.3533179,92.6868963,shop,mobile_phone,Samsung Customer Service
n,13900375901,26.3344145,92.6621693,amenity,hospital,Nidan Hospital
n,13917121601,25.6609719,94.1047829,amenity,place_of_worship,Durga Bari
n,13926354799,26.7554331,94.2112896,amenity,place_of_worship,Madaneswar Temple
n,13928600455,26.722155,94.1947486,amenity,cafe,Scholarz Kaffee
n,13935471973,27.5026081,95.3389913,amenity,fast_food,"A.D Fast Food, Borguri"
n,13948164995,24.9020907,93.8286787,amenity,university,National Sports University Koutruk
n,13949775301,26.140644,91.7979437,amenity,restaurant,Gogoi Pork
n,13952179095,26.7529829,94.2193277,shop,electronics,Samsung
n,13955672402,26.2538641,92.3584894,amenity,college,Morigaon College (মৰিগাঁও মহাবিদ্যালয়)
n,13955686602,26.2545556,92.3572669,amenity,college,Morigaon DIET
n,13957629901,26.276409,92.3565037,amenity,college,Morigaon Polytechnic (মৰিগাঁও পলিটেকনিক)
n,13957806501,26.2677067,92.3724029,amenity,school,Jawahar Navodaya Vidyalaya (জৱাহৰ নবোদয় বিদ্যালয়)
n,13957806601,26.2687835,92.3720866,amenity,school,Jawahar Navodaya Vidyalaya (Academy Block Office)
n,13958397301,26.2484653,92.3257639,amenity,college,GKB College (ঘনকান্ত বৰুৱা  মহাবিদ্যালয়)
n,13958404101,26.2479455,92.3220062,amenity,fuel,BHARAT PETROLEUM
n,13958405702,26.254477,92.3715373,amenity,fuel,BHARAT PETROLEUM
n,13958405703,26.2601066,92.3860006,amenity,fuel,INDIAN OIL
n,13958432701,26.2646885,92.3970498,amenity,fuel,NAYARA ENERGY
n,13958432801,26.2625754,92.3946816,shop,gas,Ujjwala Gas
n,13958437601,26.266342,92.3714413,amenity,place_of_worship,Doloichuba Rax Mandir & Anchalic Sankari Kala Bikash Kendra (দলৈচুবা ৰাস মন্দিৰ ও আঞ্চলিক শংকৰী কলা বিকাশ কেন্দ্ৰ)
n,13958448002,26.2555846,92.3614415,amenity,place_of_worship,Sonarigaon Bor Namghar (সোণাৰিগাঁও বৰ নামঘৰ)
n,13958453401,26.2666555,92.3708996,amenity,school,Doloichuba High & ME School (দলৈচুবা মাধ্যমিক বিদ্যালয়)
n,13958460001,26.2552723,92.3603523,amenity,place_of_worship,Sonarigaon Dol Mandir (সোণাৰী-গাওঁ দৌল মন্দিৰ)
n,13958466801,26.2555119,92.3582528,amenity,college,Morigaon Law College (মৰিগাঁও আইন মহাবিদ্যালয়)
n,13958474401,26.2554107,92.3864274,amenity,school,"Industrial Training Institute,(ITI) Morigaon (উদ্যোগিক প্ৰশিক্ষণ প্ৰতিষ্ঠান)"
n,13958474501,26.2549172,92.3879905,amenity,school,Dondua Secondary School (দন্দুৱা মাধ্যমিক বিদ্যালয়)
n,13958480501,26.2496175,92.3627682,amenity,college,Gurukul Academy (Senior Secondary School)
n,13958493401,26.2523747,92.3598097,amenity,place_of_worship,Sonarigaon shiv mandir & Ismoshan (সোণাৰিগাঁও স্মশান)
n,13958505401,26.2503662,92.3410649,amenity,police,Morigaon Police Station (মৰিগাওঁ আৰক্ষী নিৱেশ)
n,13958510201,26.2539351,92.3559713,amenity,police,Morigaon Police Reserve (মৰিগাওঁ আৰক্ষী চকী)
n,13958515201,26.2733932,92.4660018,amenity,fuel,NAYARA
n,13958515301,26.2164285,92.3746357,amenity,fuel,
n,13958519101,26.2164285,92.3746357,amenity,fuel,Petrol Station
n,13958522502,26.2524318,92.3428083,amenity,bank,PNB Bank
n,13958526601,26.2527875,92.3445668,amenity,place_of_worship,Morigaon Shiv Mandir (শিৱ মন্দিৰ)
n,13958529201,26.2527099,92.3441648,amenity,bank,SBI Bank
n,13961856239,26.3268862,94.5146759,shop,beauty,Salangtem Hair Cutting Salon
n,13969994873,27.4885725,95.3645553,shop,motorcycle_repair,Aash Moto
n,13975137288,26.5135336,92.2360933,public_transport,station,
n,13977291419,26.7586646,94.2051399,amenity,restaurant,Mising Kitchen
n,13988281233,26.7580542,94.2154459,amenity,restaurant,Belgian Waffle
n,13999645301,26.248959,92.3277878,amenity,place_of_worship,Mandir
n,14000346601,26.2501464,92.3328838,amenity,place_of_worship,Krishna Mandir
n,14000423301,26.2524279,92.3729027,amenity,school,Dalbari LP School (দলবাৰী মজলীয়া বিদ্যালয়)
n,14000431201,26.2555513,92.3572152,amenity,school,School
n,14000433801,26.2652641,92.3578474,amenity,place_of_worship,Saraswati mandir (দলৈছুবা সৰস্বতী মন্দিৰ)
n,14000446201,26.2570809,92.3540578,amenity,place_of_worship,"Doul Govinda, Gosbari(দৌল গোবিন্দ, গছবাৰী)"
n,14002329648,26.7250163,94.2077868,amenity,place_of_worship,Borbheta Chapori Namghar
n,14002589574,26.7246485,94.2126605,amenity,fuel,HP
n,14014419801,26.2533809,92.3487878,amenity,school,Morigaon H.S. & M.P. School (মৰিগাওঁ উচ্চতৰ মাধ্যমিক আৰু বহুমুখী বিদ্যালয়)
n,14014893477,24.1292994,92.007112,amenity,place_of_worship,Kali Mondir
n,14021294679,25.8341812,93.6655766,railway,station,Rangapahar
n,14027737402,26.1559166,91.7809501,shop,musical_instrument,Bajaao Music Store & Jampad
n,14040902503,24.8007656,92.803307,shop,perfumery,Rahman oudh and perfumes
n,14050217301,26.120803,91.7745228,amenity,restaurant,QASBAH Restaurant
n,14050910538,25.5706435,91.9120638,amenity,restaurant,Volga's Kitchen
n,14051774277,26.1219771,91.6180705,shop,supermarket,lake side mart
n,14051849381,26.5112804,93.9775944,amenity,fast_food,Tea and food shop
n,14085193586,26.18056,91.7402228,shop,jewelry,Jewelia
n,14085244228,26.174114,91.7332267,amenity,cafe,Burnout
n,14085501130,26.7189853,94.2129188,amenity,restaurant,Nongin Manipuri Kitchen
n,14093586001,27.2460867,94.1053189,amenity,clinic,Lakhimpur Polyclinic
n,14099240719,27.4816355,95.3404999,amenity,restaurant,Darbar
n,14100411801,27.4755248,94.3665609,amenity,school,Tigerguri
n,14109224433,26.1787199,91.742433,shop,jewelry,JW Gold
n,14141511101,26.1818384,91.7390966,shop,clothes,"Bimal Store, Radha Bazar"
n,14141524001,26.1817667,91.7390147,amenity,marketplace,Radha Bazar
n,14141647616,25.5970338,91.8878119,shop,convenience,Ble Shot Store
n,14144343601,25.577947,91.8777614,shop,computer,Lifeline Enterprise
n,14148180749,26.1688551,91.8263954,shop,supermarket,V K Store
n,14148639601,25.581431,91.8875985,amenity,marketplace,Polo Bazar
n,14163323702,26.1844656,91.7899365,shop,supermarket,Vishal Megamart
n,14165432793,26.1503007,91.7895683,shop,department_store,Plazzo
n,14165546166,26.1372777,91.8004499,shop,car,NEXA Bimal Auto Agency
n,14166649400,26.7399041,94.2138598,shop,butcher,Kadir Ansari Meat Shop
n,14170687001,24.8709598,92.3591989,amenity,bank,"State Bank of India, Karimganj Branch"
n,14170687101,24.8720002,92.3598937,amenity,school,Kendriya Vidyalaya Karimganj (Sribhumi)
n,14180973181,24.9499662,92.4234218,shop,sports,Titan Sports
n,14183743312,27.937767,95.2987493,railway,station,Sille
n,14189630784,24.7940978,93.6958745,amenity,police,86 battalion CRPF
n,14191628621,26.1914851,91.7542935,amenity,restaurant,Kattha Katte
n,14192061280,26.1179034,92.2024077,amenity,place_of_worship,Nepali Basti Shiv Mandir
n,14192070793,26.1193399,92.2022243,amenity,college,Jagiroad College (Autonomous)
n,14196223672,26.1422931,91.7010451,amenity,place_of_worship,Shri Radha Krishna Mandir
n,14196225400,26.1407814,91.7008536,amenity,place_of_worship,Shiv Mandir
n,14196235360,26.1400919,91.7014325,amenity,kindergarten,Happy Kitty Pre School
n,14196421473,26.1414073,91.7030815,amenity,place_of_worship,Shiv Mandir
n,14212153201,26.440441,91.62225,amenity,place_of_worship,শ্ৰীমন্ত শংকৰদেৱ সত্ৰ
n,14214092301,26.2328785,92.2888464,amenity,place_of_worship,Oujari Shiv Mandir
n,14214468001,26.2326533,92.2885611,amenity,place_of_worship,Shani Mandir
n,14214472801,26.2229563,92.2745795,amenity,hospital,Morigaon Medical College & Hospital
w,52435139,26.189564292079204,91.69434779504951,amenity,university,Indian Institute of Technology Guwahati
w,83588849,27.360124,95.32694868333334,amenity,school,Oil India Higher Secondary School
w,83893339,27.369213659999996,95.3115359,amenity,school,Uttar Zaloni Primary School
w,83987940,27.338064579999998,95.32184692,shop,car,
w,83990443,27.35845802,95.33501024,amenity,school,Uccha Vidyalaya
w,83990447,27.357430320000002,95.3343921,amenity,bus_station,Duliajan New Bus Station
w,87036323,27.359073790000004,95.32382336,amenity,hospital,Duliajan OIL Hospital
w,87352126,27.4977292,95.36477204,amenity,college,Tinsukia College
w,122141326,25.566198077777777,91.89396594444445,amenity,bank,Reserve Bank of India
w,122522987,25.566229,91.8915322,amenity,fuel,Peak Petrol Pump
w,129818618,27.08590392,93.60902875,amenity,hospital,"Ramakrishna Mission Hospital, Lower Subansiri"
w,132319453,25.589175196428574,91.90533448214286,amenity,school,
w,132967748,27.698048319999998,91.71585812000001,amenity,place_of_worship,Gorsam Chorten
w,144195802,26.1919234,91.75566976,amenity,marketplace,Uzanbazar
w,155832387,27.131550952173914,93.74114266086957,amenity,university,
w,156761605,27.13179969,93.74277615,amenity,university,Centralised Library
w,156761695,27.125986041666664,93.73991305833334,amenity,university,ECE/ EE/ CSE department (NERIST)
w,157043608,27.125838525000002,93.7401144375,amenity,university,
w,157465226,27.1486986,93.71714463999999,amenity,university,National Institute of Technology - NIT Arunachal Pradesh
w,157582181,27.15264797272727,93.76437003636363,amenity,university,Rajiv Gandhi University - RGU Doimukh
w,157586070,26.166664320000002,91.70522783999999,amenity,place_of_worship,কামাখ্যা দেৱালয়
w,221491263,26.183617309090906,91.70090389090909,amenity,school,Faculty Higer Secondary School
w,222979991,26.11456868888889,91.79282465555555,amenity,college,Beltola college
w,222979992,26.11630939090909,91.7223313090909,amenity,bus_station,Inter State Bus Terminal
w,222979993,26.120510760000002,91.78663945999999,amenity,place_of_worship,Kali Mandir
w,222979996,26.14498684,91.79174948,amenity,bank,State Bank of India
w,222980020,26.115472999999998,91.72379287999999,amenity,fuel,
w,224011409,26.109268985,91.721920235,amenity,school,"Delhi Public School, Guwahati"
w,224011431,26.116692675,91.7251491,amenity,place_of_worship,Purva Tirupati Sri Balaji mandir
w,229771031,26.755711939999998,94.19605186,amenity,place_of_worship,Tarajan Sammilan Pujamandir
w,248275380,25.9069805,93.729736425,amenity,bus_station,Nagaland State Transport Bus Station (NST)
w,259047455,26.47812373076923,90.30114091538462,amenity,college,CIT Kokrajhar
w,261074468,26.1598889,91.7669148,amenity,hospital,GMCH Emergency Centre
w,262706115,26.33109727777778,94.5520064962963,amenity,college,Fazl Ali College
w,262864829,26.325869833333332,94.5147207,amenity,marketplace,New Market
w,262879659,26.324143730000003,94.51861410000001,amenity,police,PS-2
w,262897171,26.322499944444445,94.51180436666667,amenity,marketplace,Yongpang Market
w,263228891,26.32722498,94.5257879,amenity,place_of_worship,Chapel
w,263228895,26.32577745,94.50980155,amenity,college,People's College
w,263228899,26.32832414,94.51043968,amenity,place_of_worship,Aongza Fellowship Church
w,266142080,26.3908329,94.54078464285715,amenity,school,Clark Memorial Higher Secondary School
w,266142081,26.38923525,94.54465944166667,amenity,hospital,Impur Christian Hospital
w,266478062,26.292847128571427,94.48372621428572,amenity,college,Clark Theological College
w,266480036,26.224840908333334,94.476466275,amenity,university,Nagaland University Lumami
w,266488635,26.27155512,94.47768615999999,amenity,college,Institute of Communication & Information Technology
w,267338471,26.18572572,91.7737823,shop,supermarket,
w,267338527,26.18619148,91.77344072,shop,supermarket,S1
w,275644211,25.566679966666666,91.8957162,amenity,place_of_worship,
w,275646759,25.56729763076923,91.88986048461538,amenity,school,
w,275869228,25.568544492105264,91.89122184473683,amenity,place_of_worship,Grotto Chapel
w,275869237,25.56823982,91.8915719,amenity,place_of_worship,Grotto Chapel
w,275869242,25.57113547777778,91.89745272222223,amenity,restaurant,Appa's Thali & Natz
w,275873440,25.566903789473685,91.87949845789474,amenity,clinic,Laban Red Cross
w,275919973,25.569375299999997,91.89222467857142,amenity,school,
w,275950388,25.57293312,91.89291926,amenity,college,Shillong College
w,278789304,25.569443915384618,91.8846187076923,amenity,place_of_worship,All Saints Cathedral
w,278820821,25.566214083333335,91.90112858333333,amenity,hospital,Bethany Hospital
w,279102685,25.568179566666668,91.89984011111112,amenity,place_of_worship,Laitumkhrah Presbyterian Church
w,279323529,25.56930418181818,91.89776893636363,amenity,marketplace,Laitumkhrah Bazar
w,279682724,25.570771307999998,91.889269616,amenity,college,Mass Communications Dept.
w,279682765,25.571201860000002,91.8891841,amenity,place_of_worship,Mizo Church
w,279684737,25.564131344444448,91.87717301111111,amenity,place_of_worship,
w,281310051,25.5690458,91.88485256666667,amenity,school,All Saints Diocesan High School
w,281318863,25.57936179411765,91.88183105882352,amenity,police,Shillong Sadar Police Station
w,281484349,25.57011762,91.88954444,amenity,college,St. Anthony's College
w,289681591,26.128901000000003,91.80636754,amenity,fuel,NRL PETROL PUMP
w,289681592,26.17861568,91.75806042,amenity,college,B Borooah College
w,289681700,26.180794614285713,91.7762909,amenity,college,Gauhati Commerce College
w,289681879,26.185327924,91.776444712,amenity,college,Assam Engineering Institute
w,292256954,25.577888416666667,91.88029823333333,shop,mall,Dreamland
w,292257030,25.5776778625,91.88334818749999,shop,supermarket,Vishal Mega Mart
w,301149232,26.159746239999997,91.77340081999999,amenity,place_of_worship,Ananda Nagar Unnayan Samiti Namghar
w,301150615,26.159841219999997,91.77312676,amenity,school,Dispur Model Primary School
w,311490851,24.62422042,94.01605456,amenity,school,Khangabok High School
w,311490967,24.6251988,94.01254422,amenity,hospital,Thoubal District Hospital
w,314256188,26.331019570000002,94.55249556,amenity,school,Mountain Home School
w,314256191,26.331107975000002,94.5538404375,amenity,place_of_worship,Union Church
w,335701764,25.575970044444446,91.87674676666667,amenity,bus_station,
w,343022668,25.612550477477477,91.90115032522523,amenity,university,North Eastern Hill University
w,343212647,25.60711809,91.8950741,amenity,school,Kendriya Vidyalaya (NEHU)
w,344450820,25.57980346,91.87724976,amenity,place_of_worship,Mawkhar Presbyterian Church
w,344537987,25.567770205,91.86750774,amenity,school,Army School
w,344537991,25.569884733333335,91.87134075,amenity,place_of_worship,Rilbong Durga Pujo Mandap
w,344541796,25.5771299,91.8835002,amenity,bus_station,MTC Bus station
w,345602981,25.584334976470586,91.88239285882352,amenity,hospital,108 Emergency
w,348683035,26.69922759090909,92.83236876969697,amenity,university,Tezpur University
w,357356352,27.103418499999997,93.69171564,amenity,hospital,Arunachal State Hospital
w,357361565,27.10750134,93.69347664,amenity,police,Police Station
w,357362055,27.10685378,93.6936663,amenity,marketplace,Super Market
w,357362783,27.10317666923077,93.68793443846154,amenity,school,Kendriya Vidyalaya No. 1
w,357363690,27.101303480000002,93.69071372,shop,mall,Max Mart
w,357364065,27.09820297,93.67245805,amenity,school,Royal International School
w,357365248,27.09853212352941,93.67126584705883,amenity,school,Oju Mission School
w,357366475,27.103521275,93.694360975,amenity,place_of_worship,Kali Bari
w,357366847,27.103289328571428,93.6940014,amenity,place_of_worship,Nyadir Namlo
w,357368985,27.102974508333332,93.69509199166667,amenity,place_of_worship,Baptist Church
w,357369150,27.102613466666668,93.69771160833334,amenity,place_of_worship,Revival Church
w,358944891,26.761529463636364,94.21101789090909,amenity,marketplace,Chowk Bazar
w,358944900,26.716684742857144,94.2103715,amenity,school,Don Bosco Higher Secondary School
w,358944901,26.753801366666664,94.21209743333333,shop,department_store,Doss and Co.
w,358944902,26.7608301,94.21532581764706,amenity,marketplace,Gar-ali
w,358944903,26.758586921052633,94.21585644736842,amenity,marketplace,Gar-ali
w,358944904,26.755753055000003,94.21752931500001,amenity,marketplace,Gar-ali
w,358944905,26.759542775,94.21560276,amenity,marketplace,Gar-ali
w,358944906,26.75724105,94.21687734285715,amenity,marketplace,Gar-ali
w,358944911,26.757204271428574,94.20460798571428,amenity,college,Jagannath Barooah College
w,358944918,26.75707104,94.20949996,amenity,school,Jorhat Govt. Boys Higher Secondary School
w,358944920,26.759456483333334,94.20471553333334,amenity,school,Jorhat Govt. Girls Higher Secondary School
w,358944929,26.742440051898733,94.19577587468353,amenity,hospital,Jorhat Medical College and Hospital(JMCH)
w,358944931,26.75502702,94.21140812000002,amenity,police,Jorhat People Friendly Police Station
w,358944937,26.759621720000002,94.20734292,shop,supermarket,Jorhat Unnayan Bhawan
w,358944967,26.75972792857143,94.21225655714285,amenity,marketplace,Mitha Pukhuri/ Thana road area/Babupatty
w,358944969,26.755051823529413,94.21426313529412,amenity,marketplace,Mitha Pukhuri/ Thana road area/Babupatty
w,358944971,26.756975299999997,94.21340318823529,amenity,marketplace,Mitha Pukhuri/ Thana road area/Babupatty
w,358944972,26.75861484736842,94.21252707894736,amenity,marketplace,Mitha Pukhuri/ Thana road area/Babupatty
w,358944998,26.753348758333335,94.21751551666667,amenity,college,Prince of Wales Polytechnic
w,358945003,26.760848325,94.20660695,amenity,school,Sankardev Seminary School
w,359656496,26.7595606,94.20598603888888,amenity,bus_station,Assam State Transport Corporation
w,361827963,24.754949969230772,92.78694303846154,amenity,school,
w,363651727,26.192432453333332,91.6993281,amenity,restaurant,Food Court
w,366028703,24.807576083333334,93.95674176666667,amenity,fuel,Porompat Petrol Pump
w,366031238,24.806779900000002,93.95362527142858,amenity,school,Ananda Academy School
w,366032111,24.80672084,93.95913392,amenity,police,Porompat Police Station
w,366032812,24.80363226,93.95552673,amenity,school,Thamchet Girls' Junior High School
w,366040096,24.80306098,93.9507754,amenity,fuel,Kusum Petrol Pump
w,366108711,25.593879222222224,91.88304802222223,amenity,place_of_worship,
w,366223365,24.81732778,93.9559567,amenity,fuel,NRL Petrol Pump
w,373898128,26.745824640000002,94.21273946,amenity,fuel,
w,374049338,26.7479761,94.21287079999999,shop,confectionery,Breakfast
w,374052383,26.75085119166667,94.210541825,amenity,school,Jorhat deaf & dumb School
w,374052385,26.750225089999997,94.2116374,amenity,college,Jorhat College
w,374052387,26.749563642857144,94.21161915714286,amenity,college,Jorhat Law College
w,374071988,26.75694838,94.20981886,amenity,school,Jorhat Govt Boys Playground
w,374077266,26.754124408333336,94.21928660833333,amenity,marketplace,Gar-ali
w,374077267,26.754953146153845,94.2181700846154,amenity,marketplace,Gar-ali
w,374718558,27.487348616666665,95.35498975,amenity,marketplace,Daily Bazaar
w,388101403,24.81824515,92.797737,amenity,hospital,Silchar Civil Hospital
w,388264990,24.827109592307693,92.8029263076923,amenity,school,Govt Boys HS School
w,388929564,24.82344264,92.80217122,amenity,police,Sadar Thana
w,388929567,24.77602905263158,92.7976713631579,amenity,hospital,Silchar Medical College and Hospital
w,388929568,24.786366533333332,92.79447835,amenity,college,Silchar Polytechnique
w,388929569,24.788886712500002,92.79730565,amenity,hospital,Silchar Cancer Hopspital
w,388930258,24.807693566666668,92.79886578333333,amenity,school,Holy Cross School
w,388930395,24.822222779999997,92.79534318,amenity,school,Oriental School
w,388931991,24.82932389230769,92.75165485384615,amenity,bus_station,Inter State Bus Terminus (ISBT)
w,388932225,24.836756466666667,92.80209723333333,amenity,hospital,Mediland Hospital and Research Centre
w,389363495,26.837322225,92.80656002500001,amenity,marketplace,
w,393657572,26.158108579999997,91.70389462,amenity,bank,State Bank of India
w,406944598,26.754974920000002,94.20550372,amenity,college,JB College Commerce Dept
w,408808907,26.7612524,94.20541141999999,amenity,place_of_worship,Jagya Mandir
w,418543947,25.581892619999998,91.8946525,amenity,restaurant,
w,420585439,27.57438381111111,91.52394635555555,amenity,place_of_worship,Barnang Gompa
w,424895467,25.2797771,94.30558957999999,amenity,place_of_worship,
w,424895468,25.486227,94.23539296,amenity,place_of_worship,
w,424896135,25.2746391,94.03260044,amenity,place_of_worship,
w,424896136,25.47628906,94.14783917999999,amenity,place_of_worship,
w,424896137,25.36950748,94.22695868,amenity,place_of_worship,
w,437775554,27.50506042,95.32587387999999,amenity,school,
w,440892280,26.860461620000002,90.26675657999999,amenity,place_of_worship,Sarpang Zangdopelri Stupa
w,440893348,26.879502775000002,90.337591225,amenity,school,Dekiling Middle Secondary School
w,440893482,26.883154960000002,90.33593888,amenity,place_of_worship,Dekiling Lhakhang
w,442021404,26.794031159999996,91.50284054,amenity,fuel,Petrol Pump
w,451565841,27.543778781818183,93.82166281818182,amenity,school,"Government Higher Secondary School, Ziro"
w,451566625,27.539065060000002,93.82200828,amenity,hospital,Government Hospital
w,451567560,27.573981429999996,93.84802803,amenity,school,Vivekananda kendra Vidhyalaya
w,458429369,27.08807373333333,93.61010853333333,amenity,bus_station,Arunachal pradesh State transport bus station
w,458436665,27.08186768,93.60654733999999,amenity,place_of_worship,Theravada Buddhist Temple
w,458439224,27.0900905,93.6147186375,amenity,fuel,Ganga Petrolpump
w,461736336,26.61692882,92.79690774000001,amenity,place_of_worship,Ganesha Temple
w,461736638,26.634225859999997,92.79633368,amenity,place_of_worship,Mahabhairab Mandir
w,467949643,26.704355600000003,93.1527671,amenity,place_of_worship,Shankarev naamghar
w,468909095,27.601500847058823,93.82475478235294,amenity,school,
w,468920705,27.597137841176473,93.83393618823528,amenity,place_of_worship,Town Church
w,475138491,26.09601466,94.25701222000001,amenity,place_of_worship,
w,492497424,25.5718414,91.85771921666667,amenity,place_of_worship,Nongkseh Presbyterian Church
w,492497591,25.571788085714285,91.85329462857143,amenity,place_of_worship,Umlyngka Presbyterian Church
w,492500069,25.8825262,91.88278216,amenity,restaurant,Sweet Day
w,494667503,25.898771049999997,91.88303641666666,amenity,place_of_worship,Nongpoh Presbyterian Church
w,494668025,25.900281294117647,91.8779540117647,amenity,hospital,Bethany Hospital Outreach
w,495361219,25.568929618181816,91.85798242727273,amenity,college,
w,495440766,25.908178736363638,91.88016106363636,amenity,school,St. Paul Secondary School
w,499222278,25.217188139999998,91.72377238,shop,ticket,Entrance fee 20 rupees
w,499244527,25.284868885714285,91.7168152,amenity,school,Ramakrishna Mission LPS School
w,501920098,26.121886529411764,91.80393152941176,amenity,school,beltola high school
w,507428055,27.586591635714285,91.85737237142858,amenity,place_of_worship,Tawang Monastery
w,507428061,27.58759506,91.85777723999999,amenity,place_of_worship,
w,510456879,27.103211260000002,93.62608292,amenity,place_of_worship,Gompa
w,510467016,27.093847340000003,93.62088503999999,shop,mall,BB Plaza
w,513813448,27.200108030000003,92.47451371,amenity,place_of_worship,Singchung Gompa
w,513813451,27.202259384615385,92.47966660384616,amenity,school,Singchung Kendriya Vidyalaya
w,517443619,26.112546960000003,91.66024073999999,amenity,place_of_worship,Bhangra Mandir
w,517462550,26.1119417375,91.6826256125,amenity,school,Assam institute of Management
w,517462558,26.111501490000002,91.6850907,amenity,university,Insitute of Advanced Study in Science and Technology
w,518201147,26.1193914125,91.68216124375,amenity,school,Pragjyotisch Senior Secondary School
w,518254635,26.1443873,91.66208251333333,amenity,university,Assam Engineering College
w,518568490,26.10046016,91.61305442,shop,sports,Decathlon
w,519318359,26.128679869999996,91.67462227,amenity,place_of_worship,Sri Sri Somnath Temple
w,519643717,27.070598466666667,93.59643458333333,amenity,school,Kendriya Vidyalaya No. 2
w,519646287,27.08351694285714,93.60039427142858,amenity,school,Gyan Ganga Vidyapeeth School
w,520532564,27.103206,93.62647914,amenity,place_of_worship,
w,520538963,27.06784988,93.5973525,amenity,school,VKV Itanagar
w,524422183,25.18483978333333,91.26069423333333,amenity,marketplace,Lawrergor Bazar
w,524422195,25.19304454,91.16534521999999,amenity,marketplace,Lakma Bazar
w,531373543,25.13607672,92.12270957999999,amenity,police,Jaintiapur Police Station
w,531373726,25.17832586,92.05733316,amenity,place_of_worship,নলজুরি জামে মসজিদ
w,532178252,25.520017539999998,89.85298874,amenity,school,Bar Banda Govt Primary School
w,540155918,25.17817406,90.33954294,shop,yes,TIRTHO ENTERPRISE
w,540156401,25.17623346,90.32166832,shop,mall,মাজরাকুড়া বাজার
w,540413022,27.667202279999998,95.86598183999999,amenity,place_of_worship,Pariyatti Sansana Buddhist Vihara
w,545451857,26.3485228,92.68511694285714,amenity,college,Nowgong College
w,545461893,26.3490753,92.68173390833333,amenity,bank,"State Bank of India, Regional Business Office"
w,545463250,26.35154461428571,92.68383992857142,amenity,school,Nagaon Govt Boys Higher Secondary School
w,545831551,26.1625098,91.69185348333333,amenity,place_of_worship,Restcamp Kalibari Kali Temple
w,548494974,24.830330216666667,92.7932694,amenity,marketplace,
w,548494976,24.755420809375,92.78752283125,amenity,university,National Institute of technology - NIT Silchar
w,554644628,25.21967626,91.66397443999999,amenity,place_of_worship,Sts. Peter and Paul Church
w,554651406,25.2185042,91.66098314,amenity,cafe,
w,554651409,25.217728240000003,91.66448366,amenity,place_of_worship,Sohsarat Presbiterian Church
w,554672534,25.24093578,91.6816419,amenity,place_of_worship,
w,554672535,25.24054976,91.679573,amenity,place_of_worship,
w,554749537,25.25979432,91.59469204,amenity,place_of_worship,
w,554955908,25.35010298,91.74971194,amenity,place_of_worship,
w,554955912,25.27112624,91.68975524,shop,gift,
w,554955913,25.20062118,91.63147532,amenity,place_of_worship,
w,555536213,25.284477835294116,91.72158105882352,amenity,marketplace,Sohra Market
w,556878334,25.20837368,91.89312371999999,amenity,place_of_worship,
w,556878346,25.23229536190476,91.80975843333333,amenity,hospital,
w,556878347,25.2319639,91.81012634,amenity,hospital,
w,556878348,25.2320564,91.80986522,amenity,hospital,
w,556878349,25.23207794,91.81000232,amenity,hospital,
w,556878350,25.23222348,91.81009062000001,amenity,hospital,
w,556878365,25.25570197126437,91.74467972413792,amenity,college,NIT Meghalaya
w,557825116,25.18383844,92.03192978,amenity,police,Border Security Force
w,557825118,25.18306878,92.03238102,amenity,police,Tamabil Immigration Police Check Post
w,558368072,25.255302620000002,91.70403474,amenity,place_of_worship,
w,560920221,27.595394590909088,91.86979414545455,amenity,bank,State Bank of India
w,564616788,26.14516170769231,91.79269836153846,amenity,bank,State Bank of India
w,564616790,26.142027875,91.8207978125,amenity,school,
w,564616793,26.14138626,91.82001249999999,amenity,place_of_worship,Nuapara Masjid
w,564697269,26.13842475263158,91.8000951263158,shop,mall,Pantaloons
w,565358471,26.15524353076923,91.78226256153845,shop,mall,"City Centre Mall, Guwahati"
w,565369267,26.165438039130436,91.77940755217392,shop,mall,Central Mall
w,565369271,26.16289976666667,91.7804296,shop,clothes,Aurelia
w,565369272,26.163270360000002,91.7803594,shop,clothes,W For Woman
w,567759729,27.50229762727273,95.33338213636362,amenity,college,I.T.I Ground
w,567953540,25.29892348,91.5834822,amenity,place_of_worship,Mawsynram Presbyterian Church
w,567953541,25.29779454,91.58439652,amenity,place_of_worship,Mawsynram Church of God
w,567953548,25.27766516,91.61001818,amenity,place_of_worship,
w,567959051,25.30116888,91.55852288,amenity,place_of_worship,
w,569161697,27.431063729999998,96.02593372,amenity,school,Government Higher Secondary School Kharsang
w,574857579,26.18806718888889,91.74115003333333,amenity,place_of_worship,Sukreshwar Mandir
w,574857580,26.18787028,91.74133463999999,amenity,place_of_worship,
w,574857583,26.188176079999998,91.741054995,amenity,place_of_worship,
w,586968735,24.781422375,93.9392413,amenity,restaurant,D-Box Cafe
w,588540890,25.57484364,89.87009024,amenity,school,Behularchar Govt Primary School
w,588785845,26.62501524,92.79614334,amenity,marketplace,Chowk Bazaar
w,588970726,25.444591780000003,89.83567782,amenity,marketplace,Baliyamari Border Hat India-Bangladesh
w,589387097,25.629652599999996,89.87214444,amenity,place_of_worship,Char Boalmari Moddhopara Jame Mosque ( চর বোয়ালমারি মধ্যপাড়া জামে মসজিদ )
w,589410682,25.50038808,89.84729672,amenity,school,Jhar Bari Govt Primary School
w,589604743,25.605795339999997,89.87491628000001,amenity,clinic,কমিউনিটি ক্লিনিক
w,589794229,25.51242842,89.86030828,amenity,place_of_worship,
w,589810548,25.56251944,89.8657895,amenity,place_of_worship,khatiya mathhi jame mosque
w,589827074,25.51243082,89.85176052,amenity,place_of_worship,Chuliyar Char Jame Mosque
w,590951489,25.70611568,89.84111184,amenity,marketplace,
w,590951496,25.704069679999996,89.8449366,amenity,school,
w,591115281,25.5202194,89.85284292,amenity,place_of_worship,Nama Bar Banda Jame Mosque
w,591115512,25.512964840000002,89.85176644,amenity,school,Chuliyar Char Govt Primary School
w,591115514,25.51283356,89.84994842,amenity,marketplace,Chuliyar Bazar
w,591115518,25.51283786,89.849727,amenity,school,Chuliyar Char Hafijia Madrasa
w,591115519,25.51285236,89.8494829,amenity,place_of_worship,Chuliyar Char Jame Mosque
w,591115532,25.51274118,89.84949884,amenity,clinic,Chuliyar Char Community Clinic
w,591118196,25.51273656,89.85032202,amenity,school,Private B K Srijonsil School
w,591118983,25.52657848,89.847069,amenity,place_of_worship,East Ezla Mari Jame Mosque
w,591311813,25.548231,89.86322786,amenity,place_of_worship,bamoner char nowda para mosque and tea stall
w,591875223,25.53956246,89.84929008,amenity,place_of_worship,char fulbari eid gah field jame mosque
w,592029667,25.5264105,89.85076008000001,amenity,place_of_worship,Char Barobanda Jame Mosque
w,592029671,25.526728979999998,89.85044112,amenity,school,Char uttar Barbanda Govt Primary School
w,592277660,25.51600706,89.8469736,amenity,place_of_worship,Bar Banda Jame Mosque
w,592277664,25.519900461538462,89.85296596923078,amenity,place_of_worship,Barbanda Eid Gah Mathh
w,592277666,25.5175262,89.85755392,amenity,place_of_worship,Nourth Barbanda Jame mosque
w,592277667,25.514231799999997,89.85872214000001,amenity,school,Borai Bari Govt Primary School
w,592277669,25.51350368,89.85546716,amenity,place_of_worship,Borai Bari Jame Mosque
w,592425064,25.500144890909095,89.84719528181819,amenity,place_of_worship,Jhao Bari Eid Gah Mathh
w,592425065,25.49725212,89.85093546,amenity,place_of_worship,Jhao Bari Jame Mosque
w,604687786,27.443115260000003,96.02835548,shop,yes,
w,604687787,27.4427147,96.02774226,shop,yes,
w,604687788,27.442809540000002,96.02807592,shop,yes,
w,604687793,27.444090640000002,96.02861432,amenity,school,Government Middle School Kuttom
w,604687798,27.43567058,96.02647060000001,amenity,place_of_worship,Rangfra Worship Hall
w,618204345,27.750048400000004,95.05263802,amenity,hospital,
w,618204351,27.76191415,95.05970220714286,amenity,university,"Tezpur University, Jonai Campus (under construction)"
w,618206222,27.77198101428571,95.06155681428572,amenity,school,"Adarsha Vidyalaya, Murkongselek"
w,618206226,27.774704199999995,95.06194014,amenity,police,13th APBN
w,618206959,27.75527336,95.07214361999999,amenity,hospital,Laimekuri
w,618209462,27.7527093625,95.0737560125,amenity,school,Laimekuri Higher Secondary School
w,621468345,25.634174259999998,89.87675838,amenity,place_of_worship,Char Boalmari Uttarpara Eidgah Ground ( চর বোয়ালমারী উত্তর পাড়া ঈদগাহ মাঠ )
w,626634583,27.176675499999998,94.91515018,amenity,college,Moran College
w,638488504,27.0242517,93.91480323333333,amenity,hospital,Veterinary Hospital
w,653926432,26.0221626,89.98521564,amenity,bus_station,
w,656740888,26.66310444,95.22055954,amenity,place_of_worship,
w,657782637,26.12684572857143,91.74865262857143,amenity,school,Don Bosco School
w,662170089,24.831958919999998,93.91295457999999,amenity,university,"National Institute of Technology, Manipur"
w,662370597,24.62016436,93.75979774,amenity,place_of_worship,Vishnu Temple
w,662494890,24.7548104,93.929297375,amenity,university,Manipur University
w,662494891,24.81656786,93.92245496,amenity,hospital,Regional Institute of Medical Sciences
w,662494915,24.81266723076923,93.8904699,amenity,university,"Central Agricultural University, Imphal"
w,662931043,26.68005887142857,92.65364348571428,amenity,hospital,Tezpur Medical College and Hospital
w,663302979,26.485705025,91.456820375,amenity,university,Kumar Bhaskar Varma Sanskrit and Ancient Studies University
w,664776008,24.62674361,93.75767721,amenity,school,
w,665435578,24.824809440000003,93.94782760000001,amenity,bus_station,Bus Terminal
w,665527359,24.850910866666666,93.93252208333332,amenity,place_of_worship,St. Joseph's Cathedral
w,665563325,24.797962339999998,93.9483887,amenity,place_of_worship,Shree Govindajee Temple
w,665563432,24.81220116,93.92915276,amenity,hospital,Imphal Hospital and Research Centre
w,665870441,24.804999576190475,94.03537263333334,amenity,place_of_worship,Sanamahi Kiyong Temple
w,666548652,25.149503099999997,93.14830406,amenity,place_of_worship,Mahādeo Tila
w,666548691,25.161914000000003,93.02274788,amenity,place_of_worship,
w,666548711,25.174081728571426,93.00289889999999,amenity,place_of_worship,Fiangpui Church
w,666548730,25.15774142,93.02183762000001,amenity,place_of_worship,
w,666613435,24.687931664285713,92.75018364285714,amenity,university,Assam University
w,666622185,25.87043966,93.75964301,amenity,hospital,Christian Institute of Health Sciences and Research Hospital
w,667404557,24.99392322,93.4997303,amenity,place_of_worship,
w,668560792,26.73475021666667,94.00496586666667,amenity,place_of_worship,Negheriting Shiva Doul
w,669013683,26.24309921111111,91.52636646666666,amenity,place_of_worship,Hayagriva Madhava Temple
w,669204328,25.840411033333332,93.437978,shop,supermarket,Vishal Mega Mart
w,669562104,26.97649249,93.66182898,amenity,school,Kokila Middle School
w,669562107,27.07048544375,93.626888675,amenity,school,HIM International School
w,669564187,27.074986607142854,93.60605236428572,amenity,college,Rajiv Gandhi Polytechnic College
w,671096044,27.5966033,95.5583991,amenity,college,Doomdooma College
w,671096047,27.59251895,95.55852045,amenity,school,St Mary's School
w,671096050,27.591552185714285,95.55733344285714,amenity,school,Don Bosco School
w,671103558,25.652398185714283,94.10471275714285,amenity,place_of_worship,Cathedral of Mary help of Christans
w,671103561,25.666063316,94.07439458,amenity,college,Kohima Science College
w,671228277,25.75148587857143,93.858909425,amenity,college,School of Agricultural Sciences and Rural Development - SASRD
w,680445077,25.247675899999997,91.67775424,amenity,place_of_worship,
w,680445111,25.28061208,91.72326978000001,amenity,place_of_worship,
w,680445112,25.28160074,91.72315298000001,amenity,place_of_worship,Don Bosco Shrine
w,683716439,25.5747248125,91.88672803749999,amenity,restaurant,Cafe Lakeside
w,688234662,24.80093996,93.94078551999999,amenity,bank,
w,688236301,24.805423283333337,93.91395041666665,amenity,college,CENTRAL INSTITUE OF PLASTICS ENGINEERING AND TECHNOLOGY
w,690533895,24.82048264,93.94035054,amenity,college,
w,709843297,25.754897640000003,93.18025148666668,amenity,school,
w,709846430,25.74899401,93.17901278000001,amenity,school,Railway Higher Secondary School
w,709849968,25.744449181818183,93.18316567272727,amenity,school,Kendriya Vidyalaya Lumding
w,724683764,25.67263922,94.01641476,amenity,place_of_worship,Baptist Church
w,724684418,25.67265536,94.01713670000001,amenity,place_of_worship,CRC Church
w,724685817,25.674740200000002,94.01917704,amenity,place_of_worship,Catholic Church
w,728737240,25.747778999999998,93.17858154444444,amenity,school,Primary Sec. Rly. HSSchool
w,734707527,25.757841166666665,93.17727441666666,amenity,place_of_worship,
w,735410640,26.4374443375,92.03658555,amenity,hospital,Mangaldoi Civil Hospital Blood Bank
w,735440614,26.510007125,93.9650005125,amenity,hospital,Kushal Konwar (KK) Civil Hospital Complex
w,736461152,26.15398602,91.78116172,amenity,hospital,Apollo Hospitals
w,737664433,27.709764433333333,91.72689583333333,amenity,place_of_worship,
w,738302618,26.15941522,91.76864049999999,amenity,hospital,GMC HOSPITAL
w,738302621,26.14512038,91.78553417999998,amenity,hospital,Advance Neuro Science Hospital
w,738302633,26.435592692307694,92.03421976153847,amenity,clinic,Mangaldol Poly Clinic
w,738302663,27.486604699999997,95.35187764,amenity,hospital,City Hospital and Research Centre
w,738460962,27.282294553846153,95.36673070769231,amenity,place_of_worship,Namphakey Buddhist Monastery
w,740874466,25.675745266666667,94.10928457777777,amenity,police,North Police Station
w,740874628,25.663981411111113,94.09885551111113,amenity,police,SP Office
w,740875250,25.659533099999997,94.11101564,amenity,place_of_worship,AG Ao Church
w,740875754,25.662304740000003,94.10564846,amenity,place_of_worship,Lotha Baptist Church
w,740875892,25.66490738,94.1021204,amenity,place_of_worship,Nepali Baptist Church
w,740876347,25.67308274,94.10864944,amenity,place_of_worship,Union Baptist Church
w,740876348,25.676728320000002,94.11152208,amenity,place_of_worship,Revemburg Chapel
w,740876349,25.677100860000003,94.11206004,amenity,place_of_worship,Baptist Mission Church
w,740876350,25.6772822,94.11539789999999,amenity,place_of_worship,Khedi Baptist Church
w,740876351,25.679546366666667,94.11866839999999,amenity,place_of_worship,Christ King Church
w,740877497,25.684684635714287,94.10546438571428,amenity,place_of_worship,Central Baptist Church
w,740877498,25.689423740000002,94.09794600000001,amenity,place_of_worship,Peraciezie Baptist Church
w,741143581,25.72167508,94.10775364,amenity,place_of_worship,Shisha Hoho
w,741147295,25.67488426,94.11125674,amenity,place_of_worship,Chakhesang Baptist Church
w,741349977,25.66961601111111,94.09710358888888,amenity,place_of_worship,CRC Church NHK
w,741579867,25.671495433333334,94.06948012222223,amenity,place_of_worship,Jotsoma Baptist Church
w,741580085,25.67490872222222,94.06163038888889,amenity,place_of_worship,Catholic Churcj Jotsoma
w,741580641,25.65180406,94.02314806,amenity,place_of_worship,Khonoma Baptist Church
w,741580642,25.649709926666667,94.02651558666666,amenity,place_of_worship,Catholic Church Sechuma
w,741581111,25.709210180000003,94.03776248,amenity,place_of_worship,Catholic Church
w,741581113,25.7103176,94.03940298888888,amenity,place_of_worship,Pentecostal Churcj
w,741581692,25.713673019999998,94.03770468,amenity,place_of_worship,Baptist Church
w,741582178,25.77806238,93.9222714,amenity,place_of_worship,Pherima Baptist Church
w,741582179,25.7678446,93.88353546666667,amenity,place_of_worship,Medzipema Baptist Church
w,741582180,25.761112680000004,93.88396636,amenity,place_of_worship,Town Baptist Church 'B'
w,741582181,25.762244622222223,93.88726191111111,amenity,place_of_worship,"Town Baptist Church ""A"""
w,741582182,25.75985047777778,93.88313445555555,amenity,marketplace,Medziphema Town Market
w,741582183,25.75995004,93.88333114,amenity,marketplace,Medziphe Market
w,741582184,25.7575198,93.88516366,amenity,place_of_worship,"Medziphema Town Baptist Church ""C"""
w,742447131,27.308559279999997,95.31909492,amenity,place_of_worship,
w,742827978,27.262686884615388,94.01918076923077,amenity,school,Jeevan Jyoti Grace Academy
w,744219903,25.673634720000003,94.10823589499999,shop,mall,Kohima Super Market
w,744221492,25.67391294210526,94.10681771578948,amenity,place_of_worship,Sumi Baptist Church
w,744221495,25.669890400000003,94.10850965714285,amenity,bank,"SBI, Main Branck"
w,744503298,25.90835028,93.72027763999999,amenity,place_of_worship,Holy Cross church
w,744503299,25.911271900000003,93.70315402,amenity,place_of_worship,DABA
w,745209586,25.574290769999998,91.89286307,amenity,college,PGT College
w,745209587,25.573201833333332,91.8924605,amenity,college,Shillong Commerce College
w,745209590,25.56938156,91.89926004,amenity,police,Laitumkhrah Police Station
w,745209591,25.56663616666667,91.90049909999999,amenity,place_of_worship,Seventh Day Adventist Church
w,745209592,25.56634144,91.9007805,amenity,school,Brook Side Higher Secondary School
w,745209593,25.566297411111112,91.90051066666666,amenity,place_of_worship,Seventh Day Adventist Church
w,745213792,25.559948083333335,91.90760775,amenity,school,St. Xavier's Residential School
w,745214682,25.56322761875,91.9062669875,amenity,school,Auxilium High Secondary School
w,745214684,25.565500233333335,91.90707937777778,amenity,school,H. Elias Higher Secondary School
w,745214685,25.56649898,91.90665784000001,amenity,place_of_worship,Divine Saviour Parish
w,745214686,25.5668456,91.90538225,amenity,school,Mizo Modern School
w,745220555,25.56011532857143,91.90559738571429,amenity,school,Dinet Manik School
w,745220557,25.55842113,91.90452297333333,amenity,university,"Rajiv Gandhi Indian Institute of Management, Shillong"
w,749119268,26.510174985714286,93.96866262857144,shop,department_store,Doss & Co.
w,749288897,26.512715679999996,93.97283256,amenity,school,Dandadhar Baruah Girls' School
w,749288900,26.511073720000002,93.9773706,shop,supermarket,Vishal Mega Mart
w,749293465,26.514335927272725,93.96697511818182,amenity,school,Vivekananda Kendra Vidyalaya (V. K. V.)
w,749293467,26.5136402,93.9668021625,amenity,school,Kushal Konwar Balya Bhawan (K. K. B. B.)
w,749313300,26.520571392307694,93.97555563076922,amenity,college,Reliance College Jr.
w,749313302,26.52246105,93.9762411875,amenity,college,Debraj Roy (D. R.) College
w,749313307,26.5102917,93.97436252,amenity,police,Assam Police Quarters
w,749313308,26.51073119,93.97384752,amenity,police,City Police Station
w,749313311,26.511371575,93.9705547625,amenity,bus_station,Public Bus Terminus
w,749313312,26.513245466666664,93.9712837,amenity,marketplace,Municipal Market Complex #3
w,749313313,26.5117440875,93.9700865375,amenity,bus_station,Assam State Transport Corporation (A. S. T. C.)
w,750645264,26.4365818,91.61941244,amenity,college,Rangia Higher Secondary School
w,751024177,24.9337059,92.93053974,amenity,place_of_worship,
w,751024180,24.9363141,92.93161896000001,amenity,place_of_worship,
w,752878848,26.510910059999997,93.97299944,amenity,marketplace,Municipal Market Complex #2 Area
w,752878852,26.50996194,93.97129876,amenity,marketplace,Municipal Market Complex # 1
w,753168462,26.50739402,93.97610196,amenity,place_of_worship,Jain Temple
w,753168466,26.53177076,93.95944444,amenity,college,Golaghat Engineering College (GEC)
w,755846099,25.656511007692306,94.09302941538462,amenity,place_of_worship,Mininisters Hill Bap Church
w,755846102,25.65733732,94.09328546,amenity,place_of_worship,
w,760147134,26.154774198305084,91.66488019745762,amenity,university,Gauhati University
w,764111388,25.518529292307694,90.21874953846154,amenity,hospital,Tura Christian Hospital
w,765906739,26.43781332,92.03657280666667,amenity,hospital,"Civil Hospital, Mangaldai"
w,796934721,26.118152020000004,91.79350991999999,shop,yes,Babu Grocery Store
w,796934722,26.11845548,91.79460214,shop,laundry,
w,796934723,26.11817035,91.795159225,shop,yes,
w,796934724,26.11823874,91.79500981999999,shop,yes,Flour Mill
w,796934733,26.11679792,91.79572809999999,amenity,restaurant,
w,796934736,26.116079300000003,91.79584968,amenity,school,
w,796934738,26.11885554,91.79824878000001,amenity,place_of_worship,Lakhi Mandir
w,796934739,26.11765732,91.80038772,amenity,school,
w,796934740,26.11739336,91.80013131999999,amenity,place_of_worship,
w,796934742,26.11707876,91.80043162,amenity,school,
w,805355166,27.190106370588236,95.36130028235294,amenity,hospital,Brahmaputra Valley Fertilizer Corporation Limited Hospital
w,806033519,26.145091400000002,91.78608016000001,shop,confectionery,Misti Mahal
w,806033541,26.16182612,91.77111452,amenity,clinic,KAYA SKIN CLINIC
w,806033543,26.190786359999997,91.75524716,amenity,clinic,Diabetic Care Centre
w,806033601,26.159639340000002,91.7699767,amenity,hospital,GMCH PEDIATRIC DIVISION
w,806448393,26.158664557142856,91.68500355714286,amenity,clinic,Naryana Health Opd & Health Network Clinic
w,806448394,26.158975859999998,91.68514517999999,amenity,clinic,Pragjyotish Netralaya
w,806448412,26.436577820000004,92.033388,amenity,hospital,Choudhury Eye Clinic
w,806448429,26.43830698,92.03603066000001,amenity,clinic,Prism Diagnostic Center
w,806448458,26.44551797142857,92.0340906,amenity,hospital,Ceragem centre
w,806448472,26.43600478,92.0346187,amenity,clinic,Sunshine Physiotherapy and Pain Care
w,806448482,26.15834658,91.68849015999999,amenity,clinic,Miburi X-Ray & Diagnostic Clinic
w,806448491,26.15400224,91.69408754,amenity,hospital,
w,806448494,26.436444239999997,92.03433358,amenity,clinic,DD Healthcare
w,806448495,26.43660276,92.03428788,amenity,clinic,Darrang Endoscopy & ENT Clinic
w,824442569,25.752519061111112,93.16851807777778,amenity,school,
w,825718071,27.357924923076926,95.32356285384616,amenity,place_of_worship,
w,827538429,27.53402242608696,93.81773757826087,amenity,school,Hilltop school
w,830353584,24.39018593571429,92.15888636428572,amenity,clinic,
w,833405844,26.14220481,90.61037797,amenity,hospital,"Martyr Nidhanu Ram Rajbongshi Civil Hospital , Goalpara"
w,833415498,26.202681985714285,91.69409240714286,amenity,hospital,GNRC Institute of Medical Science
w,833415523,26.32317897142857,90.9886319642857,amenity,hospital,"Barpeta Medical College and Hospital, Barpeta"
w,835498455,25.569503,91.9123056,amenity,place_of_worship,
w,835498456,25.56624968,91.90528856,amenity,place_of_worship,Salvation Army Red Cross
w,837320493,26.495106299999996,90.96906786,amenity,school,
w,837320495,26.49792548,90.96912912,amenity,police,Barpeta Road Police Thana
w,837320496,26.498423960000004,90.96972076,amenity,place_of_worship,Durgabari
w,837320498,26.49698611111111,90.96876788888889,amenity,marketplace,
w,837320499,26.49684632857143,90.96978982857142,amenity,marketplace,
w,837320500,26.496748200000003,90.96786635999999,amenity,marketplace,
w,837320501,26.5005697,90.96904922,amenity,marketplace,Main Bazaar
w,837320512,26.496642940000005,90.97007754,amenity,place_of_worship,Sani Mandir
w,837320513,26.49737867142857,90.97065882857143,amenity,marketplace,
w,837320517,26.49372912857143,90.96907174285715,amenity,college,GLC College
w,837320519,26.49326064,90.96878288,amenity,school,
w,837320524,26.498699119999998,90.96877028,amenity,marketplace,
w,837320525,26.49832094285714,90.96790224285714,amenity,marketplace,
w,837320526,26.49820122,90.96797742,shop,mall,Vishal Mega Mart
w,837320527,26.49937246,90.96977360000001,amenity,marketplace,Complex
w,837320528,26.499860419999997,90.97055467999999,amenity,marketplace,Choudhury Complex
w,837320529,26.49926476,90.97056308,amenity,marketplace,
w,837320530,26.498476619999998,90.97052484000001,amenity,marketplace,
w,837320531,26.49493267142857,90.967865,amenity,marketplace,
w,837320532,26.49085478,90.96852626,amenity,hospital,
w,837320533,26.49579076,90.97047319999999,amenity,marketplace,Oma Bazar
w,837320538,26.48864295,90.96785933333332,amenity,marketplace,Simlaguri Bazar
w,837320539,26.48810894,90.96837458,amenity,marketplace,simlaguri Bazar
w,837320540,26.487204,90.9682997,amenity,fuel,Indian Oil
w,837320544,26.50141331111111,90.9666752,amenity,marketplace,Marowari Market
w,837320545,26.50080575,90.9671901,amenity,marketplace,Bazaar
w,837320546,26.49978694,90.96821234000001,amenity,marketplace,complex
w,837320547,26.49972464,90.9688055,amenity,marketplace,
w,837320548,26.500784880000005,90.97006326,amenity,marketplace,Sabji Bazaar
w,837320549,26.5012446,90.96908160000001,amenity,marketplace,Fruit Bazaar
w,837320550,26.501658914285713,90.96912191428571,amenity,marketplace,
w,837617991,26.50401316,90.96893023999999,amenity,marketplace,
w,837617992,26.50479982,90.9689566,amenity,marketplace,Sabji Market
w,837617993,26.50483078,90.96852386,amenity,marketplace,
w,838443198,25.648638319999996,93.66374687999999,amenity,place_of_worship,Liangmai Baptist Churh
w,841560068,24.588694,94.0676052,amenity,place_of_worship,Part 1 Umang Leikol
w,842577063,25.7522938,93.17974126,shop,yes,
w,847690659,25.690774320000003,94.100851,amenity,bank,SBI Personal Banking Branch
w,851799142,25.759281233333336,93.17461331666668,amenity,place_of_worship,Kali bari
w,851799143,25.75932708,93.17441678,amenity,place_of_worship,
w,851799144,25.76526026,93.17397869999999,amenity,bank,State Bank of India
w,851799152,25.748326,93.184883625,amenity,school,
w,851799159,25.751072444444446,93.1852140888889,amenity,place_of_worship,Maa Sitala Mandir
w,852598898,25.753593360000004,93.17339688,shop,yes,
w,852598901,25.75344358,93.17343650000001,shop,yes,
w,852598903,25.75327686,93.17335362,shop,yes,
w,852609598,25.752485776923077,93.1752025,amenity,police,Lumding Police Station
w,853088118,25.731772799999998,94.10815486,amenity,place_of_worship,
w,853093454,25.685444460000003,94.10305966,amenity,place_of_worship,
w,853093457,25.66895685,94.10650325,amenity,place_of_worship,
w,853095082,25.68478472,94.10303428,amenity,restaurant,
w,853239054,25.664161740000004,94.09294761999999,amenity,place_of_worship,Angami Revival Church
w,854173758,25.6663563,94.08834728000001,amenity,fuel,
w,854173759,25.6664597,94.09185614,amenity,place_of_worship,
w,854173762,25.667866571428572,94.09206675714286,shop,car_repair,Progressive Motors
w,854834637,26.08097688,94.26047694,amenity,place_of_worship,
w,854912947,25.663592219999998,94.09272184,amenity,place_of_worship,Ao Church
w,854920369,25.71510166,94.03900516,amenity,bank,State Bank of India
w,855269984,26.714655699999998,95.02683214,amenity,place_of_worship,Police Baptist Church
w,855334197,26.722233040000003,95.02842382,amenity,place_of_worship,Ao Baptist Arogo
w,856460189,26.23551518,94.81513194,amenity,place_of_worship,
w,857237696,25.752630881818185,93.1805702,amenity,hospital,Lumding Railway Hospital
w,857836861,25.804927366666664,93.78996078333334,amenity,place_of_worship,Town Baptist Church Chumoukedima
w,857949597,26.10422848,94.2575155,amenity,bus_station,
w,857964377,25.67698826,94.10938777999999,amenity,bank,Punjab National Bank
w,857964378,25.672698945454545,94.11748087272727,amenity,bank,State Bank of India
w,858416105,25.7538243,93.17941876,shop,convenience,
w,858416107,25.755410922222225,93.1740751,amenity,school,Girls College
w,858416110,25.75571612,93.16898848,amenity,place_of_worship,
w,858416111,25.752752916666665,93.17954011666666,amenity,place_of_worship,Maddha Lumding Sitala Mandir
w,858536717,25.75228052,93.17570002,amenity,place_of_worship,Viswakarma mondir
w,858539681,25.754057285714286,93.17555804285713,amenity,place_of_worship,
w,858543545,25.755122339999996,93.17358918,amenity,place_of_worship,
w,858830431,25.86980925,93.76697108333333,amenity,place_of_worship,Sumi Baptist Church Diphupar
w,858834461,25.86821144,93.77080316,amenity,place_of_worship,Angami Baptist Church Diphupar
w,858834462,25.869764780000004,93.77157116000001,amenity,place_of_worship,Ao Baptist Church Diphupar
w,859200247,25.87945178,93.73492392,amenity,place_of_worship,Mishikito Baptist Church
w,859201150,25.87993814,93.73917501999999,amenity,place_of_worship,Mishikito NCRC (Sumi) Church
w,859221342,25.8816971,93.73899675789474,amenity,place_of_worship,Valley View Baptist Church
w,859306448,25.807119525,93.7903050125,amenity,bank,Bank of Baroda
w,859308049,25.81001574,93.78832451999999,amenity,bank,UCO Bank
w,859309227,25.815126959999997,93.78472758000001,amenity,bank,State Bank of India
w,859309788,25.818884020000002,93.78209482,amenity,bank,ICICI Bank
w,859396069,26.168873,91.77481682,amenity,place_of_worship,LKRB Namghar
w,860618627,25.9106408,93.71169818333334,amenity,place_of_worship,Sumi Baptist Akukuho PWD Colony
w,860984456,25.90561048181818,93.74015362727273,amenity,marketplace,Super Market
w,861103159,24.77921202,93.93466562,amenity,place_of_worship,Ebudhou Luwangpokpa Temple
w,862738461,27.490845919999998,95.35909749999999,amenity,restaurant,Tirupati Restaurant
w,862958935,25.75375802,93.17253046,amenity,place_of_worship,
w,862958936,25.749426285714286,93.18404620714286,amenity,school,
w,862958937,25.756773900000002,93.1850269,amenity,place_of_worship,
w,863194585,27.484117192307693,94.90490759999999,amenity,place_of_worship,বিরাজ আশ্রম
w,864915531,25.675988433333334,94.1058238,amenity,place_of_worship,Upper Nagabazar Baptist Church
w,868689309,26.137709100000002,91.79978874000001,shop,yes,GOVINDAM
w,872193888,25.665555166666667,94.1025825,amenity,place_of_worship,Moa Baptist Church
w,873120205,25.710054279999998,94.464393395,amenity,hospital,"Phek, District Hospital"
w,873120206,25.685988283333334,94.62677387500001,amenity,hospital,Civil Hospital
w,881785698,26.081486263157895,91.56040643157895,amenity,university,"Indian Institute of Information Technology, Guwahati"
w,895624971,25.514420780000002,91.87619055,amenity,school,
w,903079256,25.516867714285716,91.87691842857143,amenity,school,Assam Rifles Public School
w,907518353,27.12775928125,93.72472991875,amenity,bus_station,
w,911151958,25.67652732,94.10675368,amenity,place_of_worship,Nagamese Church
w,912248059,26.18429105,91.6962570625,amenity,school,
w,912264504,25.66977678,94.10934913999999,amenity,place_of_worship,CRC
w,912374457,26.323957699999998,94.51364980000001,amenity,bank,
w,912374464,26.324200442857144,94.51807101428572,shop,mall,
w,913399980,25.6642678,94.09322687142857,amenity,place_of_worship,Sumi Church
w,913399981,25.65856794,94.0967929,amenity,place_of_worship,Kerala Christian Church
w,917228647,27.09148413076923,93.61682479999999,amenity,bank,HDFC Bank
w,917228648,27.091179871428572,93.61629831428571,shop,clothes,Reebok
w,932816525,26.494601,90.70230801666666,amenity,school,Bijni Girls Secondary School
w,932816537,26.494272119999998,90.6985654,amenity,school,holy child school
w,932816541,26.493775140000004,90.69780924,amenity,school,ADARSHA SCHOOL
w,932816542,26.494352040000003,90.69808042,amenity,school,SISHU KALYAN SCHOOL
w,932816545,26.494801300000002,90.69959183333333,amenity,school,ZAKIR HUSSAIN SCHOOL
w,932817710,26.491638060000003,90.69905032,amenity,college,BIJNI COLLEGE
w,932819915,26.49097976666667,90.70177458333335,amenity,bus_station,
w,932819920,26.491759166666668,90.70220988333334,amenity,school,TOWN LP SCHOOL
w,932827968,26.512368759999998,90.69339993999999,amenity,school,JRBM SCHOOL
w,932827970,26.509791819999997,90.69332054,amenity,school,
w,932827973,26.5045781,90.70542508571428,amenity,school,BIDYAPEETH SCHOOL
w,932827975,26.4999143,90.70218858333334,amenity,school,BANDHAB SCHOOL
w,932827980,26.4963566,90.70359293333333,amenity,place_of_worship,LAKSHMI TEMPLE
w,932827985,26.49632495,90.7047107,amenity,police,
w,932827988,26.498518100000002,90.69990213999999,amenity,place_of_worship,KALIBARI
w,935139013,26.498039740000003,90.70802671999999,amenity,place_of_worship,
w,935139020,26.4990429375,90.7062131625,shop,yes,
w,935140003,26.503636055555557,90.69760458888888,amenity,fuel,
w,935400470,25.304023280000003,91.58003821999999,amenity,place_of_worship,St. Francis Xavier's Church
w,935408603,25.295391041666665,91.58018377916666,amenity,school,Mawsynram Higher Secondary School
w,936394796,25.295189934615387,91.57867277692307,amenity,hospital,
w,936409343,25.303046156451614,91.58114587741935,amenity,school,
w,936414484,25.293090973913042,91.58071702173913,amenity,college,
w,936547379,25.29406326,91.57757918,amenity,police,
w,936569241,25.29901241686747,91.58194322048193,amenity,marketplace,Market Place (Iew)
w,945739561,25.669551739999996,94.1064636,amenity,restaurant,Resta
w,949303559,24.338433400000003,93.67749628,amenity,school,Hermon English School
w,949677655,25.285542263636362,91.57507138181818,amenity,restaurant,Rit Mawksir
w,949678835,25.30732326,91.58631586,amenity,fuel,Indian Oil Mawsynram
w,949702845,25.30428378,91.58517652,amenity,restaurant,Sincera Restaurant
w,951558460,25.58173426,91.88767232000001,shop,mall,
w,951564136,25.595545255555557,91.89506223333333,amenity,place_of_worship,Mawroh Presbyterian Church
w,951610040,25.585505039999997,91.87602474,amenity,place_of_worship,Jaiaw Presbyterian Church
w,954991590,25.23062564,91.56268422000001,amenity,place_of_worship,Lawbah Presbyterian Church
w,954991591,25.23384802,91.56397922,amenity,place_of_worship,
w,961907806,25.55771757692308,91.88293536923076,amenity,place_of_worship,
w,961907807,25.584041185714284,91.88899955714285,amenity,place_of_worship,Shillong Buddhist Temple
w,961992273,25.298446419999998,91.58247653999999,amenity,bank,State Bank of India
w,962409235,25.567549059999997,91.89658208,amenity,cafe,
w,962919020,25.562646530612245,91.63522172857144,amenity,marketplace,
w,962919021,25.56295460833333,91.63504534166667,shop,mall,
w,964367742,25.585656658333335,91.90069928333332,amenity,place_of_worship,Presbyterian Church Pynthorumkhrah
w,964368306,25.58696142307692,91.90175176153846,amenity,place_of_worship,St. Peter and Paul's
w,971592338,26.662723815384616,93.98159708076923,amenity,school,
w,975291814,26.800444320000004,91.53497130000001,shop,chemist,Azista Bhutan Healthcare Limited
w,987380768,27.54494414285714,93.81456151428571,shop,car_repair,Maruti Hills Auto Agency
w,987512974,26.626221320000003,92.17635834000001,amenity,marketplace,
w,988957193,27.48344388,94.90506898,amenity,school,Vivekananda Center
w,989370051,27.4365721,94.93088451999999,amenity,place_of_worship,জগন্নাথ মন্দিৰ
w,994857251,25.36609382,91.45580064,amenity,place_of_worship,
w,994857950,25.36698794,91.46155048,amenity,place_of_worship,
w,994857951,25.367635644444444,91.46300594444443,amenity,place_of_worship,
w,995859378,27.42041199090909,96.0270152,amenity,school,
w,996571730,25.59534078,91.8875077,amenity,fast_food,
w,996574173,25.583241061538462,91.89651156153846,amenity,place_of_worship,Golflinks Presbyterian Church
w,997399189,26.1574599,90.20200564,amenity,hospital,Nayer Alga Health Centre
w,997433143,27.480883583333334,95.16723556666666,shop,greengrocer,Noni Grocery
w,997433145,27.479134525,95.16686233,amenity,place_of_worship,All Saints' Church
w,997696333,27.476014120000002,95.16197836,amenity,place_of_worship,
w,997696356,27.47543666,95.16266746,amenity,school,Little Angel School
w,997836301,27.431551622222223,94.83240552222223,amenity,place_of_worship,Bogibeel Aai Than
w,997929901,27.48097616,94.90710258,amenity,place_of_worship,Baba Shri Ramdev Mandir
w,998116526,27.483998600000003,95.17002788571428,amenity,school,North Eastern Engineering Institute ITI Chabua
w,1002144521,26.017875123076923,94.52938269230769,amenity,place_of_worship,
w,1007200290,24.95351816,93.23997634,amenity,place_of_worship,ICI Church
w,1007200767,24.953386844444445,93.23945628888889,amenity,place_of_worship,EFCI Church
w,1010340732,26.752648742857144,90.11013705714285,amenity,hospital,Phibsoo BHU
w,1024517861,26.1412638375,91.666334425,amenity,university,Assam Science and Technology University
w,1029972484,25.44888304,91.91173152,shop,kiosk,
w,1035977714,26.49830438,92.59749184,amenity,place_of_worship,
w,1036603991,25.55780742,91.8618946,amenity,place_of_worship,Lawsohtun Presbyterian Church
w,1039345332,27.488193233333334,94.91470873333333,amenity,school,Dr John Berry White Medical School
w,1040372330,25.72467411190476,94.09045925,amenity,university,Nagaland University
w,1040372335,25.677457240000003,94.0816301,amenity,bus_station,ISBT
w,1040372336,25.668918842857146,94.07337042857144,amenity,school,Govt. Higher Sec. School
w,1041056632,27.60759502222222,94.73244100000001,amenity,school,Silapathar Science College
w,1041394811,27.591870899999996,94.72673268,amenity,school,Silapathar College
w,1042225086,27.6600143,94.713938,amenity,place_of_worship,Rukmini Temple
w,1042225096,27.65773712,94.71492146,amenity,place_of_worship,Malinithan Temple
w,1042225103,27.658232220000002,94.704255,amenity,police,Likabali Police Station
w,1042589077,27.590300428571428,94.72421997142858,amenity,bus_station,Silapathar ASTC
w,1042592950,27.587947264285713,94.7168666,amenity,school,Silapathar Residential Higher Secondary School
w,1042846435,27.587912585714285,94.71922367142858,amenity,hospital,Silapathar Model Hospital
w,1046910057,27.597202422222225,94.76656937777778,amenity,place_of_worship,Baba Bhairab Mandir
w,1046912582,27.601349499999998,94.752954,amenity,school,Sila Jana Jati High School
w,1046918577,27.58589662,94.72649092,amenity,police,Silapathar Police Station
w,1047234884,27.583042544444442,94.72754253333333,amenity,place_of_worship,Satsang Vihar Silapathar
w,1047234887,27.583295022222224,94.72753614444444,amenity,place_of_worship,Rama Krishna Ashram
w,1047234898,27.583719084210525,94.73111751052632,amenity,school,Silapathar Residential English Higher Secondary School
w,1048252572,27.599254300000002,94.72755219999999,amenity,school,Lord Macauly High School
w,1048273845,27.56988764,94.76962932,amenity,place_of_worship,Joriguri Bodo Brahma Temple
w,1051582970,24.76593110909091,93.8920892,amenity,place_of_worship,Takhelchangbam Bamon Laishang
w,1053406618,27.424775,94.92422685714287,amenity,school,Shiksha Valley School
w,1053426221,27.4394095,94.31664312000001,amenity,place_of_worship,Gogamukh Durga Mondir
w,1053426225,27.428135563636364,94.31710676363636,amenity,marketplace,Gogamukh Weekly Market
w,1054014569,27.517032783333335,94.48549838333334,amenity,school,Dhemaji Engineering College
w,1054036262,27.65379916666667,94.70242747777777,amenity,place_of_worship,Likabali Baptist Church
w,1054036263,27.655203,94.6967362,amenity,place_of_worship,Likabali Church
w,1054721822,26.188766199999996,91.75207148,amenity,place_of_worship,The Praise Church
w,1056412999,26.986600557142857,94.63791342857142,amenity,bus_station,Sibsagar Bus Terminal
w,1056413003,26.9867069,94.63734832,shop,ticket,ASTC
w,1056413011,26.98840008,94.6325769,amenity,place_of_worship,Sani Mandir
w,1056413022,26.988750200000002,94.63415795555555,amenity,place_of_worship,Vishnu Dol
w,1056413030,26.98889433076923,94.63236038461538,amenity,place_of_worship,Devi Dol
w,1056413031,26.9888176125,94.63312245,amenity,place_of_worship,Shiv Dol
w,1056624710,26.572071870000002,93.76779998,amenity,marketplace,Telgaram Market
w,1056624718,26.580859957142856,93.75761582857142,amenity,marketplace,Kanaighat Market
w,1056624781,26.572790923529414,93.76769561176471,amenity,school,Ponka Rupram Hazirka High School
w,1056660892,26.64020905,93.59903626666666,amenity,marketplace,Bokakhat Market
w,1056888195,26.190879944444443,91.76536365555555,amenity,place_of_worship,Navagraha Temple
w,1057235982,26.18227061,91.76257498999999,amenity,marketplace,
w,1057235989,26.181507606666667,91.76178292,amenity,marketplace,
w,1057514338,25.578997233333332,91.86792087142857,amenity,place_of_worship,
w,1063922448,26.552589591666663,92.935054975,amenity,marketplace,Tuesday Weekly Market
w,1063930711,26.54938146956522,92.9296875,amenity,college,Kaliabor College
w,1063930715,26.552156470588237,92.93324285882352,amenity,school,Sishu Bidyapith High School
w,1068917568,26.12675636,91.74777102,amenity,school,Narayana e-Techno School
w,1071730932,26.2311237,90.23135352,amenity,place_of_worship,
w,1072762099,24.88558306,92.48479382,amenity,place_of_worship,Hazrat Shitalong Shah Er Mazar
w,1072976695,24.87573448,92.36772886,amenity,police,Zakiganj Police Station
w,1075337299,24.86634512,92.38841612,amenity,college,Hafsa Majumder Mohila College
w,1076013265,25.17640414,91.99881714,amenity,place_of_worship,Nohksiar Presbyterian Church
w,1077007727,24.91415298,92.45693102,amenity,hospital,মতিন ডাক্তার হাসপাতাল
w,1078237926,25.596327835714284,90.25455197142857,amenity,school,Allagre High School
w,1079963057,24.95976274,92.44748874000001,amenity,school,কমর উদ্দিন চৌধুরি উচ্চ বিদ্যালয়
w,1080215910,24.9601485,92.44001126,amenity,school,মাতারগ্রাম সরকারি প্রাথমিক বিদ্যালয়
w,1080561698,24.86149154,92.40342416,amenity,school,মুমিনপুর সরকারী প্রাথমিক বিদ্যালয়
w,1080563241,24.864334480000004,92.40559818,amenity,place_of_worship,Al Habib Foundation Mosque
w,1080563244,24.864624839999998,92.40449084,amenity,place_of_worship,Mumin Pur Jame Mosjid
w,1080699426,24.95240592,92.4204878,amenity,marketplace,Western Plaza
w,1080855928,24.91725982,92.47478736000001,amenity,school,মামর খানী সরকারী প্রাথমিক বিদ্যালয়
w,1081593853,24.90746092,92.42654426,amenity,place_of_worship,Tilargram Jame Masjid
w,1081881539,24.88722876,92.43034468,amenity,place_of_worship,ছয়ঘরী দক্ষিণ জামে মসজিদ
w,1082141860,24.921268880000003,92.45364122,amenity,place_of_worship,সাজাপুর ইদগাহ
w,1082141861,24.91944184,92.452799,shop,supermarket,Rahat Store
w,1082141869,24.918851699999998,92.4532057,shop,supermarket,Asad Store
w,1082281961,24.91804174,92.45313686,amenity,school,বিয়াবাইল সরকারী প্রাথমিক বিদ্যালয়
w,1082281963,24.918754279999998,92.45327877999999,shop,furniture,বিসমিল্লাহ মতিন ফার্নিচার
w,1082281993,24.91727544117647,92.45539096470588,amenity,place_of_worship,সাজাপুর কালীবাড়ি
w,1082291120,24.918258675,92.4521240125,amenity,school,শহিদ জমশেদ আলি ইসলামিক একাডেমি
w,1085135846,24.87766826,92.36643581999999,amenity,school,Zakiganj Senior Fazil Madrasa
w,1085170093,24.86987848,92.35053164000001,amenity,place_of_worship,Bipadhnasini mondir
w,1086724692,24.928245533333335,92.43841494444445,amenity,school,Hatidhohor government primary school
w,1088210112,27.24992186,94.0189252,amenity,school,kandura pather lp school
w,1088210146,27.2624026,94.02216722,amenity,school,No.1 Dejoo Pathar L.P. School
w,1088210152,27.26152491428571,94.02152905714286,amenity,school,Shankar Dev Shishu Niketan
w,1088247928,24.87771682,92.36828266,amenity,school,Zakiganj Govt Girls High School
w,1088974977,27.49272135,95.26443815,amenity,hospital,Jokai Central Hospital
w,1088974980,27.488974359999997,95.36332314,amenity,bus_station,ASTC
w,1089360979,27.36101976153846,92.23719443076924,amenity,place_of_worship,Dirang Monastery
w,1089425516,25.03269818,92.37680328,amenity,place_of_worship,লোহাজুরী কেন্দ্রীয় জামে মসজিদ
w,1089731023,25.032310619999997,92.37936034,amenity,school,লোহাজুরী সরকারি প্রাথমিক বিদ্যালয়
w,1089731024,25.032571639999997,92.37919303999999,amenity,school,লোহাজুরী বিদ্যানিকেতন
w,1090613632,27.20463616,94.05277694,amenity,school,Pahumara Secondary School
w,1090618973,27.24086486,94.0164838,amenity,school,Rampur High School
w,1090618974,27.2639651,94.02299124285715,amenity,school,Dejoo Chah Janajati (Jajajati) ME School
w,1090843004,25.758248505882353,93.88134774705883,amenity,school,Govt. High School
w,1090894523,26.103179333333333,94.25662568,amenity,school,SMBE School
w,1090894524,26.099942086666665,94.26050498666667,amenity,school,Don Bosco School
w,1090894526,26.098118453846155,94.2522619923077,amenity,school,Christian Model High School
w,1090894528,26.08603886923077,94.25987125384616,amenity,school,Government High School
w,1090894532,26.079082184615384,94.25913090769231,amenity,hospital,"Wokha, District Hospital"
w,1092166132,24.914655013333334,92.50028629333333,amenity,place_of_worship,
w,1092406408,24.93756524,92.45291482,amenity,school,Kaskanakpur Gajir Mukam Dhakil Madrasah
w,1092483321,27.25186722,94.11041048,amenity,school,North Lakhimpur Railway High School
w,1092483327,27.26138966,94.0998605,amenity,hospital,Lakhimpur Cancer Centre
w,1092483328,27.261852179999998,94.1014461,amenity,hospital,Maternity and Child Health Hospital
w,1092483337,27.2617344,94.10446472,amenity,cafe,
w,1092483354,27.261313159999997,94.10581164,amenity,hospital,Lakhimpur Medical College and Hospital
w,1092483371,27.260159472727274,94.10622081818182,amenity,restaurant,Hospital Canteen
w,1092487159,27.235330039999997,94.10520058,shop,supermarket,Vishal Mega Mart
w,1092487160,27.23529638,94.10538118,amenity,bank,State Bank of India
w,1092487161,27.235691839999998,94.10530193999999,shop,supermarket,Style Bazaar
w,1092487162,27.230699546153843,94.08927029230769,amenity,college,North Lakhimpur College (Autonomous)
w,1092500268,24.88336924,92.38056566,amenity,school,Husnabad Govt Primary School
w,1092982505,24.94142286,92.43517924,amenity,school,Darul Azkar Madrasah & Islamic Cultural Centre
w,1094078925,24.90769262,92.33791102,amenity,school,দুপড়ীরপার সরকারি প্রাথমিক বিদ্যালয়।
w,1094130367,24.87176242,92.38073610000001,amenity,school,ছবড়িয়া সরকারি প্রাথমিক বিদ্যালয়
w,1094344533,24.869962620000003,92.35076305999999,amenity,place_of_worship,Bishori Bari Hindu Temple
w,1094344536,24.86647222,92.35122272,amenity,place_of_worship,Karimganj District Town Eidgah Mosque
w,1094344537,24.866631514285718,92.351281,amenity,place_of_worship,Shani Temple
w,1094344538,24.867441333333332,92.35474285555556,amenity,school,Rowland's Memorial High School
w,1094344539,24.86682136,92.3547762,amenity,place_of_worship,Karimganj Presbyterian Church
w,1094344545,24.868947939999998,92.35635334,amenity,police,S.P. Office Karimganj.
w,1094424990,26.589856079999997,93.4057451,amenity,bank,State Bank of India
w,1095459883,25.16302928,91.97272146,amenity,school,খাসিয়াপুঞ্জি সরকারি প্রাথমিক বিদ্যালয়
w,1096522181,24.79993468,93.9406763,amenity,police,IMPHAL POLICE STATION
w,1096522182,24.79983842,93.940625,amenity,police,SP IMPHAL WEST
w,1096522183,24.79973014,93.94078506000001,amenity,police,DIGP(R-I) OFFICE
w,1097062315,24.87975218,92.48323306,amenity,school,আমলসীদ মহিলা মাদ্রাসা
w,1098070543,26.5895607,93.4284052,amenity,place_of_worship,
w,1098675223,26.590260385714284,93.42806524285713,amenity,restaurant,Hornbill Kaziranga
w,1099379540,24.87476718,92.23214246,amenity,place_of_worship,
w,1099379541,24.87477998,92.23226502,amenity,place_of_worship,
w,1099379542,24.874830839999998,92.23225338,amenity,place_of_worship,
w,1099379543,24.874870871428573,92.23211814285715,amenity,place_of_worship,
w,1099379544,24.87494954,92.23212638,amenity,place_of_worship,
w,1101790973,26.588961255555557,93.40096924444444,amenity,police,
w,1106877543,24.86935746,92.41925341999999,amenity,school,হযরত শাহ বদল (রহ:) মতিনিয়া হিফজুল কুরআন ক্যাডেট মাদরাসা
w,1107471147,25.9306394,94.16537689999998,amenity,place_of_worship,
w,1107471156,25.913012830000003,94.2036037,amenity,place_of_worship,Zunpha Baptist Church
w,1107471220,25.912217666666667,94.20357138333333,shop,yes,
w,1109202664,26.646492376923074,91.04013036153846,amenity,place_of_worship,
w,1109202666,26.648939560000002,91.01253818,amenity,place_of_worship,
w,1109690751,26.590132333333333,93.40361904444444,amenity,restaurant,Pelikan Dhaba
w,1109933201,26.58948714,93.3993735,shop,gift,Maati Community Store
w,1109933202,26.5894769,93.3993355,shop,gift,The Craftism
w,1109934348,26.590103216666666,93.40048813333334,amenity,marketplace,Kohora Market
w,1111138669,27.54694484285714,95.72311284285715,amenity,school,Assembly Ground
w,1111567635,27.487938857142858,95.35691,amenity,police,
w,1111761416,24.88860942,92.36758874,amenity,college,Zakigonj Govt College
w,1111885462,24.962614780000003,92.46469786,amenity,school,সুরানন্দপুর প্রাথমিক বিদ্যালয়
w,1112157483,24.921648214285714,92.45369424285715,amenity,place_of_worship,সাজাপুর মোকাম জামে মসজিদ
w,1113117676,27.59461724,91.87172688,amenity,place_of_worship,
w,1113117684,27.59478866,91.87232602,amenity,place_of_worship,
w,1114896879,27.585838260000003,91.85808482,amenity,place_of_worship,
w,1114896880,27.590033833333333,91.85871888333334,public_transport,station,Ropeway to Giang ani gonpa (not working)
w,1114901989,27.586984014285715,91.85736189285714,amenity,school,
w,1114906560,27.59027944,91.85902816000001,shop,greengrocer,
w,1114952201,27.579959659999997,91.8730424,amenity,place_of_worship,Urgelling Gompa
w,1114952221,27.58227114,91.87626728000001,amenity,place_of_worship,
w,1114957825,27.58381006,91.8586373,amenity,place_of_worship,
w,1115152788,27.55512114,95.683522,amenity,marketplace,Tuesday Market
w,1117485605,27.59189378,91.85893447999999,amenity,place_of_worship,
w,1117544146,27.09633114,92.17022514,amenity,place_of_worship,Gyuto Monastery
w,1117551033,26.591010519999998,93.41928026000001,shop,general,
w,1117551034,26.590215157142858,93.42790240000001,amenity,restaurant,Jajabor Restaurant
w,1117551065,26.5895002,93.40406682222222,amenity,restaurant,John's Kitchen
w,1117552898,26.58940035,93.4097210125,amenity,hospital,
w,1117594972,27.279506416666667,95.39480155,amenity,place_of_worship,Tipam Phake Buddhist Temple
w,1117594976,27.28058906,95.39494708,amenity,restaurant,Tai Phake Ethnic Hut
w,1119812659,26.71969924,89.85670734,amenity,place_of_worship,Shivalaya Mandir
w,1121668119,26.72292227142857,89.8540976,amenity,hospital,Lhamoizingkha Hospital
w,1124443429,25.31143100204082,91.58712447755101,amenity,school,
w,1124756821,26.72009478,94.23160048,amenity,school,Carmel School
w,1124756822,26.706293225,94.2291247875,amenity,school,Spring Dale High School
w,1127659175,26.705178423076923,89.85714657692309,amenity,place_of_worship,Chorten
w,1127986557,25.36121998888889,91.47534283333333,amenity,place_of_worship,
w,1131961618,25.51924374,91.26768336,amenity,place_of_worship,
w,1131965633,25.35858096666667,91.47346894444445,amenity,place_of_worship,
w,1132687722,26.82041874,92.80588564,amenity,place_of_worship,Kali Mandir
w,1134495975,25.276428720000002,91.72983746,amenity,place_of_worship,Nongsawlia Presbyterian Church
w,1134498717,25.285282914285713,91.72151972857144,shop,convenience,SL Dohling Sohra Shopping Centre
w,1134932104,25.3644988,91.62288443999999,amenity,fuel,Indian Oil Weiloi
w,1135668085,24.68047462,92.56530804,amenity,school,Indra Kumari Girls' Higher Secondary School
w,1137233495,25.269326799999998,91.34020627999999,amenity,place_of_worship,
w,1137250391,25.59593262,91.88066732,amenity,place_of_worship,
w,1137251012,25.594180144444447,91.87780985555554,amenity,place_of_worship,
w,1137326917,25.59404978,91.87892761999998,amenity,place_of_worship,Mawlai Nonglum Presbyterian Church
w,1137350559,25.595302283333336,91.88550416666665,amenity,place_of_worship,"Mawlai Phudmuri, Presbyterian Church"
w,1137352122,25.59485552,91.8832905,amenity,place_of_worship,Old Phudmuri Presbytarian Church
w,1143988773,26.260737919999997,95.0979531,amenity,place_of_worship,Wolam Nyukyan (New Pangsha) Baptist Church
w,1143988774,26.259698,95.0965883,amenity,clinic,Primary Health Centre
w,1145100823,25.823992885714286,90.05151605714286,amenity,school,Batabari Higher Secondary school
w,1145110458,25.75508954,89.9465235,amenity,school,Horipur Boys Secondary School
w,1145114373,25.2304912,90.13035111428572,amenity,school,MONGOLAGRE HIGH SCHOOL
w,1145117864,25.19353658,91.78965848,amenity,school,Nongjri secondary school
w,1145121005,25.34648574,90.23749978000001,amenity,school,Amongpara High School
w,1145123874,25.90530291111111,92.00860485555556,amenity,school,Raid Nongbri Secondari school
w,1145540360,25.878021105882354,90.99503774705882,amenity,school,Adokgri Higher Secondary School
w,1145587773,25.88268756,91.01614418,amenity,school,ST Andrews High School Reking
w,1145588485,25.899724344444444,90.88409547777778,amenity,school,Secondary school Chotcholja
w,1145589824,25.914485928571427,90.92050671428572,amenity,school,High School Rajasimla
w,1155250955,24.327297379999997,91.88670258,shop,chemist,M/s A Motlib Pharmacy
w,1155382784,26.854540644444445,90.30317336666667,amenity,hospital,Menchulam BHU
w,1155385441,26.84637662,90.20936592000001,amenity,hospital,Singye BHU
w,1155387474,26.81698223846154,90.55866803846153,amenity,hospital,Taraythang BHU
w,1155718959,25.179163185714287,94.37320635714286,amenity,school,Halang High School Ground
w,1155720662,25.17873725,94.37483441666666,amenity,place_of_worship,Halang Baptist Church
w,1156076487,26.863696779999998,90.3066858,amenity,school,Kencholing ECR
w,1156102752,26.84542896,90.20730566,amenity,school,Singye Primary School
w,1157157645,26.88466228333333,90.33739786666666,shop,convenience,Pema Dorji General Shop
w,1160948881,26.27165586,94.01833461999999,amenity,school,Kamatapur LP School Campus
w,1163601057,27.820427059999997,91.75497612000001,amenity,place_of_worship,
w,1163851963,26.322026457142858,94.0897056,amenity,college,Doyang Jr. College
w,1168255716,26.146807691666666,91.73926043333334,amenity,school,South Point School
w,1168456461,27.178952383333336,92.18404191666667,amenity,place_of_worship,
w,1170450143,25.567202233333333,91.89500863333333,amenity,school,St Edmunds Quadrangle
w,1170450144,25.56800092,91.89406504,amenity,school,Second field
w,1172465676,25.57558052,91.90305678,amenity,bank,State Bank of India
w,1172468836,25.579079514285716,91.8964227857143,amenity,place_of_worship,Shillong Baptist Church
w,1172686582,25.57907138,91.88414878,amenity,marketplace,Jail Road Market
w,1172691219,25.56694954,91.90002012,amenity,restaurant,The Wok
w,1172691727,25.56928412,91.90015506,amenity,place_of_worship,Assam Sanatan Dharmasabha
w,1184012260,25.215685200000003,91.58755498,amenity,place_of_worship,
w,1185710171,26.555035614285714,92.93835091428572,amenity,doctors,Dr. Basumatary Clinic
w,1186242768,26.528400440000002,90.09837874,amenity,place_of_worship,Durabil Church
w,1197822661,26.610795454545453,92.9972351909091,amenity,place_of_worship,Hatimura Temple
w,1198321050,26.746377233333334,94.25078079999999,amenity,cafe,JEC Canteen
w,1198392987,26.088844427777776,90.7392795111111,amenity,fast_food,Cadets' Mess
w,1198393009,26.086795584615384,90.73896116923076,amenity,doctors,MI Room
w,1199437052,26.229585692307694,92.51871828076924,amenity,marketplace,
w,1202878123,26.585604760000002,93.32574764,amenity,place_of_worship,Haldhibari Burhimai Mandir
w,1208599016,24.825741957575758,94.01007028181819,amenity,school,Mega Manipur School
w,1216687922,27.01350136,92.63315126,amenity,place_of_worship,
w,1217672059,27.010837459999998,92.64606882000001,amenity,police,
w,1217793677,26.15936154,91.76916782,amenity,hospital,GMC HOSPITAL
w,1217793682,26.16029395,91.77009316666665,amenity,hospital,GMC DENTAL HOSPITAL AND COLLEGE
w,1221400148,26.2054345375,91.7417760875,public_transport,station,North Guwahati
w,1221400150,26.18979045,91.74659416666667,public_transport,station,Guwahati
w,1223702445,25.594248895238096,91.87345915238095,amenity,school,Sunrays Secondary School
w,1223720888,25.51587988,90.21079572,amenity,place_of_worship,Hawakhana Baptist church;Hawakhana Baptist Church
w,1223720908,25.526762036842104,90.16026120526315,amenity,university,ICFAI University
w,1223794667,26.32525287142857,94.52450831428571,amenity,police,Nagaland Police
w,1223794669,26.32574272857143,94.52448414285713,amenity,police,Superintendent of Police Office
w,1223799404,26.381252619999998,94.43721626,amenity,place_of_worship,
w,1223807873,26.68671251666667,94.40296093333332,amenity,college,MODEL ENGLISH HIGH SCHOOL & JUNIOR COLLEGE
w,1223807878,26.6879589,94.40082954,shop,wine,MONALISA WINE SHOP
w,1223807879,26.68829787142857,94.39984874285713,amenity,marketplace,NAKACHARI DAILY MARKET
w,1223807881,26.688651979999996,94.40096796,shop,clothes,GARIMA STRORE
w,1223807883,26.690695599999998,94.40535496666666,amenity,bank,State Bank of India
w,1223807884,26.69180058,94.40646224,amenity,fuel,HP PETROL PUMP
w,1223810914,25.19329396,91.78901010000001,amenity,school,TIEWLYNGKSIAR RCLP SSA SCHOOL
w,1223811150,26.75578092,94.2109416,amenity,place_of_worship,Namghar
w,1223840668,25.560827319999998,94.14429851999999,amenity,place_of_worship,Viswema baptist church
w,1223840675,25.56310358,94.14621568,amenity,place_of_worship,Viswema Christian Revival Church
w,1223840684,25.56999428,94.14735812,amenity,place_of_worship,St. Joseph Catholic Chruch
w,1224019636,25.5119837,90.19681716,amenity,place_of_worship,Goanang Baptist Church
w,1224019653,25.512319177777776,90.19326749999999,amenity,school,ground
w,1224019659,25.513318950000002,90.19173966,amenity,school,
w,1224019662,25.5133903,90.19056516,shop,supermarket,
w,1224019668,25.5143417625,90.18693135,shop,supermarket,Sora Complex
w,1224483134,25.583209933333332,91.87530770666667,amenity,place_of_worship,Bible Society of India
w,1224491507,27.104644895,95.160522755,amenity,marketplace,
w,1224491508,27.104345076923078,95.1601920923077,amenity,place_of_worship,
w,1224491509,27.103892877777778,95.15980866666668,amenity,marketplace,
w,1224491510,27.103549766666667,95.1606197,amenity,bank,State Bank of India
w,1224491511,27.10358266,95.16003063999999,amenity,bank,State Bank of India
w,1224491512,27.10301272,95.16017278000001,shop,hairdresser,
w,1224491513,27.102033700000003,95.16143768333335,amenity,school,
w,1224491514,27.101531414285713,95.16141804285715,amenity,school,
w,1224491517,27.11009592,95.16202144,amenity,place_of_worship,
w,1224491518,27.104611979999998,95.16607456,amenity,place_of_worship,
w,1224560409,26.32947671111111,94.53057994444445,amenity,school,School Ground
w,1224560410,26.35326284285714,94.6064922,amenity,place_of_worship,Longmisa Baptis Church
w,1224560412,26.357975352941175,94.59860855882353,amenity,school,"Goernment High School, Longmisa"
w,1224561478,26.689739966666664,94.40239471666666,amenity,place_of_worship,KALIBARI TEMPLE
w,1224561480,26.686340160000004,94.39766506000001,amenity,school,TIRUWAL BHETA SCHOOL
w,1224648252,26.203991085714286,93.1293100142857,amenity,marketplace,weekly market
w,1224648253,26.203491000000003,93.12965366,amenity,place_of_worship,Durga mandir
w,1224648261,26.2029798,93.13357761428573,shop,craft,Handloom
w,1224648267,26.203455325,93.129261175,amenity,marketplace,bazar
w,1224648268,26.203065979999998,93.12933678,amenity,marketplace,market
w,1224666610,26.679256933333335,94.64382504444444,amenity,place_of_worship,TULI TOWN CHURCH
w,1224669934,26.66842457142857,94.64672214285714,amenity,place_of_worship,TULI LENDEN BAPTIST CHURCH
w,1224675736,26.652182375,94.644877325,amenity,place_of_worship,"CHIRSTIAN FELLOWSHIP CHURCH ,TULI"
w,1224675738,26.661713159999998,94.64907076,amenity,place_of_worship,REVIVAL CHURCH
w,1224675742,26.668784419999998,94.64715014,amenity,place_of_worship,CHILDREN SCHOOL
w,1224677708,26.107019342857143,93.02996925714285,amenity,place_of_worship,Anchalik Jame Masjid
w,1224694595,25.2850387375,92.10534295,shop,greengrocer,
w,1224695321,26.869387783333334,94.50392518333332,amenity,bank,Punjab National Bank
w,1224695326,26.857544866666668,94.4956107,amenity,restaurant,Hotel Celebration
w,1224695327,26.85696428,94.49405012,amenity,restaurant,Disang Kitchen
w,1224695328,26.85508362857143,94.49373055714285,amenity,restaurant,Jhanji Dhaba
w,1224695330,26.850328,94.49364132000001,amenity,restaurant,Arini Dhaba
w,1224695334,26.86621144,94.5004687,amenity,bank,Bandhan Bank
w,1224695336,26.847387299999998,94.49367578,amenity,marketplace,Jhanji Bazar
w,1224695337,26.85105896,94.49308099999999,amenity,restaurant,Hornbill Dhaba Cum Resturant
w,1224696308,26.076951855555553,91.60884865555556,amenity,place_of_worship,DURGA MANDIR
w,1224696314,26.09978364,91.60393054,amenity,school,"ST CLARET SCHOOL, BORJHAR"
w,1224697525,26.149885527272726,89.7970621090909,amenity,place_of_worship,masjid
w,1224697900,26.12310766,91.79917128,amenity,place_of_worship,
w,1224697903,26.11641406,91.79683448,amenity,school,St. Joseph High School
w,1224697905,26.116194439999997,91.79723396,amenity,bank,State Bank of India
w,1224697906,26.121147266666668,91.79911206666667,amenity,doctors,Nethralaya
w,1224728448,26.133814753846153,91.83386273076923,amenity,marketplace,Saturday weekly market
w,1224728450,26.13281496666667,91.81263416666667,amenity,place_of_worship,Dwaranda Masjid
w,1224938013,25.49962872,90.69059702,amenity,hospital,NENGKHRA AWE  SUB_CENTRE
w,1224938019,25.49745196666667,90.69071848333333,amenity,place_of_worship,CATHOLIC CHURCH
w,1224938020,25.50256426,90.69030242,amenity,place_of_worship,BAPTISH CHURCH
w,1224971276,25.287061338636363,92.10459400227272,amenity,school,
w,1230571216,26.292845699999997,94.40065572,amenity,place_of_worship,
w,1238190591,27.14817986,93.76837562,amenity,restaurant,Canteen
w,1241310611,25.61751428,94.33671835999999,amenity,place_of_worship,Porba Baptist Church
w,1241313776,25.61767216,94.33794596,amenity,place_of_worship,
w,1241388559,25.57098276,94.29854472,amenity,place_of_worship,Pfütsero Town Baptist Church
w,1241396451,25.61661062,94.332303,amenity,clinic,
w,1241903834,25.61601452,94.33681324,amenity,place_of_worship,Christian Revival Church
w,1242774477,26.265221685714288,95.10327242857143,amenity,place_of_worship,Wolam Nyuking Baptist Church
w,1244627024,26.4780081,90.07720784,amenity,place_of_worship,Soulmari Brahma Mandir
w,1244890117,26.510042679999998,90.07889876,amenity,place_of_worship,
w,1245640790,26.653488742857142,94.3189314142857,amenity,police,
w,1245640792,26.653806125,94.319627825,amenity,fuel,Indian Oil
w,1245642708,26.651943033333332,94.31927874444445,amenity,place_of_worship,St. Anthony's Church
w,1246019257,26.224014,95.08422182,amenity,place_of_worship,Wonthoi Baptist Church
w,1248084698,26.3903893,90.07590517999999,amenity,police,Tulisibil Police Out Post
w,1251965081,26.502007025,90.092702545,amenity,place_of_worship,Gambaribil Brahma Mandir
w,1251965082,26.50199478,90.09245388000001,amenity,place_of_worship,
w,1251995183,26.371414820000002,90.0457703,amenity,place_of_worship,
w,1253491232,27.485883977777778,91.73184615555556,amenity,place_of_worship,
w,1254299894,26.43068254,90.0629957,amenity,marketplace,
w,1254299895,26.430658540000003,90.06305936,amenity,marketplace,
w,1254299896,26.43063454,90.06312080000001,amenity,marketplace,
w,1254299898,26.4308765,90.06306500000001,amenity,marketplace,
w,1254299899,26.430848500000003,90.06314092,amenity,marketplace,
w,1254299900,26.4308215,90.06321574,amenity,marketplace,
w,1254781202,26.43716834,90.09418826,shop,yes,
w,1254781203,26.436973920000003,90.09450824000001,shop,yes,
w,1254850541,26.442912460000002,90.09058602,amenity,place_of_worship,Aibhander BRahma Mandir
w,1254857478,26.39072605714286,90.07657327142856,amenity,school,
w,1254857610,26.39004256,90.07442932000001,amenity,place_of_worship,Tulshibil Brahma Mandir
w,1254863970,26.449156019999997,90.07570782,amenity,place_of_worship,
w,1254970091,26.4120166,91.51356516666665,amenity,hospital,
w,1255248277,26.342924959999998,90.09382975999999,amenity,marketplace,
w,1256009553,26.418763485714287,90.27848394285715,shop,supermarket,Vishal Mega Mart
w,1256009557,26.41771548,90.27744698000001,amenity,fuel,Indian Oil Petrol Pump
w,1256011393,26.41534742,90.28061926000001,amenity,college,
w,1257818309,26.42512156,90.09073446,amenity,place_of_worship,
w,1257834608,26.46179932,90.08615554000001,amenity,place_of_worship,
w,1258722644,26.377866419999997,90.02607182,amenity,place_of_worship,
w,1258743972,26.40516846,90.01013498,amenity,place_of_worship,
w,1261941028,26.26841122,89.88018814,amenity,place_of_worship,
w,1261943990,26.34695426,90.04820198,amenity,place_of_worship,
w,1266001327,26.4662886125,90.2834321486111,amenity,hospital,
w,1266002560,26.46158289285714,90.27892406071429,amenity,hospital,
w,1266010229,26.432874319999996,90.06401752,amenity,place_of_worship,
w,1268184735,26.402242,90.27610443,amenity,place_of_worship,
w,1268435630,26.46707596,90.08924108,amenity,place_of_worship,"Jinjiribil Brahma Mandir, Kamalsing"
w,1270412120,26.278296004999998,90.04442506000001,amenity,place_of_worship,
w,1270412921,26.282787539999998,90.0892571,amenity,place_of_worship,
w,1270413780,26.26751205,90.07727741,amenity,place_of_worship,
w,1271125610,26.17296321111111,91.76052512222222,shop,clothes,Pantaloons
w,1272539291,26.47755578,90.09385306,amenity,place_of_worship,
w,1272746438,26.439890279999997,90.22639280000001,amenity,place_of_worship,
w,1272847254,26.444284266666667,89.94813411666667,amenity,marketplace,Telipara Bazar
w,1272852202,26.427590459999998,90.2825998,amenity,bank,State Bank of India
w,1273145680,26.581186765,90.265799085,amenity,place_of_worship,
w,1273468863,26.472889379999998,90.08991458,amenity,place_of_worship,
w,1273864549,27.07566073846154,93.60399271538462,amenity,college,Dera Natung Govt. College
w,1277937167,26.08902126,89.87823482,amenity,place_of_worship,
w,1280692054,26.442782899999997,90.04484142,amenity,place_of_worship,
w,1281980533,26.482062559999996,90.09349352,amenity,place_of_worship,
w,1282213208,26.45877284,90.20780896,amenity,place_of_worship,
w,1284599780,26.286987855555555,90.03286928888889,amenity,place_of_worship,
w,1284608860,26.40220764,90.23949282,amenity,place_of_worship,
w,1284608864,26.41330458,90.21649546,amenity,place_of_worship,
w,1284665534,26.45166552,90.05282928,amenity,place_of_worship,
w,1284886840,26.473883219999998,90.53086090000001,amenity,place_of_worship,
w,1286964991,24.87992943333333,92.45082559999999,amenity,school,Gonipur Kamalganj School & College
w,1286967227,24.89876506,92.45926196,shop,supermarket,মাদিহার মামার দোকান
w,1286979090,24.928520416666668,92.4551603,amenity,school,86 No Koshkonokpur Government Primary School
w,1287267808,24.904685160000003,92.22634432,amenity,school,মইয়াখালী সরকারী প্রাথমিক বিদ্যালয়
w,1287272425,24.867023319999998,92.3901695,amenity,fuel,মেসার্স তালুকদার এল পি জি ফিলিং স্টেশন
w,1288836006,24.898489599999998,92.47638564,amenity,school,রাশিদিয়া বালিকা দাখিল মাদ্রাসা
w,1288836256,24.9045791,92.48232308,amenity,school,"kazirpara, uttorkul govet praimery school."
w,1288836661,24.943374740000003,92.43434804,amenity,school,কলাকুটা সরকারি প্রথমিক বিদ্যালয়
w,1288844428,24.8790608,92.45468214,amenity,school,Haji Abdul Aziz Tapadar Girls Academy
w,1288844517,24.87887088,92.46036842,amenity,school,১১০নং শাহ শরিফ সরকারী প্রাথমিক বিদ্যালয়
w,1288932076,26.38381698888889,90.04617182222222,amenity,marketplace,
w,1289023202,24.869579140000003,92.41868122,amenity,place_of_worship,বদল শাহ (রাহ:)মাজার জামে মসজিদ
w,1289027223,24.90405596,92.43079603999999,amenity,school,চাঁন্দপুর সরকারি প্রাথমিক বিদ্যালয়
w,1289027318,24.90518952,92.42799218,amenity,place_of_worship,খারিজা কেন্দীয় জামে মসজিদ
w,1289047432,24.93477286,92.48358615999999,amenity,school,লক্ষীরায়েরচক সরকারি প্রাথমিক বিদ্যালয়
w,1289048148,24.91842675,92.48918233333335,amenity,place_of_worship,মুন্সী পাড়া আটমহল্লা শাহী ইদগাহ ছালেহপুর
w,1289794961,24.881133339999998,92.36457786,amenity,school,জকিগঞ্জ গার্লস হাইস্কুল
w,1290583845,24.93854022,92.45613246,amenity,clinic,কসকনকপুর কমিটি ক্লিনিক
w,1290583894,24.9381007,92.45309412,amenity,school,টগর ঠাকুর সরকারি প্রাথমিক বিদ্যালয়
w,1290583983,24.937773720000003,92.45337722,amenity,place_of_worship,কসকনকপুর গাজীরমোকাম শাহী ঈদগাহ
w,1291635605,24.94656414,92.44069352,amenity,place_of_worship,
w,1294938806,26.181204828,91.836785696,amenity,school,Maria's Public School
w,1294949105,26.094361227272728,91.73948307272727,amenity,school,Axel Public School
w,1294949421,26.09475218,91.74013762,amenity,fast_food,
w,1304575005,26.15184394,91.69479129999999,amenity,hospital,Maligaon Railway Hospital
w,1306687825,27.0037633,94.84953344444445,amenity,school,
w,1307330578,27.02655582,95.02163558,amenity,place_of_worship,SONARI SHIVA MANDIR
w,1307330582,27.02722806,94.94112612,amenity,place_of_worship,
w,1310989498,25.2849135,89.92312412,shop,yes,
w,1310989499,25.28481884,89.9231131,shop,yes,
w,1310989500,25.28473944,89.9231056,shop,yes,
w,1310989504,25.29127666,89.92139118,amenity,school,Junior High School
w,1310989505,25.29373198,89.92086502,amenity,place_of_worship,
w,1311034953,26.507925339999996,93.97375508,amenity,place_of_worship,
w,1312660309,26.004893900000003,92.85256541999999,amenity,place_of_worship,
w,1313324062,26.14270714,92.81961004,amenity,place_of_worship,
w,1314689558,26.1026733125,93.023417475,amenity,school,
w,1315043120,26.243768720000002,92.33904423999999,amenity,cafe,
w,1316252043,25.18718081111111,93.01414848888889,amenity,college,Kendriya Vidyalaya
w,1316603210,26.250809359999998,92.07192305999999,amenity,school,
w,1316817080,25.41500964,92.80160688,amenity,place_of_worship,
w,1319345473,24.871792499999998,92.5796915,amenity,place_of_worship,
w,1319483486,25.872803859999998,92.90985008,amenity,college,Veer Demalu College
w,1319729494,24.93014252857143,92.76988754285715,amenity,place_of_worship,Sawnashi Tilla Mandir
w,1319734325,24.97826018,92.7608061,amenity,place_of_worship,
w,1324935883,26.988069442857142,95.50465152857143,amenity,bus_station,Khonsa Bus Stand
w,1324935897,26.989523966666667,95.50247703333334,amenity,bank,State Bank of India
w,1324935902,26.9918963,95.50908799999999,amenity,fuel,Indian Oil Khonsa
w,1326364996,24.68538008333333,92.56292758333332,amenity,school,Government V.M H.S School
w,1327327676,24.846505313333335,92.69911802,amenity,place_of_worship,
w,1327356632,24.83272736,92.6309077,amenity,place_of_worship,
w,1327645974,24.735151860000002,92.8918657,amenity,marketplace,
w,1328238298,24.97861748,92.51981424,amenity,place_of_worship,
w,1328432561,24.8764393,92.77690614000001,amenity,place_of_worship,
w,1328432568,24.91633269090909,92.77763384545455,amenity,place_of_worship,
w,1328432571,24.9165932,92.7775446875,amenity,place_of_worship,
w,1328433664,24.9281118,92.76698316,amenity,place_of_worship,
w,1334252276,26.75778114,94.20305654,amenity,restaurant,Nova Akhol
w,1334976125,26.18693622,91.7444927,amenity,restaurant,
w,1334976135,26.181689383333335,91.74063529166666,amenity,place_of_worship,
w,1334976136,26.182303216666668,91.74074593333334,amenity,place_of_worship,
w,1334976137,26.181625142857143,91.74160211428571,amenity,place_of_worship,
w,1334976144,26.17844154,91.75037311999999,amenity,place_of_worship,
w,1334976146,26.1806605,91.740028575,amenity,place_of_worship,
w,1334976153,26.16740274,91.77822268,amenity,restaurant,
w,1334976157,26.177901639999998,91.7759187,amenity,cafe,
w,1334976159,26.186853916666667,91.74286165,amenity,cafe,
w,1334976165,26.1706755375,91.7626628375,amenity,hospital,
w,1334976176,26.15579242,91.7791248,amenity,place_of_worship,
w,1334978016,25.846339642857142,93.42782098571429,amenity,school,iti playground
w,1334978017,25.84104183,93.43072185999999,amenity,school,sankardev school playground
w,1334978775,25.5690697,91.89858631666668,amenity,cafe,swish cafe
w,1334978784,25.5850973,91.86919091666665,amenity,place_of_worship,
w,1334978793,25.57153275,91.89716663333333,amenity,restaurant,Dejavu
w,1334978794,25.57110274,91.89611946,amenity,cafe,Bread cafe
w,1334978820,25.591234342857142,91.90317855714285,amenity,place_of_worship,
w,1334979930,27.017762516666664,94.996358025,amenity,hospital,PB HOSPITAL
w,1335028641,26.109594716666667,91.80596538333333,amenity,place_of_worship,durga mandir
w,1335028676,26.167326477777777,91.74534375555555,amenity,school,arya vidyapeeth college
w,1335030739,26.117714725,91.96866230833332,amenity,bank,State Bank of India
w,1335030743,26.117416233333334,91.97311029999999,shop,seafood,
w,1335030744,26.1186373,91.96880946,amenity,place_of_worship,
w,1335030802,26.117863228571427,91.97146827142856,shop,yes,
w,1335030804,26.118026980000003,91.9705088,amenity,police,sonapur police station
w,1335311932,26.120343760000004,91.97280946,shop,toys,
w,1335311942,26.12158582,91.9727159,shop,butcher,
w,1335312231,27.18272478,95.10782415999999,amenity,marketplace,daily bazar
w,1335312232,27.18354738888889,95.11179305555555,amenity,place_of_worship,Juri Aai than
w,1335312238,27.1741235,95.10156068,amenity,school,VIDYA NIKETAN SCHOOLGROUND
w,1335312240,27.17339456,95.10260023999999,shop,florist,
w,1335312245,27.1810805,95.11146865999999,amenity,place_of_worship,NAMGHAR
w,1335312247,27.180910933333333,95.11159768333334,amenity,school,OPEN GROUND
w,1335312248,27.18336332,95.11039162,amenity,fuel,PETROL PUMP
w,1335312252,27.18108142222222,95.09012666666666,amenity,police,
w,1335312256,27.181004025,95.1002649125,amenity,marketplace,SUNDAY MARKET
w,1335312259,27.182756660000003,95.10631674,amenity,marketplace,SHOPS
w,1335312260,27.181796950000003,95.10902735,amenity,place_of_worship,HARI MANDIR
w,1335312262,27.1835697,95.10963902,shop,greengrocer,SHIV SHOP
w,1335312263,27.183403320000004,95.11011758,shop,furniture,
w,1335312267,27.183573079999995,95.10944515999999,shop,yes,HARDWER STORE
w,1335312272,27.18506274,95.12670557999999,amenity,place_of_worship,NAMGHAR
w,1335312291,27.18335616,95.10905332,amenity,fast_food,
w,1335312294,27.18981064,95.1256996,amenity,school,OPEN
w,1335344053,27.488918242857146,95.35220517142857,amenity,hospital,SK Dey Hospital
w,1335344953,26.75059122,94.20794378000001,amenity,place_of_worship,Atila gaon Namghar
w,1335344967,26.754964440000002,94.2154595,amenity,restaurant,Crazy hut
w,1338253745,26.103915351851853,91.84340208518518,amenity,school,Delhi Public School Khanapara
w,1339118460,24.905339299999998,92.26171116666667,amenity,school,
w,1339761930,26.318507599999997,93.91038908,amenity,fast_food,McDonald's
w,1340391926,24.721647128571426,92.33701522857143,amenity,place_of_worship,
w,1341946170,24.48581734,92.43835138,amenity,place_of_worship,
w,1343752626,25.1402417,91.74931146,amenity,restaurant,Shada Pathor Hotel and Resort
w,1343844908,24.82857286,92.73455802,amenity,place_of_worship,
w,1343853385,24.773665819999998,92.75474394,amenity,place_of_worship,
w,1343853386,24.65861166,92.86817748,amenity,place_of_worship,
w,1343853387,24.66535098,92.86017684000001,amenity,place_of_worship,
w,1343853388,24.66633684,92.85672056,amenity,place_of_worship,
w,1343853389,24.67564678,92.82909654,amenity,place_of_worship,
w,1343853390,24.68110696,92.8262335,amenity,place_of_worship,
w,1343853391,24.6669636,92.79505392,amenity,place_of_worship,
w,1343853392,24.70529338,92.79791152,amenity,place_of_worship,
w,1343853393,24.71864806,92.81918995999999,amenity,place_of_worship,
w,1343853394,24.718345966666668,92.819518,amenity,place_of_worship,
w,1343853395,24.7457819,92.82148636000001,amenity,place_of_worship,
w,1343853396,24.749306715384616,92.81835182307692,amenity,place_of_worship,
w,1343853397,24.74923698,92.81834778,amenity,place_of_worship,
w,1343853398,24.74483822,92.77525882,amenity,place_of_worship,
w,1343853399,24.76093376,92.8022895,amenity,place_of_worship,
w,1343853400,24.76806368,92.79294374,amenity,place_of_worship,
w,1343853401,24.80685384,92.77701758,amenity,place_of_worship,
w,1343853402,24.807574440000003,92.76866,amenity,place_of_worship,
w,1343853407,24.83862976,92.7650325,amenity,place_of_worship,
w,1343853408,24.843284269230768,92.76684513846155,amenity,place_of_worship,
w,1343853411,24.868159384615385,92.79366986153846,amenity,place_of_worship,
w,1343894519,24.349862780000002,92.39192484,amenity,place_of_worship,
w,1343894565,24.4959527,92.47051902,amenity,place_of_worship,
w,1343894574,24.49924956,92.43705258,amenity,place_of_worship,
w,1353407394,24.803333254545453,93.94972865454544,amenity,school,
w,1353755382,25.1281285,93.02496876923077,amenity,school,Jatinga LP School
w,1353755383,25.12767748,93.02487818,amenity,school,Jatinga High School
w,1353755390,25.17452105555556,93.01395806666667,amenity,school,Synod School
w,1353755392,25.169777683333336,93.0146487,amenity,school,
w,1354152997,25.183318786666668,93.01682456,amenity,school,
w,1354171690,25.190122357142858,93.0039147,amenity,school,
w,1354189420,25.161409584210528,93.01476311578948,amenity,school,Govt. Boys Higher Secondary School
w,1354189423,25.167485653333333,93.01459222,amenity,place_of_worship,
w,1354189425,25.167019606666667,93.01675185999999,amenity,place_of_worship,
w,1354189430,25.1691117,93.01265484000001,amenity,school,Hills Degree College
w,1354189432,25.167881726923078,93.01167877307692,amenity,school,Saint Agnes Convent School
w,1354189433,25.166883564705884,93.01282158235294,amenity,hospital,Holy Spirit Hospital
w,1354189434,25.18262444,93.01473661,amenity,school,Sengya Sambhudan College
w,1354189435,25.181404425,93.00780837500001,amenity,school,Longmang High School
w,1356613550,26.60677938,94.48268164,amenity,place_of_worship,
w,1362789756,27.5384475,93.81460677999999,amenity,bank,State Bank of India
w,1365496571,27.241306913333332,92.24835073333334,amenity,place_of_worship,
w,1365748464,27.58190105,93.82807335,amenity,restaurant,Apatani Kitchen
w,1369764943,27.026363779999997,95.0199823,shop,tattoo,Black Ink Tattoo Studio
w,1370897158,27.44725662857143,94.89178007142857,amenity,marketplace,DU Haat
w,1370897159,27.451684221428575,94.89728906904762,amenity,university,DIbrugarh University
w,1388625189,26.147917319999998,91.78631745999999,amenity,school,Gopal Boro Govt HS School
w,1388634456,26.13946515714286,91.7527863,amenity,school,Sabitri Bharali High School
w,1391416738,25.84195456153846,93.42556315384614,amenity,college,Diphu Government College
w,1393356703,26.102450450000003,90.42307503333335,amenity,college,West Goalpara College
w,1409685870,26.130227466666668,91.76746318333333,amenity,place_of_worship,Chukafa Mandir
w,1411432670,26.1564064,91.78935396,amenity,restaurant,NOVO KITCHEN
w,1414223289,26.15588754,91.77807688,amenity,school,St. Stephen's School
w,1414530609,26.0877659375,91.7895005375,amenity,school,DAKSHIN GANESH NAGAR LPS
w,1414530610,26.087945783333335,91.78960888333334,amenity,place_of_worship,Dakhin Ganesh Nager Shiv Mandir
w,1414530611,26.087929759999998,91.78966104,amenity,place_of_worship,Dakhin Ganesh Nager Naam Ghar
w,1415212651,27.52969038095238,91.7108332952381,amenity,place_of_worship,Dolma Lhakhang
w,1417484679,26.409306942857143,93.44413027142858,amenity,school,
w,1419539182,26.355651539999997,92.70018502,amenity,place_of_worship,Namghar
w,1421601937,27.089959485714285,93.61487591428572,shop,convenience,
w,1421601938,27.091230683333336,93.6164349,amenity,bank,ICICI Bank
w,1422913643,25.57569571428571,91.88398918571428,amenity,place_of_worship,Police Bazar Presbyterian Church
w,1423293370,26.160401280000002,91.83612182,amenity,marketplace,market place
w,1423293371,26.156468122222222,91.83764747777778,amenity,marketplace,weekly market place
w,1423820079,26.31877272,93.91079859999999,amenity,fast_food,McDonald's
w,1424945242,24.3337955,92.71869994,amenity,place_of_worship,
w,1425267894,24.868721488888887,92.36999256666667,amenity,school,Bikamchand balika vidyaniketan
w,1426856257,26.415779627272727,90.27415254545454,amenity,school,Don Bosco Playground
w,1429488966,25.61646376,94.11310843999999,amenity,restaurant,The Naga touch
w,1429772907,24.871654080000003,92.56095548,amenity,place_of_worship,College Sanglagna Masjid
w,1429772908,24.85875312,92.45126644,amenity,place_of_worship,Lamajuar Kalibari
w,1429772910,24.85742634,92.4498282,amenity,place_of_worship,East Lamajuar Jame Masjid
w,1429772911,24.86159053333333,92.44970546666667,amenity,place_of_worship,Purba Lamajuar-Sheralipur Al-ittehad Jame Masjid
w,1429921990,24.85842462,92.4781555,amenity,school,Bhanga Higher Secondary School
w,1432006583,24.488287816000003,93.756539008,amenity,school,"St. Xavier's School, Moirang"
w,1433579601,26.16684768,91.76690946,amenity,fast_food,J14 Hub
w,1434145941,24.487935146153845,93.75660913846153,amenity,place_of_worship,
w,1434148944,26.664322879999997,93.6998648,amenity,place_of_worship,
w,1434855471,26.195060433333335,91.702213225,amenity,college,Cricket Ground - IITG
w,1436404280,27.1797522,95.10325873333333,amenity,school,
w,1442594236,26.180254760000004,91.7753034,amenity,fast_food,J14 COMMERCE
w,1445264639,24.182127566666665,92.53899066666666,amenity,school,St. Vincent School
w,1458971476,26.21235945714286,93.05974781428571,amenity,school,Dokmoka Higher Secondary School
w,1459236429,26.377316999999998,93.78072540000001,amenity,fast_food,
w,1459298202,26.31829778,93.9097243,amenity,fast_food,McDonald's
w,1467793947,24.24242932,94.30235796,amenity,place_of_worship,
w,1467793948,24.242415055555554,94.30281337777778,amenity,place_of_worship,
w,1467793952,24.231736544444445,94.29684818888889,amenity,place_of_worship,
w,1467793957,24.239375726086955,94.29917033043478,amenity,police,Integrated Check Post Moreh (Moreh ICP)
w,1467793969,24.33022202,94.3240788,amenity,place_of_worship,
w,1467793992,24.243686259999997,94.29547471999999,amenity,place_of_worship,
w,1467793994,24.25209808888889,94.30721731111112,amenity,place_of_worship,
w,1467793995,24.302740640000003,94.31996666,amenity,place_of_worship,
w,1476623650,25.20286106,92.45824002,amenity,school,
w,1483339409,25.67214277142857,91.91273038928571,amenity,college,North East Regional Institute of Education
w,1501293390,26.15762646,91.7781115,shop,mall,Central Mall
w,1505236028,27.752845415384613,93.61858221538462,amenity,school,
w,1506350414,27.98619322,94.41576676,amenity,school,
w,1506931583,27.263223616666664,92.42326443333333,amenity,restaurant,Tawang Restaurant
w,1506931594,27.26320692222222,92.42357071111111,amenity,cafe,Cafe Lungta
w,1506931596,27.262363066666666,92.42339446666666,shop,convenience,Grocery & Sweets
w,1514034703,25.098930622222223,94.36068257777778,amenity,place_of_worship,
w,1531580307,26.72331704,94.19745322,amenity,restaurant,AAU canteen & Indoor Staduim
w,1532946087,26.692994985714286,92.84104711428571,amenity,school,Samdhara High School Field
w,1533874736,26.720640055555556,94.19730417777777,amenity,cafe,Vandium
w,1534819787,26.72231824,94.1948065,amenity,fast_food,Varsity
w,1534820926,26.722124439999998,94.19471932,amenity,cafe,Scholarz Kaffee
w,1537112763,26.7251094,94.19843466,amenity,bank,State Bank of India
w,1538935098,25.792150659999997,94.80878634000001,amenity,place_of_worship,
w,1540881235,26.167304839999996,91.83124434,amenity,school,Saint Francis de Sales School
w,1550010407,25.11131682222222,94.36008734444445,amenity,place_of_worship,
w,1551012385,25.57421046,91.89076788,amenity,place_of_worship,
w,1551261616,25.29879926521739,91.58718196086956,amenity,school,
w,1551276529,25.262137340000002,91.52919014,amenity,place_of_worship,
w,1551943554,25.560873366666662,91.90457269047619,amenity,place_of_worship,Nongthymmai Presbyterian Church
w,1551962720,25.5821581,91.88707625416667,shop,mall,
w,1551987401,25.561278361538463,91.88636972307692,amenity,place_of_worship,Malki Presbyterian Church
w,1551992353,25.58815802,91.89628528,amenity,restaurant,
w,1552204779,25.5880508,91.9065243,amenity,place_of_worship,
w,1552909061,26.1080004,90.36353274000001,amenity,place_of_worship,Sowari Poitari Masjid
w,1554065149,25.68458041764706,91.63350124117648,amenity,place_of_worship,Nongkhlaw Presbyterian Church
w,1554717302,25.358307422033896,91.41737452881355,amenity,school,
w,1555127124,26.103608080000004,90.37354746,amenity,marketplace,Poitari Bazar
w,1556494101,26.165457853846153,91.69181888461539,amenity,college,
w,1559095590,26.18674287142857,91.74826935714285,amenity,university,Cotton University
w,1559095596,26.18777148,91.75003972,amenity,college,Handique Girls College
w,1561761790,25.5350003,94.24773453333334,amenity,place_of_worship,Zapami Baptist Church
w,1562045221,25.544879930769227,94.26627043846155,amenity,place_of_worship,
w,1562045222,25.547063055555554,94.27065282222222,amenity,place_of_worship,
