group,experiments,vehicle_id,lane,class_raw,class_std,t_in_s,t_out_s,t_in_rawsheet,t_out_rawsheet,t_in_edited_between_sheets,t_out_edited_between_sheets,section_length_m,travel_time_s,speed_reported_kmh,speed_kmh_recomputed,speed_from_rawsheet_kmh,speed_plausibility,headway_reported_s,free_flow_reported,headway_to_leader_s,headway_to_follower_s,free_flow_recomputed_gt5s,leader_id,pair_follower_leader,order_in_rawsheet,source_file,source_location,extraction_method
Group 5,Exp3 (speed/volume) + Exp4 (headway),323,Median,Car,Car,2.93,6.542,2.93,6.542,False,False,50.0,3.612,49.83388704318937,49.834,49.834,OK,3.1999999999999997,No,,3.2,False,,,2,Bhavesh_Traffic volume video_analysis_datasheet_1.xlsx,Median lane J-Q (final) | Speed (free & non free) A-E (raw entry),"xlsx cell values (openpyxl, data_only)"
Group 5,Exp3 (speed/volume) + Exp4 (headway),407,Median,Car,Car,6.13,8.7,6.13,7.7,False,True,50.0,2.57,70.03891050583658,70.039,114.65,OK,5.47,Yes,3.2,5.47,True,323.0,Car–Car,3,Bhavesh_Traffic volume video_analysis_datasheet_1.xlsx,Median lane A-H (final) | Speed (free & non free) A-E (raw entry),"xlsx cell values (openpyxl, data_only)"
Group 5,Exp3 (speed/volume) + Exp4 (headway),1080,Median,Truck,Truck,11.6,14.73,11.6,14.73,False,False,50.0,3.13,57.50798722044727,57.508,57.508,OK,11.430000000000001,Yes,5.47,11.43,True,407.0,Truck–Car,5,Bhavesh_Traffic volume video_analysis_datasheet_1.xlsx,Median lane A-H (final) | Speed (free & non free) A-E (raw entry),"xlsx cell values (openpyxl, data_only)"
Group 5,Exp3 (speed/volume) + Exp4 (headway),1803,Median,Truck,Truck,23.03,25.37,23.03,25.37,False,False,50.0,2.34,76.92307692307693,76.923,76.923,OK,3.0,No,11.43,3.0,False,1080.0,Truck–Truck,11,Bhavesh_Traffic volume video_analysis_datasheet_1.xlsx,Median lane J-Q (final) | Speed (free & non free) A-E (raw entry),"xlsx cell values (openpyxl, data_only)"
Group 5,Exp3 (speed/volume) + Exp4 (headway),2125,Median,Car,Car,26.03,29.942,26.03,29.942,False,False,50.0,3.912,46.01226993865032,46.012,46.012,OK,0.07000000000000028,No,3.0,0.07,False,1803.0,Car–Truck,13,Bhavesh_Traffic volume video_analysis_datasheet_1.xlsx,Median lane J-Q (final) | Speed (free & non free) A-E (raw entry),"xlsx cell values (openpyxl, data_only)"
Group 5,Exp3 (speed/volume) + Exp4 (headway),2138,Median,Car,Car,26.1,28.2,26.1,28.2,False,False,50.0,2.1,85.71428571428581,85.714,85.714,OK,2.5700000000000003,No,0.07,2.57,False,2125.0,Car–Car,14,Bhavesh_Traffic volume video_analysis_datasheet_1.xlsx,Median lane J-Q (final) | Speed (free & non free) A-E (raw entry),"xlsx cell values (openpyxl, data_only)"
Group 5,Exp3 (speed/volume) + Exp4 (headway),2360,Median,Car,Car,28.67,32.33,28.67,32.33,False,False,50.0,3.66,49.18032786885251,49.18,49.18,OK,2.099999999999998,No,2.57,2.1,False,2138.0,Car–Car,17,Bhavesh_Traffic volume video_analysis_datasheet_1.xlsx,Median lane J-Q (final) | Speed (free & non free) A-E (raw entry),"xlsx cell values (openpyxl, data_only)"
Group 5,Exp3 (speed/volume) + Exp4 (headway),2723,Median,Car,Car,30.77,33.53,30.77,33.53,False,False,50.0,2.76,65.21739130434779,65.217,65.217,OK,1.3300000000000018,No,2.1,1.33,False,2360.0,Car–Car,18,Bhavesh_Traffic volume video_analysis_datasheet_1.xlsx,Median lane J-Q (final) | Speed (free & non free) A-E (raw entry),"xlsx cell values (openpyxl, data_only)"
Group 5,Exp3 (speed/volume) + Exp4 (headway),2809,Median,lcv,LCV,32.1,35.23,32.1,35.23,False,False,50.0,3.13,57.50798722044737,57.508,57.508,OK,6.369999999999997,Yes,1.33,6.37,True,2723.0,LCV–Car,19,Bhavesh_Traffic volume video_analysis_datasheet_1.xlsx,Median lane A-H (final) | Speed (free & non free) A-E (raw entry),"xlsx cell values (openpyxl, data_only)"
Group 5,Exp3 (speed/volume) + Exp4 (headway),3362,Median,Car,Car,38.47,40.7,38.47,40.7,False,False,50.0,2.23,80.71748878923752,80.717,80.717,OK,8.700000000000003,Yes,6.37,8.7,True,2809.0,Car–LCV,24,Bhavesh_Traffic volume video_analysis_datasheet_1.xlsx,Median lane A-H (final) | Speed (free & non free) A-E (raw entry),"xlsx cell values (openpyxl, data_only)"
Group 5,Exp3 (speed/volume) + Exp4 (headway),3611,Median,Car,Car,47.17,50.23,47.17,50.23,False,False,50.0,3.06,58.823529411764795,58.824,58.824,OK,7.559999999999995,Yes,8.7,7.56,True,3362.0,Car–Car,28,Bhavesh_Traffic volume video_analysis_datasheet_1.xlsx,Median lane A-H (final) | Speed (free & non free) A-E (raw entry),"xlsx cell values (openpyxl, data_only)"
Group 5,Exp3 (speed/volume) + Exp4 (headway),4323,Median,Car,Car,54.73,57.27,54.73,57.27,False,False,50.0,2.54,70.8661417322833,70.866,70.866,OK,3.5400000000000063,No,7.56,3.54,False,3611.0,Car–Car,30,Bhavesh_Traffic volume video_analysis_datasheet_1.xlsx,Median lane J-Q (final) | Speed (free & non free) A-E (raw entry),"xlsx cell values (openpyxl, data_only)"
Group 5,Exp3 (speed/volume) + Exp4 (headway),4590,Median,Car,Car,58.27,63.03,58.27,63.03,False,False,50.0,4.76,37.81512605042018,37.815,37.815,OK,8.359999999999992,Yes,3.54,8.36,True,4323.0,Car–Car,33,Bhavesh_Traffic volume video_analysis_datasheet_1.xlsx,Median lane A-H (final) | Speed (free & non free) A-E (raw entry),"xlsx cell values (openpyxl, data_only)"
Group 5,Exp3 (speed/volume) + Exp4 (headway),5833,Median,lcv,LCV,66.63,68.73,66.63,68.73,False,False,50.0,2.1,85.71428571428537,85.714,85.714,OK,5.439999999999998,Yes,8.36,5.44,True,4590.0,LCV–Car,37,Bhavesh_Traffic volume video_analysis_datasheet_1.xlsx,Median lane A-H (final) | Speed (free & non free) A-E (raw entry),"xlsx cell values (openpyxl, data_only)"
Group 5,Exp3 (speed/volume) + Exp4 (headway),6569,Median,Car,Car,72.07,75.73,72.07,75.73,False,False,50.0,3.66,49.180327868852316,49.18,49.18,OK,4.260000000000005,No,5.44,4.26,False,5833.0,Car–LCV,40,Bhavesh_Traffic volume video_analysis_datasheet_1.xlsx,Median lane J-Q (final) | Speed (free & non free) A-E (raw entry),"xlsx cell values (openpyxl, data_only)"
Group 5,Exp3 (speed/volume) + Exp4 (headway),7052,Median,Car,Car,76.33,79.67,76.33,79.67,False,False,50.0,3.34,53.89221556886222,53.892,53.892,OK,1.5400000000000063,No,4.26,1.54,False,6569.0,Car–Car,41,Bhavesh_Traffic volume video_analysis_datasheet_1.xlsx,Median lane J-Q (final) | Speed (free & non free) A-E (raw entry),"xlsx cell values (openpyxl, data_only)"
Group 5,Exp3 (speed/volume) + Exp4 (headway),7178,Median,Car,Car,77.87,80.87,77.87,80.87,False,False,50.0,3.0,60.0,60.0,60.0,OK,3.1299999999999955,No,1.54,3.13,False,7052.0,Car–Car,42,Bhavesh_Traffic volume video_analysis_datasheet_1.xlsx,Median lane J-Q (final) | Speed (free & non free) A-E (raw entry),"xlsx cell values (openpyxl, data_only)"
Group 5,Exp3 (speed/volume) + Exp4 (headway),7383,Median,Car,Car,81.0,84.53,81.0,84.53,False,False,50.0,3.53,50.99150141643058,50.992,50.992,OK,4.730000000000004,No,3.13,4.73,False,7178.0,Car–Car,43,Bhavesh_Traffic volume video_analysis_datasheet_1.xlsx,Median lane J-Q (final) | Speed (free & non free) A-E (raw entry),"xlsx cell values (openpyxl, data_only)"
Group 5,Exp3 (speed/volume) + Exp4 (headway),7993,Median,lcv,LCV,85.73,88.73,85.73,88.73,False,False,50.0,3.0,60.0,60.0,60.0,OK,19.539999999999992,Yes,4.73,19.54,True,7383.0,LCV–Car,45,Bhavesh_Traffic volume video_analysis_datasheet_1.xlsx,Median lane A-H (final) | Speed (free & non free) A-E (raw entry),"xlsx cell values (openpyxl, data_only)"
Group 5,Exp3 (speed/volume) + Exp4 (headway),9940,Median,bus,Bus,105.27,108.9,105.27,108.9,False,False,50.0,3.63,49.586776859504,49.587,49.587,OK,4.460000000000008,No,19.54,4.46,False,7993.0,Bus–LCV,50,Bhavesh_Traffic volume video_analysis_datasheet_1.xlsx,Median lane J-Q (final) | Speed (free & non free) A-E (raw entry),"xlsx cell values (openpyxl, data_only)"
Group 5,Exp3 (speed/volume) + Exp4 (headway),10473,Median,Car,Car,109.73,112.23,109.73,112.23,False,False,50.0,2.5,72.0,72.0,72.0,OK,0.14000000000000057,No,4.46,0.14,False,9940.0,Car–Bus,52,Bhavesh_Traffic volume video_analysis_datasheet_1.xlsx,Median lane J-Q (final) | Speed (free & non free) A-E (raw entry),"xlsx cell values (openpyxl, data_only)"
Group 5,Exp3 (speed/volume) + Exp4 (headway),10499,Median,Car,Car,109.87,113.03,109.87,113.03,False,False,50.0,3.16,56.96202531645576,56.962,56.962,OK,1.8299999999999983,No,0.14,1.83,False,10473.0,Car–Car,53,Bhavesh_Traffic volume video_analysis_datasheet_1.xlsx,Median lane J-Q (final) | Speed (free & non free) A-E (raw entry),"xlsx cell values (openpyxl, data_only)"
Group 5,Exp3 (speed/volume) + Exp4 (headway),10403,Median,lcv,LCV,111.7,115.57,111.7,115.57,False,False,50.0,3.87,46.51162790697686,46.512,46.512,OK,4.099999999999994,No,1.83,4.1,False,10499.0,LCV–Car,54,Bhavesh_Traffic volume video_analysis_datasheet_1.xlsx,Median lane J-Q (final) | Speed (free & non free) A-E (raw entry),"xlsx cell values (openpyxl, data_only)"
Group 5,Exp3 (speed/volume) + Exp4 (headway),11124,Median,Car,Car,115.8,118.07,115.8,118.07,False,False,50.0,2.27,79.29515418502217,79.295,79.295,OK,0.13000000000000966,No,4.1,0.13,False,10403.0,Car–LCV,56,Bhavesh_Traffic volume video_analysis_datasheet_1.xlsx,Median lane J-Q (final) | Speed (free & non free) A-E (raw entry),"xlsx cell values (openpyxl, data_only)"
Group 5,Exp3 (speed/volume) + Exp4 (headway),11143,Median,Car,Car,115.93,123.57,115.93,123.57,False,False,50.0,7.64,23.560209424083812,23.56,23.56,OK,0.13999999999998636,No,0.13,0.14,False,11124.0,Car–Car,57,Bhavesh_Traffic volume video_analysis_datasheet_1.xlsx,Median lane J-Q (final) | Speed (free & non free) A-E (raw entry),"xlsx cell values (openpyxl, data_only)"
Group 5,Exp3 (speed/volume) + Exp4 (headway),11156,Median,Car,Car,116.07,125.83,116.07,125.83,False,False,50.0,9.76,18.44262295081966,18.443,18.443,OK,2.530000000000001,No,0.14,2.53,False,11143.0,Car–Car,58,Bhavesh_Traffic volume video_analysis_datasheet_1.xlsx,Median lane J-Q (final) | Speed (free & non free) A-E (raw entry),"xlsx cell values (openpyxl, data_only)"
Group 5,Exp3 (speed/volume) + Exp4 (headway),11393,Median,lcv,LCV,118.6,122.0,118.6,122.0,False,False,50.0,3.4,52.94117647058815,52.941,52.941,OK,1.6300000000000097,No,2.53,1.63,False,11156.0,LCV–Car,60,Bhavesh_Traffic volume video_analysis_datasheet_1.xlsx,Median lane J-Q (final) | Speed (free & non free) A-E (raw entry),"xlsx cell values (openpyxl, data_only)"
Group 5,Exp3 (speed/volume) + Exp4 (headway),11629,Median,Car,Car,120.23,124.57,120.23,124.57,False,False,50.0,4.34,41.474654377880285,41.475,41.475,OK,1.3699999999999903,No,1.63,1.37,False,11393.0,Car–LCV,63,Bhavesh_Traffic volume video_analysis_datasheet_1.xlsx,Median lane J-Q (final) | Speed (free & non free) A-E (raw entry),"xlsx cell values (openpyxl, data_only)"
Group 5,Exp3 (speed/volume) + Exp4 (headway),11798,Median,Car,Car,121.6,125.9,121.6,125.9,False,False,50.0,4.3,41.86046511627896,41.86,41.86,OK,11.930000000000007,Yes,1.37,11.93,True,11629.0,Car–Car,64,Bhavesh_Traffic volume video_analysis_datasheet_1.xlsx,Median lane A-H (final) | Speed (free & non free) A-E (raw entry),"xlsx cell values (openpyxl, data_only)"
Group 5,Exp3 (speed/volume) + Exp4 (headway),13154,Median,Car,Car,133.53,135.63,133.53,135.63,False,False,50.0,2.1,85.71428571428595,85.714,85.714,OK,9.740000000000009,Yes,11.93,9.74,True,11798.0,Car–Car,70,Bhavesh_Traffic volume video_analysis_datasheet_1.xlsx,Median lane A-H (final) | Speed (free & non free) A-E (raw entry),"xlsx cell values (openpyxl, data_only)"
Group 5,Exp3 (speed/volume) + Exp4 (headway),13732,Median,Car,Car,143.27,147.03,143.27,147.03,False,False,50.0,3.76,47.87234042553203,47.872,47.872,OK,2.030000000000001,No,9.74,2.03,False,13154.0,Car–Car,71,Bhavesh_Traffic volume video_analysis_datasheet_1.xlsx,Median lane J-Q (final) | Speed (free & non free) A-E (raw entry),"xlsx cell values (openpyxl, data_only)"
Group 5,Exp3 (speed/volume) + Exp4 (headway),14197,Median,Car,Car,145.3,148.1,145.3,148.1,False,False,50.0,2.8,64.28571428571468,64.286,64.286,OK,5.5,Yes,2.03,5.5,True,13732.0,Car–Car,73,Bhavesh_Traffic volume video_analysis_datasheet_1.xlsx,Median lane A-H (final) | Speed (free & non free) A-E (raw entry),"xlsx cell values (openpyxl, data_only)"
Group 5,Exp3 (speed/volume) + Exp4 (headway),14840,Median,Car,Car,150.8,153.87,150.8,153.87,False,False,50.0,3.07,58.63192182410437,58.632,58.632,OK,4.699999999999989,No,5.5,4.7,False,14197.0,Car–Car,75,Bhavesh_Traffic volume video_analysis_datasheet_1.xlsx,Median lane J-Q (final) | Speed (free & non free) A-E (raw entry),"xlsx cell values (openpyxl, data_only)"
Group 5,Exp3 (speed/volume) + Exp4 (headway),15146,Median,lcv,LCV,155.5,158.67,155.5,158.67,False,False,50.0,3.17,56.78233438485827,56.782,56.782,OK,0.9000000000000057,No,4.7,0.9,False,14840.0,LCV–Car,76,Bhavesh_Traffic volume video_analysis_datasheet_1.xlsx,Median lane J-Q (final) | Speed (free & non free) A-E (raw entry),"xlsx cell values (openpyxl, data_only)"
Group 5,Exp3 (speed/volume) + Exp4 (headway),15197,Median,Car,Car,156.4,160.13,156.4,160.13,False,False,50.0,3.73,48.25737265415563,48.257,48.257,OK,0.030000000000001137,No,0.9,0.03,False,15146.0,Car–LCV,77,Bhavesh_Traffic volume video_analysis_datasheet_1.xlsx,Median lane J-Q (final) | Speed (free & non free) A-E (raw entry),"xlsx cell values (openpyxl, data_only)"
Group 5,Exp3 (speed/volume) + Exp4 (headway),15089,Median,Car,Car,156.43,159.1,156.43,159.1,False,False,50.0,2.67,67.41573033707897,67.416,67.416,OK,2.1399999999999864,No,0.03,2.14,False,15197.0,Car–Car,78,Bhavesh_Traffic volume video_analysis_datasheet_1.xlsx,Median lane J-Q (final) | Speed (free & non free) A-E (raw entry),"xlsx cell values (openpyxl, data_only)"
Group 5,Exp3 (speed/volume) + Exp4 (headway),15426,Median,Car,Car,158.57,164.07,158.57,164.07,False,False,50.0,5.5,32.72727272727273,32.727,32.727,OK,2.0999999999999943,No,2.14,2.1,False,15089.0,Car–Car,80,Bhavesh_Traffic volume video_analysis_datasheet_1.xlsx,Median lane J-Q (final) | Speed (free & non free) A-E (raw entry),"xlsx cell values (openpyxl, data_only)"
Group 5,Exp3 (speed/volume) + Exp4 (headway),15400,Median,Car,Car,160.67,164.07,160.67,164.07,False,False,50.0,3.4,52.94117647058815,52.941,52.941,OK,14.530000000000001,Yes,2.1,14.53,True,15426.0,Car–Car,81,Bhavesh_Traffic volume video_analysis_datasheet_1.xlsx,Median lane A-H (final) | Speed (free & non free) A-E (raw entry),"xlsx cell values (openpyxl, data_only)"
Group 5,Exp3 (speed/volume) + Exp4 (headway),16658,Median,Truck,Truck,175.2,179.9,175.2,179.9,False,False,50.0,4.7,38.29787234042539,38.298,38.298,OK,4.77000000000001,No,14.53,4.77,False,15400.0,Truck–Car,85,Bhavesh_Traffic volume video_analysis_datasheet_1.xlsx,Median lane J-Q (final) | Speed (free & non free) A-E (raw entry),"xlsx cell values (openpyxl, data_only)"
Group 5,Exp3 (speed/volume) + Exp4 (headway),16839,Median,lcv,LCV,179.97,183.47,179.97,183.47,False,False,50.0,3.5,51.42857142857143,51.429,51.429,OK,19.129999999999995,Yes,4.77,19.13,True,16658.0,LCV–Truck,87,Bhavesh_Traffic volume video_analysis_datasheet_1.xlsx,Median lane A-H (final) | Speed (free & non free) A-E (raw entry),"xlsx cell values (openpyxl, data_only)"
Group 5,Exp3 (speed/volume) + Exp4 (headway),17726,Median,Truck,Truck,199.1,204.13,199.1,204.13,False,False,50.0,5.03,35.78528827037773,35.785,35.785,OK,13.0,Yes,19.13,13.0,True,16839.0,Truck–LCV,93,Bhavesh_Traffic volume video_analysis_datasheet_1.xlsx,Median lane A-H (final) | Speed (free & non free) A-E (raw entry),"xlsx cell values (openpyxl, data_only)"
Group 5,Exp3 (speed/volume) + Exp4 (headway),19187,Median,Truck,Truck,212.1,215.83,212.1,215.83,False,False,50.0,3.73,48.25737265415526,48.257,48.257,OK,3.1299999999999955,No,13.0,3.13,False,17726.0,Truck–Truck,109,Bhavesh_Traffic volume video_analysis_datasheet_1.xlsx,Median lane J-Q (final) | Speed (free & non free) A-E (raw entry),"xlsx cell values (openpyxl, data_only)"
Group 5,Exp3 (speed/volume) + Exp4 (headway),19319,Median,Bus,Bus,215.23,220.49,215.23,220.49,False,False,50.0,5.26,34.22053231939151,34.221,34.221,OK,3.5700000000000216,No,3.13,3.57,False,19187.0,Bus–Truck,110,Bhavesh_Traffic volume video_analysis_datasheet_1.xlsx,Median lane J-Q (final) | Speed (free & non free) A-E (raw entry),"xlsx cell values (openpyxl, data_only)"
Group 5,Exp3 (speed/volume) + Exp4 (headway),19589,Median,Car,Car,218.8,220.0,218.8,220.0,False,False,50.0,1.2,150.00000000000142,150.0,150.0,IMPLAUSIBLE (>120 km/h on urban mid-block),0.06999999999999318,No,3.57,0.07,False,19319.0,Car–Bus,112,Bhavesh_Traffic volume video_analysis_datasheet_1.xlsx,Median lane J-Q (final) | Speed (free & non free) A-E (raw entry),"xlsx cell values (openpyxl, data_only)"
Group 5,Exp3 (speed/volume) + Exp4 (headway),19592,Median,Car,Car,218.87,220.97,218.87,220.97,False,False,50.0,2.1,85.71428571428595,85.714,85.714,OK,5.930000000000007,Yes,0.07,5.93,True,19589.0,Car–Car,113,Bhavesh_Traffic volume video_analysis_datasheet_1.xlsx,Median lane A-H (final) | Speed (free & non free) A-E (raw entry),"xlsx cell values (openpyxl, data_only)"
Group 5,Exp3 (speed/volume) + Exp4 (headway),20330,Median,Car,Car,224.8,226.67,224.8,226.67,False,False,50.0,1.87,96.25668449197984,96.257,96.257,CHECK (90-120 km/h),0.8299999999999841,No,5.93,0.83,False,19592.0,Car–Car,121,Bhavesh_Traffic volume video_analysis_datasheet_1.xlsx,Median lane J-Q (final) | Speed (free & non free) A-E (raw entry),"xlsx cell values (openpyxl, data_only)"
Group 5,Exp3 (speed/volume) + Exp4 (headway),20377,Median,Car,Car,225.63,227.77,225.63,227.77,False,False,50.0,2.14,84.1121495327097,84.112,84.112,OK,0.5699999999999932,No,0.83,0.57,False,20330.0,Car–Car,122,Bhavesh_Traffic volume video_analysis_datasheet_1.xlsx,Median lane J-Q (final) | Speed (free & non free) A-E (raw entry),"xlsx cell values (openpyxl, data_only)"
Group 5,Exp3 (speed/volume) + Exp4 (headway),20457,Median,Truck,Truck,226.2,231.93,226.2,231.93,False,False,50.0,5.73,31.413612565444925,31.414,31.414,OK,0.17000000000001592,No,0.57,0.17,False,20377.0,Truck–Car,123,Bhavesh_Traffic volume video_analysis_datasheet_1.xlsx,Median lane J-Q (final) | Speed (free & non free) A-E (raw entry),"xlsx cell values (openpyxl, data_only)"
Group 5,Exp3 (speed/volume) + Exp4 (headway),20473,Median,Truck,Truck,226.37,233.33,226.37,233.33,False,False,50.0,6.96,25.862068965517214,25.862,25.862,OK,1.6999999999999886,No,0.17,1.7,False,20457.0,Truck–Truck,124,Bhavesh_Traffic volume video_analysis_datasheet_1.xlsx,Median lane J-Q (final) | Speed (free & non free) A-E (raw entry),"xlsx cell values (openpyxl, data_only)"
Group 5,Exp3 (speed/volume) + Exp4 (headway),20632,Median,Car,Car,228.07,229.97,228.07,229.87,False,True,50.0,1.9,94.73684210526288,94.737,100.0,CHECK (90-120 km/h),2.930000000000007,No,1.7,2.93,False,20473.0,Car–Truck,126,Bhavesh_Traffic volume video_analysis_datasheet_1.xlsx,Median lane J-Q (final) | Speed (free & non free) A-E (raw entry),"xlsx cell values (openpyxl, data_only)"
Group 5,Exp3 (speed/volume) + Exp4 (headway),20827,Median,Truck,Truck,231.0,245.73,231.0,245.73,False,False,50.0,14.73,12.219959266802453,12.22,12.22,OK,12.330000000000013,Yes,2.93,12.33,True,20632.0,Truck–Car,131,Bhavesh_Traffic volume video_analysis_datasheet_1.xlsx,Median lane A-H (final) | Speed (free & non free) A-E (raw entry),"xlsx cell values (openpyxl, data_only)"
Group 5,Exp3 (speed/volume) + Exp4 (headway),21144,Median,Car,Car,243.33,246.53,243.33,246.53,False,False,50.0,3.2,56.2500000000002,56.25,56.25,OK,0.03999999999999204,No,12.33,0.04,False,20827.0,Car–Truck,140,Bhavesh_Traffic volume video_analysis_datasheet_1.xlsx,Median lane J-Q (final) | Speed (free & non free) A-E (raw entry),"xlsx cell values (openpyxl, data_only)"
Group 5,Exp3 (speed/volume) + Exp4 (headway),21148,Median,Truck,Truck,243.37,247.49,243.37,247.49,False,False,50.0,4.12,43.689320388349465,43.689,43.689,OK,10.460000000000008,Yes,0.04,10.46,True,21144.0,Truck–Car,141,Bhavesh_Traffic volume video_analysis_datasheet_1.xlsx,Median lane A-H (final) | Speed (free & non free) A-E (raw entry),"xlsx cell values (openpyxl, data_only)"
Group 5,Exp3 (speed/volume) + Exp4 (headway),21292,Median,lcv,LCV,253.83,257.77,253.83,257.77,False,False,50.0,3.94,45.68527918781761,45.685,45.685,OK,0.799999999999983,No,10.46,0.8,False,21148.0,LCV–Truck,142,Bhavesh_Traffic volume video_analysis_datasheet_1.xlsx,Median lane J-Q (final) | Speed (free & non free) A-E (raw entry),"xlsx cell values (openpyxl, data_only)"
Group 5,Exp3 (speed/volume) + Exp4 (headway),21432,Median,Truck,Truck,254.63,257.12,254.63,257.12,False,False,50.0,2.49,72.28915662650576,72.289,72.289,OK,7.740000000000009,Yes,0.8,7.74,True,21292.0,Truck–LCV,144,Bhavesh_Traffic volume video_analysis_datasheet_1.xlsx,Median lane A-H (final) | Speed (free & non free) A-E (raw entry),"xlsx cell values (openpyxl, data_only)"
Group 5,Exp3 (speed/volume) + Exp4 (headway),21577,Median,Car,Car,262.37,264.87,262.37,264.87,False,False,50.0,2.5,72.0,72.0,72.0,OK,15.829999999999984,Yes,7.74,15.83,True,21432.0,Car–Truck,147,Bhavesh_Traffic volume video_analysis_datasheet_1.xlsx,Median lane A-H (final) | Speed (free & non free) A-E (raw entry),"xlsx cell values (openpyxl, data_only)"
Group 5,Exp3 (speed/volume) + Exp4 (headway),22158,Median,Truck,Truck,278.2,281.27,278.2,281.27,False,False,50.0,3.07,58.63192182410437,58.632,58.632,OK,2.400000000000034,No,15.83,2.4,False,21577.0,Truck–Car,149,Bhavesh_Traffic volume video_analysis_datasheet_1.xlsx,Median lane J-Q (final) | Speed (free & non free) A-E (raw entry),"xlsx cell values (openpyxl, data_only)"
Group 5,Exp3 (speed/volume) + Exp4 (headway),22130,Median,Truck,Truck,280.6,285.1,280.6,285.1,False,False,50.0,4.5,40.0,40.0,40.0,OK,9.729999999999961,Yes,2.4,9.73,True,22158.0,Truck–Truck,150,Bhavesh_Traffic volume video_analysis_datasheet_1.xlsx,Median lane A-H (final) | Speed (free & non free) A-E (raw entry),"xlsx cell values (openpyxl, data_only)"
Group 5,Exp3 (speed/volume) + Exp4 (headway),22642,Median,MA,Multi Axle,290.33,294.17,290.33,294.17,False,False,50.0,3.84,46.87499999999961,46.875,46.875,OK,1.2700000000000387,No,9.73,1.27,False,22130.0,Multi Axle–Truck,154,Bhavesh_Traffic volume video_analysis_datasheet_1.xlsx,Median lane J-Q (final) | Speed (free & non free) A-E (raw entry),"xlsx cell values (openpyxl, data_only)"
Group 5,Exp3 (speed/volume) + Exp4 (headway),22673,Median,Car,Car,291.6,296.0,291.6,296.0,False,False,50.0,4.4,40.90909090909112,40.909,40.909,OK,7.92999999999995,Yes,1.27,7.93,True,22642.0,Car–Multi Axle,155,Bhavesh_Traffic volume video_analysis_datasheet_1.xlsx,Median lane A-H (final) | Speed (free & non free) A-E (raw entry),"xlsx cell values (openpyxl, data_only)"
Group 5,Exp3 (speed/volume) + Exp4 (headway),22896,Median,Car,Car,299.53,302.73,299.53,302.73,False,False,50.0,3.2,56.249999999999204,56.25,56.25,OK,6.0400000000000205,Yes,7.93,6.04,True,22673.0,Car–Car,158,Bhavesh_Traffic volume video_analysis_datasheet_1.xlsx,Median lane A-H (final) | Speed (free & non free) A-E (raw entry),"xlsx cell values (openpyxl, data_only)"
Group 5,Exp3 (speed/volume) + Exp4 (headway),23029,Median,Car,Car,305.57,310.53,305.57,310.53,False,False,50.0,4.96,36.29032258064531,36.29,36.29,OK,4.1299999999999955,No,6.04,4.13,False,22896.0,Car–Car,159,Bhavesh_Traffic volume video_analysis_datasheet_1.xlsx,Median lane J-Q (final) | Speed (free & non free) A-E (raw entry),"xlsx cell values (openpyxl, data_only)"
Group 5,Exp3 (speed/volume) + Exp4 (headway),23804,Median,Truck,Truck,309.7,313.2,309.7,313.2,False,False,50.0,3.5,51.42857142857143,51.429,51.429,OK,3.829999999999984,No,4.13,3.83,False,23029.0,Truck–Car,161,Bhavesh_Traffic volume video_analysis_datasheet_1.xlsx,Median lane J-Q (final) | Speed (free & non free) A-E (raw entry),"xlsx cell values (openpyxl, data_only)"
Group 5,Exp3 (speed/volume) + Exp4 (headway),23935,Median,Truck,Truck,313.53,317.53,313.53,317.53,False,False,50.0,4.0,45.0,45.0,45.0,OK,1.6000000000000227,No,3.83,1.6,False,23804.0,Truck–Truck,162,Bhavesh_Traffic volume video_analysis_datasheet_1.xlsx,Median lane J-Q (final) | Speed (free & non free) A-E (raw entry),"xlsx cell values (openpyxl, data_only)"
Group 5,Exp3 (speed/volume) + Exp4 (headway),24080,Median,Car,Car,315.13,318.97,315.13,318.97,False,False,50.0,3.84,46.87499999999961,46.875,46.875,OK,1.3999999999999773,No,1.6,1.4,False,23935.0,Car–Truck,164,Bhavesh_Traffic volume video_analysis_datasheet_1.xlsx,Median lane J-Q (final) | Speed (free & non free) A-E (raw entry),"xlsx cell values (openpyxl, data_only)"
Group 5,Exp3 (speed/volume) + Exp4 (headway),24014,Median,lcv,LCV,316.53,320.3,316.53,320.3,False,False,50.0,3.77,47.745358090185185,47.745,47.745,OK,4.7000000000000455,No,1.4,4.7,False,24080.0,LCV–Car,165,Bhavesh_Traffic volume video_analysis_datasheet_1.xlsx,Median lane J-Q (final) | Speed (free & non free) A-E (raw entry),"xlsx cell values (openpyxl, data_only)"
Group 5,Exp3 (speed/volume) + Exp4 (headway),24395,Median,Bus,Bus,321.23,325.03,321.23,325.03,False,False,50.0,3.8,47.368421052632144,47.368,47.368,OK,6.96999999999997,Yes,4.7,6.97,True,24014.0,Bus–LCV,167,Bhavesh_Traffic volume video_analysis_datasheet_1.xlsx,Median lane A-H (final) | Speed (free & non free) A-E (raw entry),"xlsx cell values (openpyxl, data_only)"
Group 5,Exp3 (speed/volume) + Exp4 (headway),24857,Median,Car,Car,328.2,340.13,328.2,340.13,False,False,50.0,11.93,15.088013411567468,15.088,15.088,OK,0.06999999999999318,No,6.97,0.07,False,24395.0,Car–Bus,171,Bhavesh_Traffic volume video_analysis_datasheet_1.xlsx,Median lane J-Q (final) | Speed (free & non free) A-E (raw entry),"xlsx cell values (openpyxl, data_only)"
Group 5,Exp3 (speed/volume) + Exp4 (headway),24859,Median,Car,Car,328.27,340.8,328.27,340.8,False,False,50.0,12.53,14.36552274541098,14.366,14.366,OK,0.7300000000000182,No,0.07,0.73,False,24857.0,Car–Car,172,Bhavesh_Traffic volume video_analysis_datasheet_1.xlsx,Median lane J-Q (final) | Speed (free & non free) A-E (raw entry),"xlsx cell values (openpyxl, data_only)"
Group 5,Exp3 (speed/volume) + Exp4 (headway),24879,Median,lcv,LCV,329.0,331.4,329.0,331.4,False,False,50.0,2.4,75.00000000000071,75.0,75.0,OK,2.5,No,0.73,2.5,False,24859.0,LCV–Car,173,Bhavesh_Traffic volume video_analysis_datasheet_1.xlsx,Median lane J-Q (final) | Speed (free & non free) A-E (raw entry),"xlsx cell values (openpyxl, data_only)"
Group 5,Exp3 (speed/volume) + Exp4 (headway),24931,Median,lcv,LCV,331.5,335.43,331.5,335.43,False,False,50.0,3.93,45.801526717557174,45.802,45.802,OK,3.329999999999984,No,2.5,3.33,False,24879.0,LCV–LCV,174,Bhavesh_Traffic volume video_analysis_datasheet_1.xlsx,Median lane J-Q (final) | Speed (free & non free) A-E (raw entry),"xlsx cell values (openpyxl, data_only)"
Group 5,Exp3 (speed/volume) + Exp4 (headway),25101,Median,Truck,Truck,334.83,339.37,334.83,339.37,False,False,50.0,4.54,39.647577092510836,39.648,39.648,OK,6.470000000000027,Yes,3.33,6.47,True,24931.0,Truck–LCV,176,Bhavesh_Traffic volume video_analysis_datasheet_1.xlsx,Median lane A-H (final) | Speed (free & non free) A-E (raw entry),"xlsx cell values (openpyxl, data_only)"
Group 5,Exp3 (speed/volume) + Exp4 (headway),25420,Median,auto,Auto,341.3,344.43,341.3,344.43,False,False,50.0,3.13,57.50798722044737,57.508,57.508,OK,3.6299999999999955,No,6.47,3.63,False,25101.0,Auto–Truck,177,Bhavesh_Traffic volume video_analysis_datasheet_1.xlsx,Median lane J-Q (final) | Speed (free & non free) A-E (raw entry),"xlsx cell values (openpyxl, data_only)"
Group 5,Exp3 (speed/volume) + Exp4 (headway),25563,Median,Car,Car,344.93,348.47,344.93,348.47,False,False,50.0,3.54,50.84745762711835,50.847,50.847,OK,0.6700000000000159,No,3.63,0.67,False,25420.0,Car–Auto,179,Bhavesh_Traffic volume video_analysis_datasheet_1.xlsx,Median lane J-Q (final) | Speed (free & non free) A-E (raw entry),"xlsx cell values (openpyxl, data_only)"
Group 5,Exp3 (speed/volume) + Exp4 (headway),25847,Median,Car,Car,345.6,350.47,345.6,350.47,False,False,50.0,4.87,36.96098562628333,36.961,36.961,OK,0.7699999999999818,No,0.67,0.77,False,25563.0,Car–Car,180,Bhavesh_Traffic volume video_analysis_datasheet_1.xlsx,Median lane J-Q (final) | Speed (free & non free) A-E (raw entry),"xlsx cell values (openpyxl, data_only)"
Group 5,Exp3 (speed/volume) + Exp4 (headway),25907,Median,lcv,LCV,346.37,349.67,346.37,349.67,False,False,50.0,3.3,54.545454545454355,54.545,54.545,OK,5.360000000000014,Yes,0.77,5.36,True,25847.0,LCV–Car,182,Bhavesh_Traffic volume video_analysis_datasheet_1.xlsx,Median lane A-H (final) | Speed (free & non free) A-E (raw entry),"xlsx cell values (openpyxl, data_only)"
Group 5,Exp3 (speed/volume) + Exp4 (headway),26297,Median,Truck,Truck,351.73,354.33,351.73,354.33,False,False,50.0,2.6,69.23076923077014,69.231,69.231,OK,16.799999999999955,Yes,5.36,16.8,True,25907.0,Truck–LCV,185,Bhavesh_Traffic volume video_analysis_datasheet_1.xlsx,Median lane A-H (final) | Speed (free & non free) A-E (raw entry),"xlsx cell values (openpyxl, data_only)"
Group 5,Exp3 (speed/volume) + Exp4 (headway),27013,Median,lcv,LCV,368.53,371.23,368.53,371.23,False,False,50.0,2.7,66.66666666666555,66.667,66.667,OK,4.07000000000005,No,16.8,4.07,False,26297.0,LCV–Truck,192,Bhavesh_Traffic volume video_analysis_datasheet_1.xlsx,Median lane J-Q (final) | Speed (free & non free) A-E (raw entry),"xlsx cell values (openpyxl, data_only)"
Group 5,Exp3 (speed/volume) + Exp4 (headway),27276,Median,Car,Car,372.6,374.74,372.6,374.74,False,False,50.0,2.14,84.11214953271082,84.112,84.112,OK,1.8999999999999773,No,4.07,1.9,False,27013.0,Car–LCV,194,Bhavesh_Traffic volume video_analysis_datasheet_1.xlsx,Median lane J-Q (final) | Speed (free & non free) A-E (raw entry),"xlsx cell values (openpyxl, data_only)"
Group 5,Exp3 (speed/volume) + Exp4 (headway),27268,Median,lcv,LCV,374.5,377.8,374.5,377.8,False,False,50.0,3.3,54.545454545454355,54.545,54.545,OK,3.8700000000000045,No,1.9,3.87,False,27276.0,LCV–Car,197,Bhavesh_Traffic volume video_analysis_datasheet_1.xlsx,Median lane J-Q (final) | Speed (free & non free) A-E (raw entry),"xlsx cell values (openpyxl, data_only)"
Group 5,Exp3 (speed/volume) + Exp4 (headway),27688,Median,Car,Car,378.37,383.23,378.37,383.23,False,False,50.0,4.86,37.03703703703693,37.037,37.037,OK,0.12999999999999545,No,3.87,0.13,False,27268.0,Car–LCV,199,Bhavesh_Traffic volume video_analysis_datasheet_1.xlsx,Median lane J-Q (final) | Speed (free & non free) A-E (raw entry),"xlsx cell values (openpyxl, data_only)"
Group 5,Exp3 (speed/volume) + Exp4 (headway),27704,Median,lcv,LCV,378.5,383.9,378.5,383.9,False,False,50.0,5.4,33.33333333333347,33.333,33.333,OK,3.430000000000007,No,0.13,3.43,False,27688.0,LCV–Car,200,Bhavesh_Traffic volume video_analysis_datasheet_1.xlsx,Median lane J-Q (final) | Speed (free & non free) A-E (raw entry),"xlsx cell values (openpyxl, data_only)"
Group 5,Exp3 (speed/volume) + Exp4 (headway),27849,Median,Truck,Truck,381.93,386.03,381.93,386.03,False,False,50.0,4.1,43.90243902439061,43.902,43.902,OK,0.17000000000001592,No,3.43,0.17,False,27704.0,Truck–LCV,202,Bhavesh_Traffic volume video_analysis_datasheet_1.xlsx,Median lane J-Q (final) | Speed (free & non free) A-E (raw entry),"xlsx cell values (openpyxl, data_only)"
Group 5,Exp3 (speed/volume) + Exp4 (headway),27862,Median,Car,Car,382.1,385.8,382.1,385.8,False,False,50.0,3.7,48.648648648648795,48.649,48.649,OK,0.2999999999999545,No,0.17,0.3,False,27849.0,Car–Truck,203,Bhavesh_Traffic volume video_analysis_datasheet_1.xlsx,Median lane J-Q (final) | Speed (free & non free) A-E (raw entry),"xlsx cell values (openpyxl, data_only)"
Group 5,Exp3 (speed/volume) + Exp4 (headway),27876,Median,Truck,Truck,382.4,387.37,382.4,387.37,False,False,50.0,4.97,36.217303822937424,36.217,36.217,OK,11.57000000000005,Yes,0.3,11.57,True,27862.0,Truck–Car,204,Bhavesh_Traffic volume video_analysis_datasheet_1.xlsx,Median lane A-H (final) | Speed (free & non free) A-E (raw entry),"xlsx cell values (openpyxl, data_only)"
Group 5,Exp3 (speed/volume) + Exp4 (headway),28256,Median,Car,Car,393.97,398.4,393.97,398.4,False,False,50.0,4.43,40.63205417607269,40.632,40.632,OK,0.0999999999999659,No,11.57,0.1,False,27876.0,Car–Truck,211,Bhavesh_Traffic volume video_analysis_datasheet_1.xlsx,Median lane J-Q (final) | Speed (free & non free) A-E (raw entry),"xlsx cell values (openpyxl, data_only)"
Group 5,Exp3 (speed/volume) + Exp4 (headway),28259,Median,Car,Car,394.07,398.43,394.07,398.43,False,False,50.0,4.36,41.28440366972464,41.284,41.284,OK,1.4300000000000068,No,0.1,1.43,False,28256.0,Car–Car,212,Bhavesh_Traffic volume video_analysis_datasheet_1.xlsx,Median lane J-Q (final) | Speed (free & non free) A-E (raw entry),"xlsx cell values (openpyxl, data_only)"
Group 5,Exp3 (speed/volume) + Exp4 (headway),28262,Median,Car,Car,395.5,399.77,395.5,399.77,False,False,50.0,4.27,42.15456674473086,42.155,42.155,OK,0.5699999999999932,No,1.43,0.57,False,28259.0,Car–Car,214,Bhavesh_Traffic volume video_analysis_datasheet_1.xlsx,Median lane J-Q (final) | Speed (free & non free) A-E (raw entry),"xlsx cell values (openpyxl, data_only)"
Group 5,Exp3 (speed/volume) + Exp4 (headway),28278,Median,Car,Car,396.07,398.37,396.07,398.37,False,False,50.0,2.3,78.260869565217,78.261,78.261,OK,12.53000000000003,Yes,0.57,12.53,True,28262.0,Car–Car,215,Bhavesh_Traffic volume video_analysis_datasheet_1.xlsx,Median lane A-H (final) | Speed (free & non free) A-E (raw entry),"xlsx cell values (openpyxl, data_only)"
Group 5,Exp3 (speed/volume) + Exp4 (headway),28611,Median,Car,Car,408.6,410.7,408.6,410.7,False,False,50.0,2.1,85.7142857142871,85.714,85.714,OK,0.0999999999999659,No,12.53,0.1,False,28278.0,Car–Car,217,Bhavesh_Traffic volume video_analysis_datasheet_1.xlsx,Median lane J-Q (final) | Speed (free & non free) A-E (raw entry),"xlsx cell values (openpyxl, data_only)"
Group 5,Exp3 (speed/volume) + Exp4 (headway),28619,Median,Car,Car,408.7,411.53,408.7,411.53,False,False,50.0,2.83,63.60424028268587,63.604,63.604,OK,3.6000000000000227,No,0.1,3.6,False,28611.0,Car–Car,218,Bhavesh_Traffic volume video_analysis_datasheet_1.xlsx,Median lane J-Q (final) | Speed (free & non free) A-E (raw entry),"xlsx cell values (openpyxl, data_only)"
Group 5,Exp3 (speed/volume) + Exp4 (headway),28740,Median,Car,Car,412.3,415.57,412.3,415.57,False,False,50.0,3.27,55.04587155963333,55.046,55.046,OK,5.930000000000007,Yes,3.6,5.93,True,28619.0,Car–Car,220,Bhavesh_Traffic volume video_analysis_datasheet_1.xlsx,Median lane A-H (final) | Speed (free & non free) A-E (raw entry),"xlsx cell values (openpyxl, data_only)"
Group 5,Exp3 (speed/volume) + Exp4 (headway),29168,Median,Car,Car,418.23,419.8,418.23,419.8,False,False,50.0,1.57,114.64968152866292,114.65,114.65,CHECK (90-120 km/h),1.099999999999966,No,5.93,1.1,False,28740.0,Car–Car,225,Bhavesh_Traffic volume video_analysis_datasheet_1.xlsx,Median lane J-Q (final) | Speed (free & non free) A-E (raw entry),"xlsx cell values (openpyxl, data_only)"
Group 5,Exp3 (speed/volume) + Exp4 (headway),29162,Median,Truck,Truck,419.33,424.67,419.33,424.67,False,False,50.0,5.34,33.70786516853912,33.708,33.708,OK,0.4000000000000341,No,1.1,0.4,False,29168.0,Truck–Car,227,Bhavesh_Traffic volume video_analysis_datasheet_1.xlsx,Median lane J-Q (final) | Speed (free & non free) A-E (raw entry),"xlsx cell values (openpyxl, data_only)"
Group 5,Exp3 (speed/volume) + Exp4 (headway),29281,Median,Truck,Truck,419.73,425.47,419.73,425.47,False,False,50.0,5.74,31.358885017421553,31.359,31.359,OK,17.599999999999966,Yes,0.4,17.6,True,29162.0,Truck–Truck,228,Bhavesh_Traffic volume video_analysis_datasheet_1.xlsx,Median lane A-H (final) | Speed (free & non free) A-E (raw entry),"xlsx cell values (openpyxl, data_only)"
Group 5,Exp3 (speed/volume) + Exp4 (headway),30053,Median,Truck,Truck,437.33,441.27,437.33,441.27,False,False,50.0,3.94,45.68527918781729,45.685,45.685,OK,1.170000000000016,No,17.6,1.17,False,29281.0,Truck–Truck,233,Bhavesh_Traffic volume video_analysis_datasheet_1.xlsx,Median lane J-Q (final) | Speed (free & non free) A-E (raw entry),"xlsx cell values (openpyxl, data_only)"
Group 5,Exp3 (speed/volume) + Exp4 (headway),30128,Median,Truck,Truck,438.5,450.63,438.5,450.63,False,False,50.0,12.13,14.839241549876345,14.839,14.839,OK,1.4700000000000273,No,1.17,1.47,False,30053.0,Truck–Truck,234,Bhavesh_Traffic volume video_analysis_datasheet_1.xlsx,Median lane J-Q (final) | Speed (free & non free) A-E (raw entry),"xlsx cell values (openpyxl, data_only)"
Group 5,Exp3 (speed/volume) + Exp4 (headway),30196,Median,Car,Car,439.97,442.7,439.97,442.7,False,False,50.0,2.73,65.93406593406687,65.934,65.934,OK,2.6299999999999955,No,1.47,2.63,False,30128.0,Car–Truck,236,Bhavesh_Traffic volume video_analysis_datasheet_1.xlsx,Median lane J-Q (final) | Speed (free & non free) A-E (raw entry),"xlsx cell values (openpyxl, data_only)"
Group 5,Exp3 (speed/volume) + Exp4 (headway),30257,Median,Car,Car,442.6,446.07,442.6,446.07,False,False,50.0,3.47,51.87319884726269,51.873,51.873,OK,3.169999999999959,No,2.63,3.17,False,30196.0,Car–Car,237,Bhavesh_Traffic volume video_analysis_datasheet_1.xlsx,Median lane J-Q (final) | Speed (free & non free) A-E (raw entry),"xlsx cell values (openpyxl, data_only)"
Group 5,Exp3 (speed/volume) + Exp4 (headway),30269,Median,Car,Car,445.77,448.5,445.77,448.5,False,False,50.0,2.73,65.9340659340655,65.934,65.934,OK,1.900000000000034,No,3.17,1.9,False,30257.0,Car–Car,238,Bhavesh_Traffic volume video_analysis_datasheet_1.xlsx,Median lane J-Q (final) | Speed (free & non free) A-E (raw entry),"xlsx cell values (openpyxl, data_only)"
Group 5,Exp3 (speed/volume) + Exp4 (headway),30378,Median,lcv,LCV,447.67,450.53,447.67,450.53,False,False,50.0,2.86,62.937062937063885,62.937,62.937,OK,3.6999999999999886,No,1.9,3.7,False,30269.0,LCV–Car,239,Bhavesh_Traffic volume video_analysis_datasheet_1.xlsx,Median lane J-Q (final) | Speed (free & non free) A-E (raw entry),"xlsx cell values (openpyxl, data_only)"
Group 5,Exp3 (speed/volume) + Exp4 (headway),30467,Median,Car,Car,451.37,454.43,451.37,454.43,False,False,50.0,3.06,58.82352941176466,58.824,58.824,OK,3.3600000000000136,No,3.7,3.36,False,30378.0,Car–LCV,244,Bhavesh_Traffic volume video_analysis_datasheet_1.xlsx,Median lane J-Q (final) | Speed (free & non free) A-E (raw entry),"xlsx cell values (openpyxl, data_only)"
Group 5,Exp3 (speed/volume) + Exp4 (headway),30651,Median,Car,Car,454.73,457.77,454.73,457.77,False,False,50.0,3.04,59.21052631579018,59.211,59.211,OK,2.9699999999999704,No,3.36,2.97,False,30467.0,Car–Car,246,Bhavesh_Traffic volume video_analysis_datasheet_1.xlsx,Median lane J-Q (final) | Speed (free & non free) A-E (raw entry),"xlsx cell values (openpyxl, data_only)"
Group 5,Exp3 (speed/volume) + Exp4 (headway),30918,Median,Car,Car,457.7,460.57,457.7,460.57,False,False,50.0,2.87,62.717770034843106,62.718,62.718,OK,5.230000000000018,Yes,2.97,5.23,True,30651.0,Car–Car,247,Bhavesh_Traffic volume video_analysis_datasheet_1.xlsx,Median lane A-H (final) | Speed (free & non free) A-E (raw entry),"xlsx cell values (openpyxl, data_only)"
Group 5,Exp3 (speed/volume) + Exp4 (headway),31288,Median,Car,Car,462.93,468.13,462.93,468.13,False,False,50.0,5.2,34.61538461538469,34.615,34.615,OK,9.240000000000009,Yes,5.23,9.24,True,30918.0,Car–Car,254,Bhavesh_Traffic volume video_analysis_datasheet_1.xlsx,Median lane A-H (final) | Speed (free & non free) A-E (raw entry),"xlsx cell values (openpyxl, data_only)"
Group 5,Exp3 (speed/volume) + Exp4 (headway),32113,Median,Truck,Truck,472.17,479.47,472.17,479.47,False,False,50.0,7.3,24.657534246575302,24.658,24.658,OK,1.1299999999999955,No,9.24,1.13,False,31288.0,Truck–Car,263,Bhavesh_Traffic volume video_analysis_datasheet_1.xlsx,Median lane J-Q (final) | Speed (free & non free) A-E (raw entry),"xlsx cell values (openpyxl, data_only)"
Group 5,Exp3 (speed/volume) + Exp4 (headway),32201,Median,Truck,Truck,473.3,481.57,473.3,481.57,False,False,50.0,8.27,21.765417170495816,21.765,21.765,OK,8.599999999999966,Yes,1.13,8.6,True,32113.0,Truck–Truck,264,Bhavesh_Traffic volume video_analysis_datasheet_1.xlsx,Median lane A-H (final) | Speed (free & non free) A-E (raw entry),"xlsx cell values (openpyxl, data_only)"
Group 5,Exp3 (speed/volume) + Exp4 (headway),32492,Median,Car,Car,481.9,485.83,481.9,485.83,False,False,50.0,3.93,45.801526717557174,45.802,45.802,OK,1.3000000000000114,No,8.6,1.3,False,32201.0,Car–Truck,268,Bhavesh_Traffic volume video_analysis_datasheet_1.xlsx,Median lane J-Q (final) | Speed (free & non free) A-E (raw entry),"xlsx cell values (openpyxl, data_only)"
Group 5,Exp3 (speed/volume) + Exp4 (headway),32675,Median,Truck,Truck,483.2,487.56,483.2,487.56,False,False,50.0,4.36,41.28440366972464,41.284,41.284,OK,12.970000000000027,Yes,1.3,12.97,True,32492.0,Truck–Car,269,Bhavesh_Traffic volume video_analysis_datasheet_1.xlsx,Median lane A-H (final) | Speed (free & non free) A-E (raw entry),"xlsx cell values (openpyxl, data_only)"
Group 5,Exp3 (speed/volume) + Exp4 (headway),33069,Median,Truck,Truck,496.17,499.57,496.17,499.57,False,False,50.0,3.4,52.94117647058859,52.941,52.941,OK,5.430000000000007,Yes,12.97,5.43,True,32675.0,Truck–Truck,271,Bhavesh_Traffic volume video_analysis_datasheet_1.xlsx,Median lane A-H (final) | Speed (free & non free) A-E (raw entry),"xlsx cell values (openpyxl, data_only)"
Group 5,Exp3 (speed/volume) + Exp4 (headway),33393,Median,Car,Car,501.6,503.77,501.6,503.77,False,False,50.0,2.17,82.94930875576193,82.949,82.949,OK,0.0,No,5.43,0.0,False,33069.0,Car–Truck,275,Bhavesh_Traffic volume video_analysis_datasheet_1.xlsx,Median lane J-Q (final) | Speed (free & non free) A-E (raw entry),"xlsx cell values (openpyxl, data_only)"
Group 5,Exp3 (speed/volume) + Exp4 (headway),33395,Median,Car,Car,501.6,504.27,501.6,504.27,False,False,50.0,2.67,67.41573033707968,67.416,67.416,OK,0.19999999999998863,No,0.0,0.2,False,33393.0,Car–Car,276,Bhavesh_Traffic volume video_analysis_datasheet_1.xlsx,Median lane J-Q (final) | Speed (free & non free) A-E (raw entry),"xlsx cell values (openpyxl, data_only)"
Group 5,Exp3 (speed/volume) + Exp4 (headway),33406,Median,Car,Car,501.8,509.0,501.8,509.0,False,False,50.0,7.2,25.00000000000004,25.0,25.0,OK,0.8299999999999841,No,0.2,0.83,False,33395.0,Car–Car,277,Bhavesh_Traffic volume video_analysis_datasheet_1.xlsx,Median lane J-Q (final) | Speed (free & non free) A-E (raw entry),"xlsx cell values (openpyxl, data_only)"
Group 5,Exp3 (speed/volume) + Exp4 (headway),33361,Median,Car,Car,502.63,505.67,502.63,505.67,False,False,50.0,3.04,59.210526315789075,59.211,59.211,OK,3.3000000000000114,No,0.83,3.3,False,33406.0,Car–Car,278,Bhavesh_Traffic volume video_analysis_datasheet_1.xlsx,Median lane J-Q (final) | Speed (free & non free) A-E (raw entry),"xlsx cell values (openpyxl, data_only)"
Group 5,Exp3 (speed/volume) + Exp4 (headway),33439,Median,Car,Car,505.93,508.83,505.93,508.83,False,False,50.0,2.9,62.068965517241864,62.069,62.069,OK,8.270000000000039,Yes,3.3,8.27,True,33361.0,Car–Car,279,Bhavesh_Traffic volume video_analysis_datasheet_1.xlsx,Median lane A-H (final) | Speed (free & non free) A-E (raw entry),"xlsx cell values (openpyxl, data_only)"
Group 5,Exp3 (speed/volume) + Exp4 (headway),34067,Median,Truck,Truck,514.2,527.57,514.2,527.57,False,False,50.0,13.37,13.46297681376215,13.463,13.463,OK,0.8299999999999272,No,8.27,0.83,False,33439.0,Truck–Car,283,Bhavesh_Traffic volume video_analysis_datasheet_1.xlsx,Median lane J-Q (final) | Speed (free & non free) A-E (raw entry),"xlsx cell values (openpyxl, data_only)"
Group 5,Exp3 (speed/volume) + Exp4 (headway),34134,Median,Car,Car,515.03,517.7,515.03,516.7,False,True,50.0,2.67,67.41573033707681,67.416,107.784,OK,0.8700000000000045,No,0.83,0.87,False,34067.0,Car–Truck,284,Bhavesh_Traffic volume video_analysis_datasheet_1.xlsx,Median lane J-Q (final) | Speed (free & non free) A-E (raw entry),"xlsx cell values (openpyxl, data_only)"
Group 5,Exp3 (speed/volume) + Exp4 (headway),34049,Median,Car,Car,515.9,519.27,515.9,519.27,False,False,50.0,3.37,53.4124629080118,53.412,53.412,OK,6.600000000000023,Yes,0.87,6.6,True,34134.0,Car–Car,285,Bhavesh_Traffic volume video_analysis_datasheet_1.xlsx,Median lane A-H (final) | Speed (free & non free) A-E (raw entry),"xlsx cell values (openpyxl, data_only)"
Group 5,Exp3 (speed/volume) + Exp4 (headway),34329,Median,Truck,Truck,522.5,526.43,522.5,526.43,False,False,50.0,3.93,45.801526717557834,45.802,45.802,OK,2.1000000000000227,No,6.6,2.1,False,34049.0,Truck–Car,286,Bhavesh_Traffic volume video_analysis_datasheet_1.xlsx,Median lane J-Q (final) | Speed (free & non free) A-E (raw entry),"xlsx cell values (openpyxl, data_only)"
Group 5,Exp3 (speed/volume) + Exp4 (headway),34551,Median,Car,Car,524.6,531.33,524.6,531.33,False,False,50.0,6.73,26.745913818722066,26.746,26.746,OK,0.6699999999999591,No,2.1,0.67,False,34329.0,Car–Truck,289,Bhavesh_Traffic volume video_analysis_datasheet_1.xlsx,Median lane J-Q (final) | Speed (free & non free) A-E (raw entry),"xlsx cell values (openpyxl, data_only)"
Group 5,Exp3 (speed/volume) + Exp4 (headway),34611,Median,Car,Car,525.27,534.27,525.27,534.27,False,False,50.0,9.0,20.0,20.0,20.0,OK,3.330000000000041,No,0.67,3.33,False,34551.0,Car–Car,290,Bhavesh_Traffic volume video_analysis_datasheet_1.xlsx,Median lane J-Q (final) | Speed (free & non free) A-E (raw entry),"xlsx cell values (openpyxl, data_only)"
Group 5,Exp3 (speed/volume) + Exp4 (headway),34797,Median,Car,Car,528.6,531.17,528.6,531.17,False,False,50.0,2.57,70.03891050583832,70.039,70.039,OK,9.299999999999955,Yes,3.33,9.3,True,34611.0,Car–Car,291,Bhavesh_Traffic volume video_analysis_datasheet_1.xlsx,Median lane A-H (final) | Speed (free & non free) A-E (raw entry),"xlsx cell values (openpyxl, data_only)"
Group 5,Exp3 (speed/volume) + Exp4 (headway),35606,Median,Truck,Truck,537.9,542.33,537.9,542.33,False,False,50.0,4.43,40.63205417607165,40.632,40.632,OK,0.2300000000000182,No,9.3,0.23,False,34797.0,Truck–Car,296,Bhavesh_Traffic volume video_analysis_datasheet_1.xlsx,Median lane J-Q (final) | Speed (free & non free) A-E (raw entry),"xlsx cell values (openpyxl, data_only)"
Group 5,Exp3 (speed/volume) + Exp4 (headway),35631,Median,MA,Multi Axle,538.13,542.37,538.13,542.37,False,False,50.0,4.24,42.45283018867915,42.453,42.453,OK,3.740000000000009,No,0.23,3.74,False,35606.0,Multi Axle–Truck,297,Bhavesh_Traffic volume video_analysis_datasheet_1.xlsx,Median lane J-Q (final) | Speed (free & non free) A-E (raw entry),"xlsx cell values (openpyxl, data_only)"
Group 5,Exp3 (speed/volume) + Exp4 (headway),35952,Median,Truck,Truck,541.87,547.1,541.87,547.1,False,False,50.0,5.23,34.41682600382397,34.417,34.417,OK,9.860000000000014,Yes,3.74,9.86,True,35631.0,Truck–Multi Axle,299,Bhavesh_Traffic volume video_analysis_datasheet_1.xlsx,Median lane A-H (final) | Speed (free & non free) A-E (raw entry),"xlsx cell values (openpyxl, data_only)"
Group 5,Exp3 (speed/volume) + Exp4 (headway),36546,Median,Car,Car,551.73,554.53,551.73,554.53,False,False,50.0,2.8,64.28571428571533,64.286,64.286,OK,3.0399999999999636,No,9.86,3.04,False,35952.0,Car–Truck,305,Bhavesh_Traffic volume video_analysis_datasheet_1.xlsx,Median lane J-Q (final) | Speed (free & non free) A-E (raw entry),"xlsx cell values (openpyxl, data_only)"
Group 5,Exp3 (speed/volume) + Exp4 (headway),36874,Median,Truck,Truck,554.77,558.0,554.77,558.0,False,False,50.0,3.23,55.72755417956625,55.728,55.728,OK,2.9600000000000364,No,3.04,2.96,False,36546.0,Truck–Car,307,Bhavesh_Traffic volume video_analysis_datasheet_1.xlsx,Median lane J-Q (final) | Speed (free & non free) A-E (raw entry),"xlsx cell values (openpyxl, data_only)"
Group 5,Exp3 (speed/volume) + Exp4 (headway),36061,Median,Car,Car,557.73,559.8,557.73,559.8,False,False,50.0,2.07,86.95652173913311,86.957,86.957,OK,9.740000000000009,Yes,2.96,9.74,True,36874.0,Car–Truck,309,Bhavesh_Traffic volume video_analysis_datasheet_1.xlsx,Median lane A-H (final) | Speed (free & non free) A-E (raw entry),"xlsx cell values (openpyxl, data_only)"
Group 5,Exp3 (speed/volume) + Exp4 (headway),37840,Median,lcv,LCV,567.47,570.07,567.47,570.07,False,False,50.0,2.6,69.23076923076863,69.231,69.231,OK,5.230000000000018,Yes,9.74,5.23,True,36061.0,LCV–Car,312,Bhavesh_Traffic volume video_analysis_datasheet_1.xlsx,Median lane A-H (final) | Speed (free & non free) A-E (raw entry),"xlsx cell values (openpyxl, data_only)"
Group 5,Exp3 (speed/volume) + Exp4 (headway),38014,Median,Car,Car,572.7,575.53,572.7,575.53,False,False,50.0,2.83,63.60424028268715,63.604,63.604,OK,8.870000000000005,Yes,5.23,8.87,True,37840.0,Car–LCV,313,Bhavesh_Traffic volume video_analysis_datasheet_1.xlsx,Median lane A-H (final) | Speed (free & non free) A-E (raw entry),"xlsx cell values (openpyxl, data_only)"
Group 5,Exp3 (speed/volume) + Exp4 (headway),38990,Median,Truck,Truck,581.57,585.43,581.57,585.43,False,False,50.0,3.86,46.632124352332816,46.632,46.632,OK,0.0,No,8.87,,False,38014.0,Truck–Car,321,Bhavesh_Traffic volume video_analysis_datasheet_1.xlsx,Median lane J-Q (final) | Speed (free & non free) A-E (raw entry),"xlsx cell values (openpyxl, data_only)"
Group 5,Exp3 (speed/volume) + Exp4 (headway),195,Shoulder,lcv,LCV,2.17,6.809,2.17,6.809,False,False,50.0,4.639,38.8014658331537,38.801,38.801,OK,8.4,Yes,,8.4,True,,,1,Bhavesh_Traffic volume video_analysis_datasheet_1.xlsx,Shoulder lane A-H (final) | Speed (free & non free) A-E (raw entry),"xlsx cell values (openpyxl, data_only)"
Group 5,Exp3 (speed/volume) + Exp4 (headway),829,Shoulder,Car,Car,10.57,13.77,10.57,13.77,False,False,50.0,3.2,56.250000000000014,56.25,56.25,OK,1.7300000000000004,No,8.4,1.73,False,195.0,Car–LCV,4,Bhavesh_Traffic volume video_analysis_datasheet_1.xlsx,Shoulder lane J-Q (final) | Speed (free & non free) A-E (raw entry),"xlsx cell values (openpyxl, data_only)"
Group 5,Exp3 (speed/volume) + Exp4 (headway),1114,Shoulder,lcv,LCV,12.3,15.13,12.3,15.13,False,False,50.0,2.83,63.60424028268551,63.604,63.604,OK,2.0999999999999996,No,1.73,2.1,False,829.0,LCV–Car,6,Bhavesh_Traffic volume video_analysis_datasheet_1.xlsx,Shoulder lane J-Q (final) | Speed (free & non free) A-E (raw entry),"xlsx cell values (openpyxl, data_only)"
Group 5,Exp3 (speed/volume) + Exp4 (headway),1296,Shoulder,Car,Car,14.4,16.7,14.4,16.7,False,False,50.0,2.3,78.26086956521743,78.261,78.261,OK,1.929999999999998,No,2.1,1.93,False,1114.0,Car–LCV,7,Bhavesh_Traffic volume video_analysis_datasheet_1.xlsx,Shoulder lane J-Q (final) | Speed (free & non free) A-E (raw entry),"xlsx cell values (openpyxl, data_only)"
Group 5,Exp3 (speed/volume) + Exp4 (headway),1455,Shoulder,Two-Wheeler,Two Wheeler,16.33,18.5,16.33,18.5,False,False,50.0,2.17,82.9493087557603,82.949,82.949,OK,0.5,No,1.93,0.5,False,1296.0,Two Wheeler–Car,8,Bhavesh_Traffic volume video_analysis_datasheet_1.xlsx,Shoulder lane J-Q (final) | Speed (free & non free) A-E (raw entry),"xlsx cell values (openpyxl, data_only)"
Group 5,Exp3 (speed/volume) + Exp4 (headway),1502,Shoulder,Two-Wheeler,Two Wheeler,16.83,21.13,16.83,21.13,False,False,50.0,4.3,41.860465116279066,41.86,41.86,OK,3.240000000000002,No,0.5,3.24,False,1455.0,Two Wheeler–Two Wheeler,9,Bhavesh_Traffic volume video_analysis_datasheet_1.xlsx,Shoulder lane J-Q (final) | Speed (free & non free) A-E (raw entry),"xlsx cell values (openpyxl, data_only)"
Group 5,Exp3 (speed/volume) + Exp4 (headway),1649,Shoulder,lcv,LCV,20.07,23.47,20.07,23.47,False,False,50.0,3.4,52.94117647058826,52.941,52.941,OK,3.8599999999999994,No,3.24,3.86,False,1502.0,LCV–Two Wheeler,10,Bhavesh_Traffic volume video_analysis_datasheet_1.xlsx,Shoulder lane J-Q (final) | Speed (free & non free) A-E (raw entry),"xlsx cell values (openpyxl, data_only)"
Group 5,Exp3 (speed/volume) + Exp4 (headway),1893,Shoulder,Bus,Bus,23.93,26.075,23.93,26.075,False,False,50.0,2.145,83.91608391608393,83.916,83.916,OK,2.1999999999999993,No,3.86,2.2,False,1649.0,Bus–LCV,12,Bhavesh_Traffic volume video_analysis_datasheet_1.xlsx,Shoulder lane J-Q (final) | Speed (free & non free) A-E (raw entry),"xlsx cell values (openpyxl, data_only)"
Group 5,Exp3 (speed/volume) + Exp4 (headway),1945,Shoulder,Car,Car,26.13,29.073,26.13,29.073,False,False,50.0,2.943,61.162079510703336,61.162,61.162,OK,2.370000000000001,No,2.2,2.37,False,1893.0,Car–Bus,15,Bhavesh_Traffic volume video_analysis_datasheet_1.xlsx,Shoulder lane J-Q (final) | Speed (free & non free) A-E (raw entry),"xlsx cell values (openpyxl, data_only)"
Group 5,Exp3 (speed/volume) + Exp4 (headway),2389,Shoulder,lcv,LCV,28.5,35.67,28.5,35.67,False,False,50.0,7.17,25.104602510460246,25.105,25.105,OK,3.8999999999999986,No,2.37,3.9,False,1945.0,LCV–Car,16,Bhavesh_Traffic volume video_analysis_datasheet_1.xlsx,Shoulder lane J-Q (final) | Speed (free & non free) A-E (raw entry),"xlsx cell values (openpyxl, data_only)"
Group 5,Exp3 (speed/volume) + Exp4 (headway),2817,Shoulder,lcv,LCV,32.4,35.47,32.4,35.47,False,False,50.0,3.07,58.63192182410423,58.632,58.632,OK,4.100000000000001,No,3.9,4.1,False,2389.0,LCV–LCV,20,Bhavesh_Traffic volume video_analysis_datasheet_1.xlsx,Shoulder lane J-Q (final) | Speed (free & non free) A-E (raw entry),"xlsx cell values (openpyxl, data_only)"
Group 5,Exp3 (speed/volume) + Exp4 (headway),3191,Shoulder,Two-Wheeler,Two Wheeler,36.5,39.03,36.5,37.03,False,True,50.0,2.53,71.1462450592885,71.146,339.623,OK,0.2700000000000031,No,4.1,0.2,False,2817.0,Two Wheeler–LCV,21,Bhavesh_Traffic volume video_analysis_datasheet_1.xlsx,Shoulder lane J-Q (final) | Speed (free & non free) A-E (raw entry),"xlsx cell values (openpyxl, data_only)"
Group 5,Exp3 (speed/volume) + Exp4 (headway),3220,Shoulder,Two-Wheeler,Two Wheeler,36.7,39.6,36.77,37.4,True,True,50.0,2.9,62.06896551724141,62.069,285.714,OK,0.09999999999999432,No,0.2,0.17,False,3191.0,Two Wheeler–Two Wheeler,22,Bhavesh_Traffic volume video_analysis_datasheet_1.xlsx,Shoulder lane J-Q (final) | Speed (free & non free) A-E (raw entry),"xlsx cell values (openpyxl, data_only)"
Group 5,Exp3 (speed/volume) + Exp4 (headway),3232,Shoulder,Two-Wheeler,Two Wheeler,36.87,39.7,36.87,39.27,False,True,50.0,2.83,63.60424028268539,63.604,75.0,OK,4.200000000000003,No,0.17,4.2,False,3220.0,Two Wheeler–Two Wheeler,23,Bhavesh_Traffic volume video_analysis_datasheet_1.xlsx,Shoulder lane J-Q (final) | Speed (free & non free) A-E (raw entry),"xlsx cell values (openpyxl, data_only)"
Group 5,Exp3 (speed/volume) + Exp4 (headway),3243,Shoulder,Two-Wheeler,Two Wheeler,41.07,44.7,41.07,44.7,False,False,50.0,3.63,49.5867768595041,49.587,49.587,OK,0.3100000000000023,No,4.2,0.31,False,3232.0,Two Wheeler–Two Wheeler,25,Bhavesh_Traffic volume video_analysis_datasheet_1.xlsx,Shoulder lane J-Q (final) | Speed (free & non free) A-E (raw entry),"xlsx cell values (openpyxl, data_only)"
Group 5,Exp3 (speed/volume) + Exp4 (headway),3265,Shoulder,Two-Wheeler,Two Wheeler,41.38,44.4,41.38,44.4,False,False,50.0,3.02,59.60264900662259,59.603,59.603,OK,5.689999999999998,Yes,0.31,5.69,True,3243.0,Two Wheeler–Two Wheeler,26,Bhavesh_Traffic volume video_analysis_datasheet_1.xlsx,Shoulder lane A-H (final) | Speed (free & non free) A-E (raw entry),"xlsx cell values (openpyxl, data_only)"
Group 5,Exp3 (speed/volume) + Exp4 (headway),3584,Shoulder,Car,Car,47.07,49.33,47.07,49.33,False,False,50.0,2.26,79.64601769911512,79.646,79.646,OK,6.039999999999999,Yes,5.69,6.04,True,3265.0,Car–Two Wheeler,27,Bhavesh_Traffic volume video_analysis_datasheet_1.xlsx,Shoulder lane A-H (final) | Speed (free & non free) A-E (raw entry),"xlsx cell values (openpyxl, data_only)"
Group 5,Exp3 (speed/volume) + Exp4 (headway),4403,Shoulder,Two-Wheeler,Two Wheeler,53.11,56.0,53.11,56.0,False,False,50.0,2.89,62.28373702422144,62.284,62.284,OK,2.020000000000003,No,6.04,2.02,False,3584.0,Two Wheeler–Car,29,Bhavesh_Traffic volume video_analysis_datasheet_1.xlsx,Shoulder lane J-Q (final) | Speed (free & non free) A-E (raw entry),"xlsx cell values (openpyxl, data_only)"
Group 5,Exp3 (speed/volume) + Exp4 (headway),4387,Shoulder,lcv,LCV,55.13,58.73,55.13,58.73,False,False,50.0,3.6,50.00000000000008,50.0,50.0,OK,0.8999999999999986,No,2.02,0.9,False,4403.0,LCV–Two Wheeler,31,Bhavesh_Traffic volume video_analysis_datasheet_1.xlsx,Shoulder lane J-Q (final) | Speed (free & non free) A-E (raw entry),"xlsx cell values (openpyxl, data_only)"
Group 5,Exp3 (speed/volume) + Exp4 (headway),4504,Shoulder,Truck,Truck,56.03,61.97,56.03,61.97,False,False,50.0,5.94,30.303030303030315,30.303,30.303,OK,5.869999999999997,Yes,0.9,5.87,True,4387.0,Truck–LCV,32,Bhavesh_Traffic volume video_analysis_datasheet_1.xlsx,Shoulder lane A-H (final) | Speed (free & non free) A-E (raw entry),"xlsx cell values (openpyxl, data_only)"
Group 5,Exp3 (speed/volume) + Exp4 (headway),5213,Shoulder,Two-Wheeler,Two Wheeler,61.9,64.87,61.9,64.07,False,True,50.0,2.97,60.60606060606048,60.606,82.949,OK,1.8299999999999983,No,5.87,1.83,False,4504.0,Two Wheeler–Truck,34,Bhavesh_Traffic volume video_analysis_datasheet_1.xlsx,Shoulder lane J-Q (final) | Speed (free & non free) A-E (raw entry),"xlsx cell values (openpyxl, data_only)"
Group 5,Exp3 (speed/volume) + Exp4 (headway),5509,Shoulder,Two-Wheeler,Two Wheeler,63.73,67.6,63.73,67.6,False,False,50.0,3.87,46.51162790697678,46.512,46.512,OK,2.270000000000003,No,1.83,2.27,False,5213.0,Two Wheeler–Two Wheeler,35,Bhavesh_Traffic volume video_analysis_datasheet_1.xlsx,Shoulder lane J-Q (final) | Speed (free & non free) A-E (raw entry),"xlsx cell values (openpyxl, data_only)"
Group 5,Exp3 (speed/volume) + Exp4 (headway),5745,Shoulder,Two-Wheeler,Two Wheeler,66.0,69.6,66.0,67.6,False,True,50.0,3.6,50.00000000000008,50.0,112.5,OK,0.7999999999999972,No,2.27,0.8,False,5509.0,Two Wheeler–Two Wheeler,36,Bhavesh_Traffic volume video_analysis_datasheet_1.xlsx,Shoulder lane J-Q (final) | Speed (free & non free) A-E (raw entry),"xlsx cell values (openpyxl, data_only)"
Group 5,Exp3 (speed/volume) + Exp4 (headway),6073,Shoulder,Two-Wheeler,Two Wheeler,66.8,69.87,66.8,69.87,False,False,50.0,3.07,58.63192182410409,58.632,58.632,OK,0.030000000000001137,No,0.8,0.03,False,5745.0,Two Wheeler–Two Wheeler,38,Bhavesh_Traffic volume video_analysis_datasheet_1.xlsx,Shoulder lane J-Q (final) | Speed (free & non free) A-E (raw entry),"xlsx cell values (openpyxl, data_only)"
Group 5,Exp3 (speed/volume) + Exp4 (headway),5815,Shoulder,Two-Wheeler,Two Wheeler,66.83,69.87,66.83,69.87,False,False,50.0,3.04,59.21052631578935,59.211,59.211,OK,14.239999999999995,Yes,0.03,14.24,True,6073.0,Two Wheeler–Two Wheeler,39,Bhavesh_Traffic volume video_analysis_datasheet_1.xlsx,Shoulder lane A-H (final) | Speed (free & non free) A-E (raw entry),"xlsx cell values (openpyxl, data_only)"
Group 5,Exp3 (speed/volume) + Exp4 (headway),7369,Shoulder,Car,Car,81.07,83.93,81.07,83.93,False,False,50.0,2.86,62.937062937062635,62.937,62.937,OK,4.700000000000003,No,14.24,4.7,False,5815.0,Car–Two Wheeler,44,Bhavesh_Traffic volume video_analysis_datasheet_1.xlsx,Shoulder lane J-Q (final) | Speed (free & non free) A-E (raw entry),"xlsx cell values (openpyxl, data_only)"
Group 5,Exp3 (speed/volume) + Exp4 (headway),7943,Shoulder,lcv,LCV,85.77,88.53,85.77,88.53,False,False,50.0,2.76,65.2173913043477,65.217,65.217,OK,5.27000000000001,Yes,4.7,5.27,True,7369.0,LCV–Car,46,Bhavesh_Traffic volume video_analysis_datasheet_1.xlsx,Shoulder lane A-H (final) | Speed (free & non free) A-E (raw entry),"xlsx cell values (openpyxl, data_only)"
Group 5,Exp3 (speed/volume) + Exp4 (headway),8677,Shoulder,Two-Wheeler,Two Wheeler,91.04,94.47,91.04,94.47,False,False,50.0,3.43,52.47813411078729,52.478,52.478,OK,8.029999999999987,Yes,5.27,8.03,True,7943.0,Two Wheeler–LCV,47,Bhavesh_Traffic volume video_analysis_datasheet_1.xlsx,Shoulder lane A-H (final) | Speed (free & non free) A-E (raw entry),"xlsx cell values (openpyxl, data_only)"
Group 5,Exp3 (speed/volume) + Exp4 (headway),9299,Shoulder,Two-Wheeler,Two Wheeler,99.07,102.05,99.07,102.05,False,False,50.0,2.98,60.40268456375831,60.403,60.403,OK,3.4000000000000057,No,8.03,3.4,False,8677.0,Two Wheeler–Two Wheeler,48,Bhavesh_Traffic volume video_analysis_datasheet_1.xlsx,Shoulder lane J-Q (final) | Speed (free & non free) A-E (raw entry),"xlsx cell values (openpyxl, data_only)"
Group 5,Exp3 (speed/volume) + Exp4 (headway),9582,Shoulder,Two-Wheeler,Two Wheeler,102.47,107.54,102.47,102.54,False,True,50.0,5.07,35.50295857988161,35.503,2571.429,OK,4.859999999999999,No,3.4,4.86,False,9299.0,Two Wheeler–Two Wheeler,49,Bhavesh_Traffic volume video_analysis_datasheet_1.xlsx,Shoulder lane J-Q (final) | Speed (free & non free) A-E (raw entry),"xlsx cell values (openpyxl, data_only)"
Group 5,Exp3 (speed/volume) + Exp4 (headway),9851,Shoulder,Car,Car,107.33,111.37,107.33,111.37,False,False,50.0,4.04,44.554455445544484,44.554,44.554,OK,5.040000000000006,Yes,4.86,5.04,True,9582.0,Car–Two Wheeler,51,Bhavesh_Traffic volume video_analysis_datasheet_1.xlsx,Shoulder lane A-H (final) | Speed (free & non free) A-E (raw entry),"xlsx cell values (openpyxl, data_only)"
Group 5,Exp3 (speed/volume) + Exp4 (headway),10528,Shoulder,Car,Car,112.37,115.5,112.37,115.5,False,False,50.0,3.13,57.50798722044737,57.508,57.508,OK,5.929999999999993,Yes,5.04,5.93,True,9851.0,Car–Car,55,Bhavesh_Traffic volume video_analysis_datasheet_1.xlsx,Shoulder lane A-H (final) | Speed (free & non free) A-E (raw entry),"xlsx cell values (openpyxl, data_only)"
Group 5,Exp3 (speed/volume) + Exp4 (headway),11369,Shoulder,Two-Wheeler,Two Wheeler,118.3,121.1,118.3,120.1,False,True,50.0,2.8,64.28571428571435,64.286,100.0,OK,0.46999999999999886,No,5.93,0.47,False,10528.0,Two Wheeler–Car,59,Bhavesh_Traffic volume video_analysis_datasheet_1.xlsx,Shoulder lane J-Q (final) | Speed (free & non free) A-E (raw entry),"xlsx cell values (openpyxl, data_only)"
Group 5,Exp3 (speed/volume) + Exp4 (headway),11412,Shoulder,auto,Auto,118.77,122.03,118.77,122.03,False,False,50.0,3.26,55.21472392638028,55.215,55.215,OK,0.7600000000000051,No,0.47,0.76,False,11369.0,Auto–Two Wheeler,61,Bhavesh_Traffic volume video_analysis_datasheet_1.xlsx,Shoulder lane J-Q (final) | Speed (free & non free) A-E (raw entry),"xlsx cell values (openpyxl, data_only)"
Group 5,Exp3 (speed/volume) + Exp4 (headway),11515,Shoulder,lcv,LCV,119.53,124.17,119.53,124.17,False,False,50.0,4.64,38.79310344827586,38.793,38.793,OK,2.280000000000001,No,0.76,2.28,False,11412.0,LCV–Auto,62,Bhavesh_Traffic volume video_analysis_datasheet_1.xlsx,Shoulder lane J-Q (final) | Speed (free & non free) A-E (raw entry),"xlsx cell values (openpyxl, data_only)"
Group 5,Exp3 (speed/volume) + Exp4 (headway),11756,Shoulder,lcv,LCV,121.81,126.7,121.81,126.7,False,False,50.0,4.89,36.80981595092024,36.81,36.81,OK,2.0900000000000034,No,2.28,2.09,False,11515.0,LCV–LCV,65,Bhavesh_Traffic volume video_analysis_datasheet_1.xlsx,Shoulder lane J-Q (final) | Speed (free & non free) A-E (raw entry),"xlsx cell values (openpyxl, data_only)"
Group 5,Exp3 (speed/volume) + Exp4 (headway),12106,Shoulder,Two-Wheeler,Two Wheeler,123.9,126.83,123.9,126.83,False,False,50.0,2.93,61.433447098976266,61.433,61.433,OK,0.09999999999999432,No,2.09,0.1,False,11756.0,Two Wheeler–LCV,66,Bhavesh_Traffic volume video_analysis_datasheet_1.xlsx,Shoulder lane J-Q (final) | Speed (free & non free) A-E (raw entry),"xlsx cell values (openpyxl, data_only)"
Group 5,Exp3 (speed/volume) + Exp4 (headway),12130,Shoulder,Two-Wheeler,Two Wheeler,124.0,126.87,124.0,126.87,False,False,50.0,2.87,62.717770034843106,62.718,62.718,OK,0.269999999999996,No,0.1,0.27,False,12106.0,Two Wheeler–Two Wheeler,67,Bhavesh_Traffic volume video_analysis_datasheet_1.xlsx,Shoulder lane J-Q (final) | Speed (free & non free) A-E (raw entry),"xlsx cell values (openpyxl, data_only)"
Group 5,Exp3 (speed/volume) + Exp4 (headway),12678,Shoulder,auto,Auto,124.27,131.42,124.27,131.42,False,False,50.0,7.15,25.174825174825205,25.175,25.175,OK,8.530000000000015,Yes,0.27,8.53,True,12130.0,Auto–Two Wheeler,68,Bhavesh_Traffic volume video_analysis_datasheet_1.xlsx,Shoulder lane A-H (final) | Speed (free & non free) A-E (raw entry),"xlsx cell values (openpyxl, data_only)"
Group 5,Exp3 (speed/volume) + Exp4 (headway),13130,Shoulder,lcv,LCV,132.8,136.67,132.8,136.67,False,False,50.0,3.87,46.51162790697703,46.512,46.512,OK,12.429999999999978,Yes,8.53,12.43,True,12678.0,LCV–Auto,69,Bhavesh_Traffic volume video_analysis_datasheet_1.xlsx,Shoulder lane A-H (final) | Speed (free & non free) A-E (raw entry),"xlsx cell values (openpyxl, data_only)"
Group 5,Exp3 (speed/volume) + Exp4 (headway),14289,Shoulder,Two-Wheeler,Two Wheeler,145.23,148.1,145.23,148.1,False,False,50.0,2.87,62.717770034843106,62.718,62.718,OK,2.140000000000015,No,12.43,2.14,False,13130.0,Two Wheeler–LCV,72,Bhavesh_Traffic volume video_analysis_datasheet_1.xlsx,Shoulder lane J-Q (final) | Speed (free & non free) A-E (raw entry),"xlsx cell values (openpyxl, data_only)"
Group 5,Exp3 (speed/volume) + Exp4 (headway),14567,Shoulder,Two-Wheeler,Two Wheeler,147.37,151.07,147.37,151.07,False,False,50.0,3.7,48.648648648648795,48.649,48.649,OK,10.629999999999995,Yes,2.14,10.63,True,14289.0,Two Wheeler–Two Wheeler,74,Bhavesh_Traffic volume video_analysis_datasheet_1.xlsx,Shoulder lane A-H (final) | Speed (free & non free) A-E (raw entry),"xlsx cell values (openpyxl, data_only)"
Group 5,Exp3 (speed/volume) + Exp4 (headway),15710,Shoulder,auto,Auto,158.0,164.47,158.0,164.47,False,False,50.0,6.47,27.82071097372489,27.821,27.821,OK,12.569999999999993,Yes,10.63,12.57,True,14567.0,Auto–Two Wheeler,79,Bhavesh_Traffic volume video_analysis_datasheet_1.xlsx,Shoulder lane A-H (final) | Speed (free & non free) A-E (raw entry),"xlsx cell values (openpyxl, data_only)"
Group 5,Exp3 (speed/volume) + Exp4 (headway),16135,Shoulder,MA,Multi Axle,170.57,176.13,170.57,176.13,False,False,50.0,5.56,32.37410071942445,32.374,32.374,OK,0.960000000000008,No,12.57,0.96,False,15710.0,Multi Axle–Auto,82,Bhavesh_Traffic volume video_analysis_datasheet_1.xlsx,Shoulder lane J-Q (final) | Speed (free & non free) A-E (raw entry),"xlsx cell values (openpyxl, data_only)"
Group 5,Exp3 (speed/volume) + Exp4 (headway),16204,Shoulder,auto,Auto,171.53,174.5,171.53,174.5,False,False,50.0,2.97,60.60606060606063,60.606,60.606,OK,0.539999999999992,No,0.96,0.54,False,16135.0,Auto–Multi Axle,83,Bhavesh_Traffic volume video_analysis_datasheet_1.xlsx,Shoulder lane J-Q (final) | Speed (free & non free) A-E (raw entry),"xlsx cell values (openpyxl, data_only)"
Group 5,Exp3 (speed/volume) + Exp4 (headway),16249,Shoulder,Car,Car,172.07,175.17,172.07,175.17,False,False,50.0,3.1,58.06451612903236,58.065,58.065,OK,3.5,No,0.54,3.5,False,16204.0,Car–Auto,84,Bhavesh_Traffic volume video_analysis_datasheet_1.xlsx,Shoulder lane J-Q (final) | Speed (free & non free) A-E (raw entry),"xlsx cell values (openpyxl, data_only)"
Group 5,Exp3 (speed/volume) + Exp4 (headway),16642,Shoulder,Car,Car,175.57,178.17,175.57,178.17,False,False,50.0,2.6,69.23076923076938,69.231,69.231,OK,6.3300000000000125,Yes,3.5,6.33,True,16249.0,Car–Car,86,Bhavesh_Traffic volume video_analysis_datasheet_1.xlsx,Shoulder lane A-H (final) | Speed (free & non free) A-E (raw entry),"xlsx cell values (openpyxl, data_only)"
Group 5,Exp3 (speed/volume) + Exp4 (headway),16751,Shoulder,Car,Car,181.9,186.37,181.9,186.37,False,False,50.0,4.47,40.26845637583894,40.268,40.268,OK,8.849999999999994,Yes,6.33,8.85,True,16642.0,Car–Car,88,Bhavesh_Traffic volume video_analysis_datasheet_1.xlsx,Shoulder lane A-H (final) | Speed (free & non free) A-E (raw entry),"xlsx cell values (openpyxl, data_only)"
Group 5,Exp3 (speed/volume) + Exp4 (headway),17315,Shoulder,Two-Wheeler,Two Wheeler,190.75,193.57,190.75,193.57,False,False,50.0,2.82,63.829787234042705,63.83,63.83,OK,5.97999999999999,Yes,8.85,5.98,True,16751.0,Two Wheeler–Car,89,Bhavesh_Traffic volume video_analysis_datasheet_1.xlsx,Shoulder lane A-H (final) | Speed (free & non free) A-E (raw entry),"xlsx cell values (openpyxl, data_only)"
Group 5,Exp3 (speed/volume) + Exp4 (headway),17513,Shoulder,Two-Wheeler,Two Wheeler,196.73,199.67,196.73,198.67,False,True,50.0,2.94,61.224489795918416,61.224,92.784,OK,1.5700000000000216,No,5.98,1.57,False,17315.0,Two Wheeler–Two Wheeler,90,Bhavesh_Traffic volume video_analysis_datasheet_1.xlsx,Shoulder lane J-Q (final) | Speed (free & non free) A-E (raw entry),"xlsx cell values (openpyxl, data_only)"
Group 5,Exp3 (speed/volume) + Exp4 (headway),17624,Shoulder,lcv,LCV,198.3,202.73,198.3,202.73,False,False,50.0,4.43,40.63205417607243,40.632,40.632,OK,0.22999999999998977,No,1.57,0.23,False,17513.0,LCV–Two Wheeler,91,Bhavesh_Traffic volume video_analysis_datasheet_1.xlsx,Shoulder lane J-Q (final) | Speed (free & non free) A-E (raw entry),"xlsx cell values (openpyxl, data_only)"
Group 5,Exp3 (speed/volume) + Exp4 (headway),17675,Shoulder,lcv,LCV,198.53,203.47,198.53,203.47,False,False,50.0,4.94,36.43724696356277,36.437,36.437,OK,1.6999999999999886,No,0.23,1.7,False,17624.0,LCV–LCV,92,Bhavesh_Traffic volume video_analysis_datasheet_1.xlsx,Shoulder lane J-Q (final) | Speed (free & non free) A-E (raw entry),"xlsx cell values (openpyxl, data_only)"
Group 5,Exp3 (speed/volume) + Exp4 (headway),17874,Shoulder,Car,Car,200.23,204.9,200.23,204.9,False,False,50.0,4.67,38.54389721627396,38.544,38.544,OK,0.040000000000020464,No,1.7,0.04,False,17675.0,Car–LCV,94,Bhavesh_Traffic volume video_analysis_datasheet_1.xlsx,Shoulder lane J-Q (final) | Speed (free & non free) A-E (raw entry),"xlsx cell values (openpyxl, data_only)"
Group 5,Exp3 (speed/volume) + Exp4 (headway),17854,Shoulder,Bus,Bus,200.27,207.34,200.27,207.34,False,False,50.0,7.07,25.459688826025484,25.46,25.46,OK,0.060000000000002274,No,0.04,0.06,False,17874.0,Bus–Car,95,Bhavesh_Traffic volume video_analysis_datasheet_1.xlsx,Shoulder lane J-Q (final) | Speed (free & non free) A-E (raw entry),"xlsx cell values (openpyxl, data_only)"
Group 5,Exp3 (speed/volume) + Exp4 (headway),17886,Shoulder,Car,Car,200.33,206.3,200.33,206.3,False,False,50.0,5.97,30.150753768844226,30.151,30.151,OK,0.03999999999999204,No,0.06,0.04,False,17854.0,Car–Bus,96,Bhavesh_Traffic volume video_analysis_datasheet_1.xlsx,Shoulder lane J-Q (final) | Speed (free & non free) A-E (raw entry),"xlsx cell values (openpyxl, data_only)"
Group 5,Exp3 (speed/volume) + Exp4 (headway),17891,Shoulder,Two-Wheeler,Two Wheeler,200.37,205.9,200.37,205.9,False,False,50.0,5.53,32.54972875226039,32.55,32.55,OK,0.22999999999998977,No,0.04,0.23,False,17886.0,Two Wheeler–Car,97,Bhavesh_Traffic volume video_analysis_datasheet_1.xlsx,Shoulder lane J-Q (final) | Speed (free & non free) A-E (raw entry),"xlsx cell values (openpyxl, data_only)"
Group 5,Exp3 (speed/volume) + Exp4 (headway),17932,Shoulder,Two-Wheeler,Two Wheeler,200.6,206.43,200.6,206.43,False,False,50.0,5.83,30.874785591766656,30.875,30.875,OK,0.5999999999999943,No,0.23,0.6,False,17891.0,Two Wheeler–Two Wheeler,98,Bhavesh_Traffic volume video_analysis_datasheet_1.xlsx,Shoulder lane J-Q (final) | Speed (free & non free) A-E (raw entry),"xlsx cell values (openpyxl, data_only)"
Group 5,Exp3 (speed/volume) + Exp4 (headway),17978,Shoulder,Car,Car,201.2,210.1,201.2,210.1,False,False,50.0,8.9,20.224719101123583,20.225,20.225,OK,0.0700000000000216,No,0.6,0.07,False,17932.0,Car–Two Wheeler,99,Bhavesh_Traffic volume video_analysis_datasheet_1.xlsx,Shoulder lane J-Q (final) | Speed (free & non free) A-E (raw entry),"xlsx cell values (openpyxl, data_only)"
Group 5,Exp3 (speed/volume) + Exp4 (headway),17996,Shoulder,Two-Wheeler,Two Wheeler,201.27,205.9,201.27,205.9,False,False,50.0,4.63,38.876889848812134,38.877,38.877,OK,0.5,No,0.07,0.5,False,17978.0,Two Wheeler–Car,100,Bhavesh_Traffic volume video_analysis_datasheet_1.xlsx,Shoulder lane J-Q (final) | Speed (free & non free) A-E (raw entry),"xlsx cell values (openpyxl, data_only)"
Group 5,Exp3 (speed/volume) + Exp4 (headway),18161,Shoulder,Truck,Truck,201.77,207.37,201.77,207.37,False,False,50.0,5.6,32.142857142857174,32.143,32.143,OK,0.09999999999999432,No,0.5,0.1,False,17996.0,Truck–Two Wheeler,101,Bhavesh_Traffic volume video_analysis_datasheet_1.xlsx,Shoulder lane J-Q (final) | Speed (free & non free) A-E (raw entry),"xlsx cell values (openpyxl, data_only)"
Group 5,Exp3 (speed/volume) + Exp4 (headway),18178,Shoulder,lcv,LCV,201.87,205.43,201.87,203.43,False,True,50.0,3.56,50.56179775280896,50.562,115.385,OK,0.4000000000000057,No,0.1,0.4,False,18161.0,LCV–Truck,102,Bhavesh_Traffic volume video_analysis_datasheet_1.xlsx,Shoulder lane J-Q (final) | Speed (free & non free) A-E (raw entry),"xlsx cell values (openpyxl, data_only)"
Group 5,Exp3 (speed/volume) + Exp4 (headway),18289,Shoulder,Two-Wheeler,Two Wheeler,202.27,205.8,202.27,203.8,False,True,50.0,3.53,50.99150141643058,50.992,117.647,OK,0.2599999999999909,No,0.4,0.26,False,18178.0,Two Wheeler–LCV,103,Bhavesh_Traffic volume video_analysis_datasheet_1.xlsx,Shoulder lane J-Q (final) | Speed (free & non free) A-E (raw entry),"xlsx cell values (openpyxl, data_only)"
Group 5,Exp3 (speed/volume) + Exp4 (headway),18277,Shoulder,Truck,Truck,202.53,208.57,202.53,208.57,False,False,50.0,6.04,29.801324503311296,29.801,29.801,OK,6.5,Yes,0.26,6.5,True,18289.0,Truck–Two Wheeler,104,Bhavesh_Traffic volume video_analysis_datasheet_1.xlsx,Shoulder lane A-H (final) | Speed (free & non free) A-E (raw entry),"xlsx cell values (openpyxl, data_only)"
Group 5,Exp3 (speed/volume) + Exp4 (headway),18987,Shoulder,Car,Car,209.03,218.23,209.03,218.23,False,False,50.0,9.2,19.565217391304373,19.565,19.565,OK,0.1699999999999875,No,6.5,0.17,False,18277.0,Car–Truck,105,Bhavesh_Traffic volume video_analysis_datasheet_1.xlsx,Shoulder lane J-Q (final) | Speed (free & non free) A-E (raw entry),"xlsx cell values (openpyxl, data_only)"
Group 5,Exp3 (speed/volume) + Exp4 (headway),18996,Shoulder,Car,Car,209.2,211.63,209.2,211.63,False,False,50.0,2.43,74.07407407407386,74.074,74.074,OK,0.5700000000000216,No,0.17,0.57,False,18987.0,Car–Car,106,Bhavesh_Traffic volume video_analysis_datasheet_1.xlsx,Shoulder lane J-Q (final) | Speed (free & non free) A-E (raw entry),"xlsx cell values (openpyxl, data_only)"
Group 5,Exp3 (speed/volume) + Exp4 (headway),19048,Shoulder,lcv,LCV,209.77,212.77,209.77,212.77,False,False,50.0,3.0,60.0,60.0,60.0,OK,1.9299999999999784,No,0.57,1.93,False,18996.0,LCV–Car,107,Bhavesh_Traffic volume video_analysis_datasheet_1.xlsx,Shoulder lane J-Q (final) | Speed (free & non free) A-E (raw entry),"xlsx cell values (openpyxl, data_only)"
Group 5,Exp3 (speed/volume) + Exp4 (headway),19171,Shoulder,auto,Auto,211.7,215.17,211.7,215.17,False,False,50.0,3.47,51.873198847262266,51.873,51.873,OK,5.930000000000007,Yes,1.93,5.93,True,19048.0,Auto–LCV,108,Bhavesh_Traffic volume video_analysis_datasheet_1.xlsx,Shoulder lane A-H (final) | Speed (free & non free) A-E (raw entry),"xlsx cell values (openpyxl, data_only)"
Group 5,Exp3 (speed/volume) + Exp4 (headway),19503,Shoulder,Car,Car,217.63,219.73,217.63,219.73,False,False,50.0,2.1,85.71428571428595,85.714,85.714,OK,1.4699999999999989,No,5.93,1.47,False,19171.0,Car–Auto,111,Bhavesh_Traffic volume video_analysis_datasheet_1.xlsx,Shoulder lane J-Q (final) | Speed (free & non free) A-E (raw entry),"xlsx cell values (openpyxl, data_only)"
Group 5,Exp3 (speed/volume) + Exp4 (headway),19610,Shoulder,Two-Wheeler,Two Wheeler,219.1,221.87,219.1,221.87,False,False,50.0,2.77,64.98194945848351,64.982,64.982,OK,0.6299999999999955,No,1.47,0.63,False,19503.0,Two Wheeler–Car,114,Bhavesh_Traffic volume video_analysis_datasheet_1.xlsx,Shoulder lane J-Q (final) | Speed (free & non free) A-E (raw entry),"xlsx cell values (openpyxl, data_only)"
Group 5,Exp3 (speed/volume) + Exp4 (headway),19692,Shoulder,Two-Wheeler,Two Wheeler,219.73,222.07,219.73,222.07,False,False,50.0,2.34,76.9230769230768,76.923,76.923,OK,0.6700000000000159,No,0.63,0.67,False,19610.0,Two Wheeler–Two Wheeler,115,Bhavesh_Traffic volume video_analysis_datasheet_1.xlsx,Shoulder lane J-Q (final) | Speed (free & non free) A-E (raw entry),"xlsx cell values (openpyxl, data_only)"
Group 5,Exp3 (speed/volume) + Exp4 (headway),19761,Shoulder,Two-Wheeler,Two Wheeler,220.4,224.07,220.4,222.07,False,True,50.0,3.67,49.04632152588572,49.046,107.784,OK,0.4000000000000057,No,0.67,0.4,False,19692.0,Two Wheeler–Two Wheeler,116,Bhavesh_Traffic volume video_analysis_datasheet_1.xlsx,Shoulder lane J-Q (final) | Speed (free & non free) A-E (raw entry),"xlsx cell values (openpyxl, data_only)"
Group 5,Exp3 (speed/volume) + Exp4 (headway),19819,Shoulder,Two-Wheeler,Two Wheeler,220.8,224.3,220.8,222.3,False,True,50.0,3.5,51.42857142857143,51.429,120.0,OK,3.0,No,0.4,3.0,False,19761.0,Two Wheeler–Two Wheeler,117,Bhavesh_Traffic volume video_analysis_datasheet_1.xlsx,Shoulder lane J-Q (final) | Speed (free & non free) A-E (raw entry),"xlsx cell values (openpyxl, data_only)"
Group 5,Exp3 (speed/volume) + Exp4 (headway),20171,Shoulder,Two-Wheeler,Two Wheeler,223.8,227.17,223.8,225.17,False,True,50.0,3.37,53.412462908012245,53.412,131.387,OK,0.09999999999999432,No,3.0,0.1,False,19819.0,Two Wheeler–Two Wheeler,118,Bhavesh_Traffic volume video_analysis_datasheet_1.xlsx,Shoulder lane J-Q (final) | Speed (free & non free) A-E (raw entry),"xlsx cell values (openpyxl, data_only)"
Group 5,Exp3 (speed/volume) + Exp4 (headway),20194,Shoulder,Two-Wheeler,Two Wheeler,223.9,226.63,223.9,226.63,False,False,50.0,2.73,65.93406593406618,65.934,65.934,OK,0.4300000000000068,No,0.1,0.43,False,20171.0,Two Wheeler–Two Wheeler,119,Bhavesh_Traffic volume video_analysis_datasheet_1.xlsx,Shoulder lane J-Q (final) | Speed (free & non free) A-E (raw entry),"xlsx cell values (openpyxl, data_only)"
Group 5,Exp3 (speed/volume) + Exp4 (headway),20266,Shoulder,Two-Wheeler,Two Wheeler,224.33,227.53,224.33,225.53,False,True,50.0,3.2,56.2500000000002,56.25,150.0,OK,2.369999999999976,No,0.43,2.37,False,20194.0,Two Wheeler–Two Wheeler,120,Bhavesh_Traffic volume video_analysis_datasheet_1.xlsx,Shoulder lane J-Q (final) | Speed (free & non free) A-E (raw entry),"xlsx cell values (openpyxl, data_only)"
Group 5,Exp3 (speed/volume) + Exp4 (headway),20250,Shoulder,Car,Car,226.7,228.93,226.7,228.93,False,False,50.0,2.23,80.71748878923701,80.717,80.717,OK,2.030000000000001,No,2.37,2.03,False,20266.0,Car–Two Wheeler,125,Bhavesh_Traffic volume video_analysis_datasheet_1.xlsx,Shoulder lane J-Q (final) | Speed (free & non free) A-E (raw entry),"xlsx cell values (openpyxl, data_only)"
Group 5,Exp3 (speed/volume) + Exp4 (headway),20659,Shoulder,Car,Car,228.73,233.87,228.73,233.87,False,False,50.0,5.14,35.019455252918185,35.019,35.019,OK,1.0700000000000216,No,2.03,1.07,False,20250.0,Car–Car,127,Bhavesh_Traffic volume video_analysis_datasheet_1.xlsx,Shoulder lane J-Q (final) | Speed (free & non free) A-E (raw entry),"xlsx cell values (openpyxl, data_only)"
Group 5,Exp3 (speed/volume) + Exp4 (headway),20784,Shoulder,Car,Car,229.8,235.9,229.8,235.9,False,False,50.0,6.1,29.508196721311503,29.508,29.508,OK,0.06999999999999318,No,1.07,0.07,False,20659.0,Car–Car,128,Bhavesh_Traffic volume video_analysis_datasheet_1.xlsx,Shoulder lane J-Q (final) | Speed (free & non free) A-E (raw entry),"xlsx cell values (openpyxl, data_only)"
Group 5,Exp3 (speed/volume) + Exp4 (headway),20756,Shoulder,Car,Car,229.87,237.63,229.87,237.63,False,False,50.0,7.76,23.19587628865982,23.196,23.196,OK,0.9300000000000068,No,0.07,0.93,False,20784.0,Car–Car,129,Bhavesh_Traffic volume video_analysis_datasheet_1.xlsx,Shoulder lane J-Q (final) | Speed (free & non free) A-E (raw entry),"xlsx cell values (openpyxl, data_only)"
Group 5,Exp3 (speed/volume) + Exp4 (headway),20808,Shoulder,Car,Car,230.8,233.03,230.8,233.03,False,False,50.0,2.23,80.71748878923803,80.717,80.717,OK,1.329999999999984,No,0.93,1.33,False,20756.0,Car–Car,130,Bhavesh_Traffic volume video_analysis_datasheet_1.xlsx,Shoulder lane J-Q (final) | Speed (free & non free) A-E (raw entry),"xlsx cell values (openpyxl, data_only)"
Group 5,Exp3 (speed/volume) + Exp4 (headway),20862,Shoulder,Car,Car,232.13,235.63,232.13,235.63,False,False,50.0,3.5,51.42857142857143,51.429,51.429,OK,0.06999999999999318,No,1.33,0.07,False,20808.0,Car–Car,132,Bhavesh_Traffic volume video_analysis_datasheet_1.xlsx,Shoulder lane J-Q (final) | Speed (free & non free) A-E (raw entry),"xlsx cell values (openpyxl, data_only)"
Group 5,Exp3 (speed/volume) + Exp4 (headway),20863,Shoulder,Car,Car,232.2,235.7,232.2,235.7,False,False,50.0,3.5,51.42857142857143,51.429,51.429,OK,0.2300000000000182,No,0.07,0.23,False,20862.0,Car–Car,133,Bhavesh_Traffic volume video_analysis_datasheet_1.xlsx,Shoulder lane J-Q (final) | Speed (free & non free) A-E (raw entry),"xlsx cell values (openpyxl, data_only)"
Group 5,Exp3 (speed/volume) + Exp4 (headway),20510,Shoulder,Car,Car,232.43,234.83,232.43,234.83,False,False,50.0,2.4,74.99999999999983,75.0,75.0,OK,1.3400000000000034,No,0.23,1.34,False,20863.0,Car–Car,134,Bhavesh_Traffic volume video_analysis_datasheet_1.xlsx,Shoulder lane J-Q (final) | Speed (free & non free) A-E (raw entry),"xlsx cell values (openpyxl, data_only)"
Group 5,Exp3 (speed/volume) + Exp4 (headway),20927,Shoulder,Car,Car,233.77,237.27,233.77,237.27,False,False,50.0,3.5,51.42857142857143,51.429,51.429,OK,0.12999999999999545,No,1.34,0.13,False,20510.0,Car–Car,135,Bhavesh_Traffic volume video_analysis_datasheet_1.xlsx,Shoulder lane J-Q (final) | Speed (free & non free) A-E (raw entry),"xlsx cell values (openpyxl, data_only)"
Group 5,Exp3 (speed/volume) + Exp4 (headway),20933,Shoulder,Car,Car,233.9,237.4,233.9,237.4,False,False,50.0,3.5,51.42857142857143,51.429,51.429,OK,1.6299999999999955,No,0.13,1.63,False,20927.0,Car–Car,136,Bhavesh_Traffic volume video_analysis_datasheet_1.xlsx,Shoulder lane J-Q (final) | Speed (free & non free) A-E (raw entry),"xlsx cell values (openpyxl, data_only)"
Group 5,Exp3 (speed/volume) + Exp4 (headway),20954,Shoulder,Car,Car,235.53,239.03,235.53,239.03,False,False,50.0,3.5,51.42857142857143,51.429,51.429,OK,0.4000000000000057,No,1.63,0.4,False,20933.0,Car–Car,137,Bhavesh_Traffic volume video_analysis_datasheet_1.xlsx,Shoulder lane J-Q (final) | Speed (free & non free) A-E (raw entry),"xlsx cell values (openpyxl, data_only)"
Group 5,Exp3 (speed/volume) + Exp4 (headway),20983,Shoulder,Truck,Truck,235.93,239.53,235.93,239.53,False,False,50.0,3.6,50.00000000000008,50.0,50.0,OK,4.639999999999986,No,0.4,4.64,False,20954.0,Truck–Car,138,Bhavesh_Traffic volume video_analysis_datasheet_1.xlsx,Shoulder lane J-Q (final) | Speed (free & non free) A-E (raw entry),"xlsx cell values (openpyxl, data_only)"
Group 5,Exp3 (speed/volume) + Exp4 (headway),20997,Shoulder,Car,Car,240.57,243.77,240.57,243.77,False,False,50.0,3.2,56.2499999999997,56.25,56.25,OK,13.5,Yes,4.64,13.5,True,20983.0,Car–Truck,139,Bhavesh_Traffic volume video_analysis_datasheet_1.xlsx,Shoulder lane A-H (final) | Speed (free & non free) A-E (raw entry),"xlsx cell values (openpyxl, data_only)"
Group 5,Exp3 (speed/volume) + Exp4 (headway),21403,Shoulder,Two-Wheeler,Two Wheeler,254.07,256.87,254.07,256.87,False,False,50.0,2.8,64.28571428571402,64.286,64.286,OK,1.3300000000000125,No,13.5,1.33,False,20997.0,Two Wheeler–Car,143,Bhavesh_Traffic volume video_analysis_datasheet_1.xlsx,Shoulder lane J-Q (final) | Speed (free & non free) A-E (raw entry),"xlsx cell values (openpyxl, data_only)"
Group 5,Exp3 (speed/volume) + Exp4 (headway),21472,Shoulder,Two-Wheeler,Two Wheeler,255.4,258.34,255.4,258.34,False,False,50.0,2.94,61.224489795919006,61.224,61.224,OK,0.8699999999999761,No,1.33,0.87,False,21403.0,Two Wheeler–Two Wheeler,145,Bhavesh_Traffic volume video_analysis_datasheet_1.xlsx,Shoulder lane J-Q (final) | Speed (free & non free) A-E (raw entry),"xlsx cell values (openpyxl, data_only)"
Group 5,Exp3 (speed/volume) + Exp4 (headway),21368,Shoulder,Truck,Truck,256.27,261.17,256.27,261.17,False,False,50.0,4.9,36.73469387755077,36.735,36.735,OK,7.730000000000018,Yes,0.87,7.73,True,21472.0,Truck–Two Wheeler,146,Bhavesh_Traffic volume video_analysis_datasheet_1.xlsx,Shoulder lane A-H (final) | Speed (free & non free) A-E (raw entry),"xlsx cell values (openpyxl, data_only)"
Group 5,Exp3 (speed/volume) + Exp4 (headway),21685,Shoulder,lcv,LCV,264.0,266.67,264.0,266.67,False,False,50.0,2.67,67.41573033707824,67.416,67.416,OK,22.670000000000016,Yes,7.73,22.67,True,21368.0,LCV–Truck,148,Bhavesh_Traffic volume video_analysis_datasheet_1.xlsx,Shoulder lane A-H (final) | Speed (free & non free) A-E (raw entry),"xlsx cell values (openpyxl, data_only)"
Group 5,Exp3 (speed/volume) + Exp4 (headway),22474,Shoulder,Two-Wheeler,Two Wheeler,286.67,289.63,286.67,288.63,False,True,50.0,2.96,60.81081081081123,60.811,91.837,OK,1.2299999999999613,No,22.67,1.23,False,21685.0,Two Wheeler–LCV,151,Bhavesh_Traffic volume video_analysis_datasheet_1.xlsx,Shoulder lane J-Q (final) | Speed (free & non free) A-E (raw entry),"xlsx cell values (openpyxl, data_only)"
Group 5,Exp3 (speed/volume) + Exp4 (headway),22467,Shoulder,lcv,LCV,287.9,291.33,287.9,291.33,False,False,50.0,3.43,52.47813411078707,52.478,52.478,OK,1.57000000000005,No,1.23,1.57,False,22474.0,LCV–Two Wheeler,152,Bhavesh_Traffic volume video_analysis_datasheet_1.xlsx,Shoulder lane J-Q (final) | Speed (free & non free) A-E (raw entry),"xlsx cell values (openpyxl, data_only)"
Group 5,Exp3 (speed/volume) + Exp4 (headway),22589,Shoulder,Car,Car,289.47,292.73,289.47,292.73,False,False,50.0,3.26,55.21472392638052,55.215,55.215,OK,6.659999999999968,Yes,1.57,6.66,True,22467.0,Car–LCV,153,Bhavesh_Traffic volume video_analysis_datasheet_1.xlsx,Shoulder lane A-H (final) | Speed (free & non free) A-E (raw entry),"xlsx cell values (openpyxl, data_only)"
Group 5,Exp3 (speed/volume) + Exp4 (headway),22499,Shoulder,Two-Wheeler,Two Wheeler,296.13,299.83,296.13,297.83,False,True,50.0,3.7,48.648648648648795,48.649,105.882,OK,0.6700000000000159,No,6.66,0.67,False,22589.0,Two Wheeler–Car,156,Bhavesh_Traffic volume video_analysis_datasheet_1.xlsx,Shoulder lane J-Q (final) | Speed (free & non free) A-E (raw entry),"xlsx cell values (openpyxl, data_only)"
Group 5,Exp3 (speed/volume) + Exp4 (headway),22908,Shoulder,Truck,Truck,296.8,299.3,296.8,298.3,False,True,50.0,2.5,72.0,72.0,120.0,OK,12.399999999999977,Yes,0.67,12.4,True,22499.0,Truck–Two Wheeler,157,Bhavesh_Traffic volume video_analysis_datasheet_1.xlsx,Shoulder lane A-H (final) | Speed (free & non free) A-E (raw entry),"xlsx cell values (openpyxl, data_only)"
Group 5,Exp3 (speed/volume) + Exp4 (headway),23576,Shoulder,Car,Car,309.2,312.77,309.2,312.77,False,False,50.0,3.57,50.42016806722699,50.42,50.42,OK,5.8700000000000045,Yes,12.4,5.87,True,22908.0,Car–Truck,160,Bhavesh_Traffic volume video_analysis_datasheet_1.xlsx,Shoulder lane A-H (final) | Speed (free & non free) A-E (raw entry),"xlsx cell values (openpyxl, data_only)"
Group 5,Exp3 (speed/volume) + Exp4 (headway),23806,Shoulder,Car,Car,315.07,320.7,315.07,320.7,False,False,50.0,5.63,31.971580817051535,31.972,31.972,OK,4.699999999999989,No,5.87,4.7,False,23576.0,Car–Car,163,Bhavesh_Traffic volume video_analysis_datasheet_1.xlsx,Shoulder lane J-Q (final) | Speed (free & non free) A-E (raw entry),"xlsx cell values (openpyxl, data_only)"
Group 5,Exp3 (speed/volume) + Exp4 (headway),24351,Shoulder,Two-Wheeler,Two Wheeler,319.77,323.7,319.77,321.7,False,True,50.0,3.93,45.801526717557174,45.802,93.264,OK,2.660000000000025,No,4.7,2.66,False,23806.0,Two Wheeler–Car,166,Bhavesh_Traffic volume video_analysis_datasheet_1.xlsx,Shoulder lane J-Q (final) | Speed (free & non free) A-E (raw entry),"xlsx cell values (openpyxl, data_only)"
Group 5,Exp3 (speed/volume) + Exp4 (headway),24556,Shoulder,Car,Car,322.43,327.27,322.43,327.27,False,False,50.0,4.84,37.19008264462829,37.19,37.19,OK,0.040000000000020464,No,2.66,0.04,False,24351.0,Car–Two Wheeler,168,Bhavesh_Traffic volume video_analysis_datasheet_1.xlsx,Shoulder lane J-Q (final) | Speed (free & non free) A-E (raw entry),"xlsx cell values (openpyxl, data_only)"
Group 5,Exp3 (speed/volume) + Exp4 (headway),24431,Shoulder,Bus,Bus,322.47,326.07,322.47,326.07,False,False,50.0,3.6,50.000000000000476,50.0,50.0,OK,2.7999999999999545,No,0.04,2.8,False,24556.0,Bus–Car,169,Bhavesh_Traffic volume video_analysis_datasheet_1.xlsx,Shoulder lane J-Q (final) | Speed (free & non free) A-E (raw entry),"xlsx cell values (openpyxl, data_only)"
Group 5,Exp3 (speed/volume) + Exp4 (headway),24202,Shoulder,Car,Car,325.27,327.6,325.27,327.6,False,False,50.0,2.33,77.25321888411881,77.253,77.253,OK,7.360000000000014,Yes,2.8,7.36,True,24431.0,Car–Bus,170,Bhavesh_Traffic volume video_analysis_datasheet_1.xlsx,Shoulder lane A-H (final) | Speed (free & non free) A-E (raw entry),"xlsx cell values (openpyxl, data_only)"
Group 5,Exp3 (speed/volume) + Exp4 (headway),24975,Shoulder,Car,Car,332.63,335.9,332.63,335.9,False,False,50.0,3.27,55.04587155963333,55.046,55.046,OK,9.870000000000005,Yes,7.36,9.87,True,24202.0,Car–Car,175,Bhavesh_Traffic volume video_analysis_datasheet_1.xlsx,Shoulder lane A-H (final) | Speed (free & non free) A-E (raw entry),"xlsx cell values (openpyxl, data_only)"
Group 5,Exp3 (speed/volume) + Exp4 (headway),25608,Shoulder,Truck,Truck,342.5,345.87,342.5,345.87,False,False,50.0,3.37,53.4124629080118,53.412,53.412,OK,3.829999999999984,No,9.87,3.83,False,24975.0,Truck–Car,178,Bhavesh_Traffic volume video_analysis_datasheet_1.xlsx,Shoulder lane J-Q (final) | Speed (free & non free) A-E (raw entry),"xlsx cell values (openpyxl, data_only)"
Group 5,Exp3 (speed/volume) + Exp4 (headway),25620,Shoulder,Car,Car,346.33,350.93,346.33,350.93,False,False,50.0,4.6,39.1304347826085,39.13,39.13,OK,3.840000000000032,No,3.83,3.84,False,25608.0,Car–Truck,181,Bhavesh_Traffic volume video_analysis_datasheet_1.xlsx,Shoulder lane J-Q (final) | Speed (free & non free) A-E (raw entry),"xlsx cell values (openpyxl, data_only)"
Group 5,Exp3 (speed/volume) + Exp4 (headway),26156,Shoulder,Two-Wheeler,Two Wheeler,350.17,352.0,350.17,352.0,False,False,50.0,1.83,98.36065573770577,98.361,98.361,CHECK (90-120 km/h),0.8999999999999773,No,3.84,0.9,False,25620.0,Two Wheeler–Car,183,Bhavesh_Traffic volume video_analysis_datasheet_1.xlsx,Shoulder lane J-Q (final) | Speed (free & non free) A-E (raw entry),"xlsx cell values (openpyxl, data_only)"
Group 5,Exp3 (speed/volume) + Exp4 (headway),26071,Shoulder,Car,Car,351.07,354.37,351.07,354.37,False,False,50.0,3.3,54.545454545454355,54.545,54.545,OK,3.1299999999999955,No,0.9,3.13,False,26156.0,Car–Two Wheeler,184,Bhavesh_Traffic volume video_analysis_datasheet_1.xlsx,Shoulder lane J-Q (final) | Speed (free & non free) A-E (raw entry),"xlsx cell values (openpyxl, data_only)"
Group 5,Exp3 (speed/volume) + Exp4 (headway),26410,Shoulder,Two-Wheeler,Two Wheeler,354.2,357.37,354.2,355.37,False,True,50.0,3.17,56.78233438485776,56.782,153.846,OK,0.5699999999999932,No,3.13,0.57,False,26071.0,Two Wheeler–Car,186,Bhavesh_Traffic volume video_analysis_datasheet_1.xlsx,Shoulder lane J-Q (final) | Speed (free & non free) A-E (raw entry),"xlsx cell values (openpyxl, data_only)"
Group 5,Exp3 (speed/volume) + Exp4 (headway),26460,Shoulder,Two-Wheeler,Two Wheeler,354.77,358.5,354.77,355.5,False,True,50.0,3.73,48.25737265415526,48.257,246.575,OK,8.629999999999995,Yes,0.57,8.63,True,26410.0,Two Wheeler–Two Wheeler,187,Bhavesh_Traffic volume video_analysis_datasheet_1.xlsx,Shoulder lane A-H (final) | Speed (free & non free) A-E (raw entry),"xlsx cell values (openpyxl, data_only)"
Group 5,Exp3 (speed/volume) + Exp4 (headway),26732,Shoulder,Two-Wheeler,Two Wheeler,363.4,373.83,363.4,373.83,False,False,50.0,10.43,17.257909875359527,17.258,17.258,OK,0.2300000000000182,No,8.63,0.23,False,26460.0,Two Wheeler–Two Wheeler,188,Bhavesh_Traffic volume video_analysis_datasheet_1.xlsx,Shoulder lane J-Q (final) | Speed (free & non free) A-E (raw entry),"xlsx cell values (openpyxl, data_only)"
Group 5,Exp3 (speed/volume) + Exp4 (headway),26738,Shoulder,Two-Wheeler,Two Wheeler,363.63,376.3,363.63,376.3,False,False,50.0,12.67,14.206787687450653,14.207,14.207,OK,0.13999999999998636,No,0.23,0.14,False,26732.0,Two Wheeler–Two Wheeler,189,Bhavesh_Traffic volume video_analysis_datasheet_1.xlsx,Shoulder lane J-Q (final) | Speed (free & non free) A-E (raw entry),"xlsx cell values (openpyxl, data_only)"
Group 5,Exp3 (speed/volume) + Exp4 (headway),26748,Shoulder,Two-Wheeler,Two Wheeler,363.77,367.53,363.77,365.53,False,True,50.0,3.76,47.87234042553203,47.872,102.273,OK,0.5600000000000023,No,0.14,0.56,False,26738.0,Two Wheeler–Two Wheeler,190,Bhavesh_Traffic volume video_analysis_datasheet_1.xlsx,Shoulder lane J-Q (final) | Speed (free & non free) A-E (raw entry),"xlsx cell values (openpyxl, data_only)"
Group 5,Exp3 (speed/volume) + Exp4 (headway),26781,Shoulder,auto,Auto,364.33,367.23,364.33,367.23,False,False,50.0,2.9,62.06896551724065,62.069,62.069,OK,5.740000000000009,Yes,0.56,5.74,True,26748.0,Auto–Two Wheeler,191,Bhavesh_Traffic volume video_analysis_datasheet_1.xlsx,Shoulder lane A-H (final) | Speed (free & non free) A-E (raw entry),"xlsx cell values (openpyxl, data_only)"
Group 5,Exp3 (speed/volume) + Exp4 (headway),27118,Shoulder,Bus,Bus,370.07,373.04,370.07,373.04,False,False,50.0,2.97,60.60606060606005,60.606,60.606,OK,3.400000000000034,No,5.74,3.4,False,26781.0,Bus–Auto,193,Bhavesh_Traffic volume video_analysis_datasheet_1.xlsx,Shoulder lane J-Q (final) | Speed (free & non free) A-E (raw entry),"xlsx cell values (openpyxl, data_only)"
Group 5,Exp3 (speed/volume) + Exp4 (headway),27366,Shoulder,Two-Wheeler,Two Wheeler,373.47,376.77,373.47,376.77,False,False,50.0,3.3,54.5454545454553,54.545,54.545,OK,0.05999999999994543,No,3.4,0.06,False,27118.0,Two Wheeler–Bus,195,Bhavesh_Traffic volume video_analysis_datasheet_1.xlsx,Shoulder lane J-Q (final) | Speed (free & non free) A-E (raw entry),"xlsx cell values (openpyxl, data_only)"
Group 5,Exp3 (speed/volume) + Exp4 (headway),27373,Shoulder,Two-Wheeler,Two Wheeler,373.53,376.94,373.53,376.94,False,False,50.0,3.41,52.7859237536653,52.786,52.786,OK,4.740000000000009,No,0.06,4.74,False,27366.0,Two Wheeler–Two Wheeler,196,Bhavesh_Traffic volume video_analysis_datasheet_1.xlsx,Shoulder lane J-Q (final) | Speed (free & non free) A-E (raw entry),"xlsx cell values (openpyxl, data_only)"
Group 5,Exp3 (speed/volume) + Exp4 (headway),27582,Shoulder,Car,Car,378.27,381.1,378.27,381.1,False,False,50.0,2.83,63.60424028268459,63.604,63.604,OK,1.1000000000000227,No,4.74,1.1,False,27373.0,Car–Two Wheeler,198,Bhavesh_Traffic volume video_analysis_datasheet_1.xlsx,Shoulder lane J-Q (final) | Speed (free & non free) A-E (raw entry),"xlsx cell values (openpyxl, data_only)"
Group 5,Exp3 (speed/volume) + Exp4 (headway),27756,Shoulder,Car,Car,379.37,382.13,379.37,382.13,False,False,50.0,2.76,65.21739130434804,65.217,65.217,OK,4.199999999999989,No,1.1,4.2,False,27582.0,Car–Car,201,Bhavesh_Traffic volume video_analysis_datasheet_1.xlsx,Shoulder lane J-Q (final) | Speed (free & non free) A-E (raw entry),"xlsx cell values (openpyxl, data_only)"
Group 5,Exp3 (speed/volume) + Exp4 (headway),27808,Shoulder,Car,Car,383.57,386.5,383.57,386.5,False,False,50.0,2.93,61.43344709897597,61.433,61.433,OK,2.230000000000018,No,4.2,2.23,False,27756.0,Car–Car,205,Bhavesh_Traffic volume video_analysis_datasheet_1.xlsx,Shoulder lane J-Q (final) | Speed (free & non free) A-E (raw entry),"xlsx cell values (openpyxl, data_only)"
Group 5,Exp3 (speed/volume) + Exp4 (headway),27999,Shoulder,Two-Wheeler,Two Wheeler,385.8,389.13,385.8,388.13,False,True,50.0,3.33,54.05405405405431,54.054,77.253,OK,0.46999999999997044,No,2.23,0.47,False,27808.0,Two Wheeler–Car,206,Bhavesh_Traffic volume video_analysis_datasheet_1.xlsx,Shoulder lane J-Q (final) | Speed (free & non free) A-E (raw entry),"xlsx cell values (openpyxl, data_only)"
Group 5,Exp3 (speed/volume) + Exp4 (headway),28010,Shoulder,Two-Wheeler,Two Wheeler,386.27,389.77,386.27,387.77,False,True,50.0,3.5,51.42857142857143,51.429,120.0,OK,0.4600000000000364,No,0.47,0.46,False,27999.0,Two Wheeler–Two Wheeler,207,Bhavesh_Traffic volume video_analysis_datasheet_1.xlsx,Shoulder lane J-Q (final) | Speed (free & non free) A-E (raw entry),"xlsx cell values (openpyxl, data_only)"
Group 5,Exp3 (speed/volume) + Exp4 (headway),27904,Shoulder,Truck,Truck,386.73,391.57,386.73,391.57,False,False,50.0,4.84,37.19008264462829,37.19,37.19,OK,2.4399999999999977,No,0.46,2.44,False,28010.0,Truck–Two Wheeler,208,Bhavesh_Traffic volume video_analysis_datasheet_1.xlsx,Shoulder lane J-Q (final) | Speed (free & non free) A-E (raw entry),"xlsx cell values (openpyxl, data_only)"
Group 5,Exp3 (speed/volume) + Exp4 (headway),28113,Shoulder,Truck,Truck,389.17,393.77,389.17,393.77,False,False,50.0,4.6,39.13043478260899,39.13,39.13,OK,3.599999999999966,No,2.44,3.6,False,27904.0,Truck–Truck,209,Bhavesh_Traffic volume video_analysis_datasheet_1.xlsx,Shoulder lane J-Q (final) | Speed (free & non free) A-E (raw entry),"xlsx cell values (openpyxl, data_only)"
Group 5,Exp3 (speed/volume) + Exp4 (headway),28201,Shoulder,Car,Car,392.77,396.73,392.77,396.73,False,False,50.0,3.96,45.454545454545034,45.455,45.455,OK,1.8000000000000114,No,3.6,1.8,False,28113.0,Car–Truck,210,Bhavesh_Traffic volume video_analysis_datasheet_1.xlsx,Shoulder lane J-Q (final) | Speed (free & non free) A-E (raw entry),"xlsx cell values (openpyxl, data_only)"
Group 5,Exp3 (speed/volume) + Exp4 (headway),28231,Shoulder,Car,Car,394.57,398.57,394.57,398.57,False,False,50.0,4.0,45.0,45.0,45.0,OK,1.9599999999999795,No,1.8,1.96,False,28201.0,Car–Car,213,Bhavesh_Traffic volume video_analysis_datasheet_1.xlsx,Shoulder lane J-Q (final) | Speed (free & non free) A-E (raw entry),"xlsx cell values (openpyxl, data_only)"
Group 5,Exp3 (speed/volume) + Exp4 (headway),28298,Shoulder,lcv,LCV,396.53,399.83,396.53,398.83,False,True,50.0,3.3,54.545454545454355,54.545,78.261,OK,15.370000000000005,Yes,1.96,15.37,True,28231.0,LCV–Car,216,Bhavesh_Traffic volume video_analysis_datasheet_1.xlsx,Shoulder lane A-H (final) | Speed (free & non free) A-E (raw entry),"xlsx cell values (openpyxl, data_only)"
Group 5,Exp3 (speed/volume) + Exp4 (headway),28765,Shoulder,Two-Wheeler,Two Wheeler,411.9,417.4,411.9,413.4,False,True,50.0,5.5,32.72727272727273,32.727,120.0,OK,2.7700000000000387,No,15.37,2.77,False,28298.0,Two Wheeler–LCV,219,Bhavesh_Traffic volume video_analysis_datasheet_1.xlsx,Shoulder lane J-Q (final) | Speed (free & non free) A-E (raw entry),"xlsx cell values (openpyxl, data_only)"
Group 5,Exp3 (speed/volume) + Exp4 (headway),28924,Shoulder,Two-Wheeler,Two Wheeler,414.67,418.2,414.67,416.2,False,True,50.0,3.53,50.99150141643099,50.992,117.647,OK,0.8999999999999773,No,2.77,0.9,False,28765.0,Two Wheeler–Two Wheeler,221,Bhavesh_Traffic volume video_analysis_datasheet_1.xlsx,Shoulder lane J-Q (final) | Speed (free & non free) A-E (raw entry),"xlsx cell values (openpyxl, data_only)"
Group 5,Exp3 (speed/volume) + Exp4 (headway),28980,Shoulder,Two-Wheeler,Two Wheeler,415.57,417.87,415.57,417.87,False,False,50.0,2.3,78.260869565217,78.261,78.261,OK,1.900000000000034,No,0.9,1.9,False,28924.0,Two Wheeler–Two Wheeler,222,Bhavesh_Traffic volume video_analysis_datasheet_1.xlsx,Shoulder lane J-Q (final) | Speed (free & non free) A-E (raw entry),"xlsx cell values (openpyxl, data_only)"
Group 5,Exp3 (speed/volume) + Exp4 (headway),29105,Shoulder,Two-Wheeler,Two Wheeler,417.47,422.1,417.47,422.1,False,False,50.0,4.63,38.876889848812134,38.877,38.877,OK,0.12999999999999545,No,1.9,0.13,False,28980.0,Two Wheeler–Two Wheeler,223,Bhavesh_Traffic volume video_analysis_datasheet_1.xlsx,Shoulder lane J-Q (final) | Speed (free & non free) A-E (raw entry),"xlsx cell values (openpyxl, data_only)"
Group 5,Exp3 (speed/volume) + Exp4 (headway),29112,Shoulder,Two-Wheeler,Two Wheeler,417.6,420.97,417.6,418.97,False,True,50.0,3.37,53.4124629080118,53.412,131.387,OK,1.599999999999966,No,0.13,1.6,False,29105.0,Two Wheeler–Two Wheeler,224,Bhavesh_Traffic volume video_analysis_datasheet_1.xlsx,Shoulder lane J-Q (final) | Speed (free & non free) A-E (raw entry),"xlsx cell values (openpyxl, data_only)"
Group 5,Exp3 (speed/volume) + Exp4 (headway),29230,Shoulder,Car,Car,419.2,422.23,419.2,422.23,False,False,50.0,3.03,59.405940594058826,59.406,59.406,OK,0.6000000000000227,No,1.6,0.6,False,29112.0,Car–Two Wheeler,226,Bhavesh_Traffic volume video_analysis_datasheet_1.xlsx,Shoulder lane J-Q (final) | Speed (free & non free) A-E (raw entry),"xlsx cell values (openpyxl, data_only)"
Group 5,Exp3 (speed/volume) + Exp4 (headway),29282,Shoulder,Two-Wheeler,Two Wheeler,419.8,423.07,419.8,421.07,False,True,50.0,3.27,55.04587155963333,55.046,141.732,OK,0.6999999999999886,No,0.6,0.7,False,29230.0,Two Wheeler–Car,229,Bhavesh_Traffic volume video_analysis_datasheet_1.xlsx,Shoulder lane J-Q (final) | Speed (free & non free) A-E (raw entry),"xlsx cell values (openpyxl, data_only)"
Group 5,Exp3 (speed/volume) + Exp4 (headway),29240,Shoulder,Car,Car,420.5,423.83,420.5,423.83,False,False,50.0,3.33,54.05405405405431,54.054,54.054,OK,0.9300000000000068,No,0.7,0.93,False,29282.0,Car–Two Wheeler,230,Bhavesh_Traffic volume video_analysis_datasheet_1.xlsx,Shoulder lane J-Q (final) | Speed (free & non free) A-E (raw entry),"xlsx cell values (openpyxl, data_only)"
Group 5,Exp3 (speed/volume) + Exp4 (headway),29408,Shoulder,lcv,LCV,421.43,425.72,421.43,425.72,False,False,50.0,4.29,41.95804195804176,41.958,41.958,OK,7.699999999999989,Yes,0.93,7.7,True,29240.0,LCV–Car,231,Bhavesh_Traffic volume video_analysis_datasheet_1.xlsx,Shoulder lane A-H (final) | Speed (free & non free) A-E (raw entry),"xlsx cell values (openpyxl, data_only)"
Group 5,Exp3 (speed/volume) + Exp4 (headway),29940,Shoulder,auto,Auto,429.13,432.67,429.13,432.67,False,False,50.0,3.54,50.84745762711835,50.847,50.847,OK,9.800000000000011,Yes,7.7,9.8,True,29408.0,Auto–LCV,232,Bhavesh_Traffic volume video_analysis_datasheet_1.xlsx,Shoulder lane A-H (final) | Speed (free & non free) A-E (raw entry),"xlsx cell values (openpyxl, data_only)"
Group 5,Exp3 (speed/volume) + Exp4 (headway),30071,Shoulder,Truck,Truck,438.93,443.27,438.93,443.27,False,False,50.0,4.34,41.47465437788043,41.475,41.475,OK,9.46999999999997,Yes,9.8,9.47,True,29940.0,Truck–Auto,235,Bhavesh_Traffic volume video_analysis_datasheet_1.xlsx,Shoulder lane A-H (final) | Speed (free & non free) A-E (raw entry),"xlsx cell values (openpyxl, data_only)"
Group 5,Exp3 (speed/volume) + Exp4 (headway),30423,Shoulder,Two-Wheeler,Two Wheeler,448.4,457.6,448.4,457.6,False,False,50.0,9.2,19.56521739130425,19.565,19.565,OK,0.10000000000002274,No,9.47,0.1,False,30071.0,Two Wheeler–Truck,240,Bhavesh_Traffic volume video_analysis_datasheet_1.xlsx,Shoulder lane J-Q (final) | Speed (free & non free) A-E (raw entry),"xlsx cell values (openpyxl, data_only)"
Group 5,Exp3 (speed/volume) + Exp4 (headway),30433,Shoulder,Two-Wheeler,Two Wheeler,448.5,460.57,448.5,460.57,False,False,50.0,12.07,14.913007456503736,14.913,14.913,OK,0.17000000000001592,No,0.1,0.17,False,30423.0,Two Wheeler–Two Wheeler,241,Bhavesh_Traffic volume video_analysis_datasheet_1.xlsx,Shoulder lane J-Q (final) | Speed (free & non free) A-E (raw entry),"xlsx cell values (openpyxl, data_only)"
Group 5,Exp3 (speed/volume) + Exp4 (headway),30449,Shoulder,Two-Wheeler,Two Wheeler,448.67,462.9,448.67,462.9,False,False,50.0,14.23,12.649332396345782,12.649,12.649,OK,0.3299999999999841,No,0.17,0.33,False,30433.0,Two Wheeler–Two Wheeler,242,Bhavesh_Traffic volume video_analysis_datasheet_1.xlsx,Shoulder lane J-Q (final) | Speed (free & non free) A-E (raw entry),"xlsx cell values (openpyxl, data_only)"
Group 5,Exp3 (speed/volume) + Exp4 (headway),30475,Shoulder,Two-Wheeler,Two Wheeler,449.0,453.3,449.0,450.3,False,True,50.0,4.3,41.86046511627896,41.86,138.462,OK,4.5,No,0.33,4.5,False,30449.0,Two Wheeler–Two Wheeler,243,Bhavesh_Traffic volume video_analysis_datasheet_1.xlsx,Shoulder lane J-Q (final) | Speed (free & non free) A-E (raw entry),"xlsx cell values (openpyxl, data_only)"
Group 5,Exp3 (speed/volume) + Exp4 (headway),30628,Shoulder,Two-Wheeler,Two Wheeler,453.5,456.07,453.5,455.07,False,True,50.0,2.57,70.03891050583677,70.039,114.65,OK,5.029999999999973,Yes,4.5,5.03,True,30475.0,Two Wheeler–Two Wheeler,245,Bhavesh_Traffic volume video_analysis_datasheet_1.xlsx,Shoulder lane A-H (final) | Speed (free & non free) A-E (raw entry),"xlsx cell values (openpyxl, data_only)"
Group 5,Exp3 (speed/volume) + Exp4 (headway),31066,Shoulder,lcv,LCV,458.53,462.9,458.53,462.9,False,False,50.0,4.37,41.18993135011437,41.19,41.19,OK,1.5400000000000205,No,5.03,1.54,False,30628.0,LCV–Two Wheeler,248,Bhavesh_Traffic volume video_analysis_datasheet_1.xlsx,Shoulder lane J-Q (final) | Speed (free & non free) A-E (raw entry),"xlsx cell values (openpyxl, data_only)"
Group 5,Exp3 (speed/volume) + Exp4 (headway),31171,Shoulder,Two-Wheeler,Two Wheeler,460.07,467.77,460.07,467.77,False,False,50.0,7.7,23.37662337662341,23.377,23.377,OK,0.5300000000000296,No,1.54,0.53,False,31066.0,Two Wheeler–LCV,249,Bhavesh_Traffic volume video_analysis_datasheet_1.xlsx,Shoulder lane J-Q (final) | Speed (free & non free) A-E (raw entry),"xlsx cell values (openpyxl, data_only)"
Group 5,Exp3 (speed/volume) + Exp4 (headway),31218,Shoulder,Two-Wheeler,Two Wheeler,460.6,469.87,460.6,469.87,False,False,50.0,9.27,19.417475728155377,19.417,19.417,OK,0.37000000000000455,No,0.53,0.37,False,31171.0,Two Wheeler–Two Wheeler,250,Bhavesh_Traffic volume video_analysis_datasheet_1.xlsx,Shoulder lane J-Q (final) | Speed (free & non free) A-E (raw entry),"xlsx cell values (openpyxl, data_only)"
Group 5,Exp3 (speed/volume) + Exp4 (headway),31247,Shoulder,Two-Wheeler,Two Wheeler,460.97,471.47,460.97,471.47,False,False,50.0,10.5,17.142857142857142,17.143,17.143,OK,0.0,No,0.37,0.0,False,31218.0,Two Wheeler–Two Wheeler,251,Bhavesh_Traffic volume video_analysis_datasheet_1.xlsx,Shoulder lane J-Q (final) | Speed (free & non free) A-E (raw entry),"xlsx cell values (openpyxl, data_only)"
Group 5,Exp3 (speed/volume) + Exp4 (headway),31249,Shoulder,Car,Car,460.97,464.13,460.97,464.13,False,False,50.0,3.16,56.96202531645627,56.962,56.962,OK,1.8999999999999773,No,0.0,1.9,False,31247.0,Car–Two Wheeler,252,Bhavesh_Traffic volume video_analysis_datasheet_1.xlsx,Shoulder lane J-Q (final) | Speed (free & non free) A-E (raw entry),"xlsx cell values (openpyxl, data_only)"
Group 5,Exp3 (speed/volume) + Exp4 (headway),31268,Shoulder,Car,Car,462.87,467.67,462.87,467.67,False,False,50.0,4.8,37.499999999999915,37.5,37.5,OK,1.1000000000000227,No,1.9,1.1,False,31249.0,Car–Car,253,Bhavesh_Traffic volume video_analysis_datasheet_1.xlsx,Shoulder lane J-Q (final) | Speed (free & non free) A-E (raw entry),"xlsx cell values (openpyxl, data_only)"
Group 5,Exp3 (speed/volume) + Exp4 (headway),31388,Shoulder,Truck,Truck,463.97,477.7,463.97,477.7,False,False,50.0,13.73,13.109978150036454,13.11,13.11,OK,0.5,No,1.1,0.5,False,31268.0,Truck–Car,255,Bhavesh_Traffic volume video_analysis_datasheet_1.xlsx,Shoulder lane J-Q (final) | Speed (free & non free) A-E (raw entry),"xlsx cell values (openpyxl, data_only)"
Group 5,Exp3 (speed/volume) + Exp4 (headway),31415,Shoulder,Car,Car,464.47,466.33,464.47,466.33,False,False,50.0,1.86,96.77419354838935,96.774,96.774,CHECK (90-120 km/h),0.2599999999999909,No,0.5,0.26,False,31388.0,Car–Truck,256,Bhavesh_Traffic volume video_analysis_datasheet_1.xlsx,Shoulder lane J-Q (final) | Speed (free & non free) A-E (raw entry),"xlsx cell values (openpyxl, data_only)"
Group 5,Exp3 (speed/volume) + Exp4 (headway),31430,Shoulder,Truck,Truck,464.73,478.47,464.73,478.47,False,False,50.0,13.74,13.100436681222698,13.1,13.1,OK,2.839999999999975,No,0.26,2.84,False,31415.0,Truck–Car,257,Bhavesh_Traffic volume video_analysis_datasheet_1.xlsx,Shoulder lane J-Q (final) | Speed (free & non free) A-E (raw entry),"xlsx cell values (openpyxl, data_only)"
Group 5,Exp3 (speed/volume) + Exp4 (headway),31630,Shoulder,Truck,Truck,467.57,478.5,467.57,478.5,False,False,50.0,10.93,16.46843549862762,16.468,16.468,OK,0.3299999999999841,No,2.84,0.33,False,31430.0,Truck–Truck,258,Bhavesh_Traffic volume video_analysis_datasheet_1.xlsx,Shoulder lane J-Q (final) | Speed (free & non free) A-E (raw entry),"xlsx cell values (openpyxl, data_only)"
Group 5,Exp3 (speed/volume) + Exp4 (headway),31674,Shoulder,Two-Wheeler,Two Wheeler,467.9,473.63,467.9,473.63,False,False,50.0,5.73,31.413612565444925,31.414,31.414,OK,0.10000000000002274,No,0.33,0.1,False,31630.0,Two Wheeler–Truck,259,Bhavesh_Traffic volume video_analysis_datasheet_1.xlsx,Shoulder lane J-Q (final) | Speed (free & non free) A-E (raw entry),"xlsx cell values (openpyxl, data_only)"
Group 5,Exp3 (speed/volume) + Exp4 (headway),31682,Shoulder,Two-Wheeler,Two Wheeler,468.0,478.1,468.0,478.1,False,False,50.0,10.1,17.82178217821778,17.822,17.822,OK,1.4700000000000273,No,0.1,1.47,False,31674.0,Two Wheeler–Two Wheeler,260,Bhavesh_Traffic volume video_analysis_datasheet_1.xlsx,Shoulder lane J-Q (final) | Speed (free & non free) A-E (raw entry),"xlsx cell values (openpyxl, data_only)"
Group 5,Exp3 (speed/volume) + Exp4 (headway),31838,Shoulder,Two-Wheeler,Two Wheeler,469.47,478.2,469.47,478.2,False,False,50.0,8.73,20.618556701031018,20.619,20.619,OK,2.5,No,1.47,2.5,False,31682.0,Two Wheeler–Two Wheeler,261,Bhavesh_Traffic volume video_analysis_datasheet_1.xlsx,Shoulder lane J-Q (final) | Speed (free & non free) A-E (raw entry),"xlsx cell values (openpyxl, data_only)"
Group 5,Exp3 (speed/volume) + Exp4 (headway),32050,Shoulder,Car,Car,471.97,475.17,471.97,475.17,False,False,50.0,3.2,56.2500000000002,56.25,56.25,OK,1.7299999999999613,No,2.5,1.73,False,31838.0,Car–Two Wheeler,262,Bhavesh_Traffic volume video_analysis_datasheet_1.xlsx,Shoulder lane J-Q (final) | Speed (free & non free) A-E (raw entry),"xlsx cell values (openpyxl, data_only)"
Group 5,Exp3 (speed/volume) + Exp4 (headway),32235,Shoulder,Car,Car,473.7,476.03,473.7,476.03,False,False,50.0,2.33,77.2532188841207,77.253,77.253,OK,0.4300000000000068,No,1.73,0.43,False,32050.0,Car–Car,265,Bhavesh_Traffic volume video_analysis_datasheet_1.xlsx,Shoulder lane J-Q (final) | Speed (free & non free) A-E (raw entry),"xlsx cell values (openpyxl, data_only)"
Group 5,Exp3 (speed/volume) + Exp4 (headway),32293,Shoulder,auto,Auto,474.13,478.57,474.13,478.57,False,False,50.0,4.44,40.54054054054056,40.541,40.541,OK,4.3700000000000045,No,0.43,4.37,False,32235.0,Auto–Car,266,Bhavesh_Traffic volume video_analysis_datasheet_1.xlsx,Shoulder lane J-Q (final) | Speed (free & non free) A-E (raw entry),"xlsx cell values (openpyxl, data_only)"
Group 5,Exp3 (speed/volume) + Exp4 (headway),32527,Shoulder,lcv,LCV,478.5,480.87,478.5,480.87,False,False,50.0,2.37,75.94936708860745,75.949,75.949,OK,10.430000000000007,Yes,4.37,10.43,True,32293.0,LCV–Auto,267,Bhavesh_Traffic volume video_analysis_datasheet_1.xlsx,Shoulder lane A-H (final) | Speed (free & non free) A-E (raw entry),"xlsx cell values (openpyxl, data_only)"
Group 5,Exp3 (speed/volume) + Exp4 (headway),32748,Shoulder,Car,Car,488.93,492.87,488.93,492.87,False,False,50.0,3.94,45.68527918781729,45.685,45.685,OK,8.46999999999997,Yes,10.43,8.47,True,32527.0,Car–LCV,270,Bhavesh_Traffic volume video_analysis_datasheet_1.xlsx,Shoulder lane A-H (final) | Speed (free & non free) A-E (raw entry),"xlsx cell values (openpyxl, data_only)"
Group 5,Exp3 (speed/volume) + Exp4 (headway),33175,Shoulder,Car,Car,497.4,500.57,497.4,500.57,False,False,50.0,3.17,56.78233438485776,56.782,56.782,OK,1.1299999999999955,No,8.47,1.13,False,32748.0,Car–Car,272,Bhavesh_Traffic volume video_analysis_datasheet_1.xlsx,Shoulder lane J-Q (final) | Speed (free & non free) A-E (raw entry),"xlsx cell values (openpyxl, data_only)"
Group 5,Exp3 (speed/volume) + Exp4 (headway),33227,Shoulder,Car,Car,498.53,502.57,498.53,502.57,False,False,50.0,4.04,44.55445544554433,44.554,44.554,OK,2.2700000000000387,No,1.13,2.27,False,33175.0,Car–Car,273,Bhavesh_Traffic volume video_analysis_datasheet_1.xlsx,Shoulder lane J-Q (final) | Speed (free & non free) A-E (raw entry),"xlsx cell values (openpyxl, data_only)"
Group 5,Exp3 (speed/volume) + Exp4 (headway),33360,Shoulder,Car,Car,500.8,503.23,500.8,501.23,False,True,50.0,2.43,74.07407407407386,74.074,418.605,OK,6.099999999999966,Yes,2.27,6.1,True,33227.0,Car–Car,274,Bhavesh_Traffic volume video_analysis_datasheet_1.xlsx,Shoulder lane A-H (final) | Speed (free & non free) A-E (raw entry),"xlsx cell values (openpyxl, data_only)"
Group 5,Exp3 (speed/volume) + Exp4 (headway),33489,Shoulder,Truck,Truck,506.9,511.13,506.9,511.13,False,False,50.0,4.23,42.55319148936152,42.553,42.553,OK,5.7000000000000455,Yes,6.1,5.7,True,33360.0,Truck–Car,280,Bhavesh_Traffic volume video_analysis_datasheet_1.xlsx,Shoulder lane A-H (final) | Speed (free & non free) A-E (raw entry),"xlsx cell values (openpyxl, data_only)"
Group 5,Exp3 (speed/volume) + Exp4 (headway),33922,Shoulder,Two-Wheeler,Two Wheeler,512.6,518.27,512.6,514.27,False,True,50.0,5.67,31.746031746031974,31.746,107.784,OK,0.7300000000000182,No,5.7,0.73,False,33489.0,Two Wheeler–Truck,281,Bhavesh_Traffic volume video_analysis_datasheet_1.xlsx,Shoulder lane J-Q (final) | Speed (free & non free) A-E (raw entry),"xlsx cell values (openpyxl, data_only)"
Group 5,Exp3 (speed/volume) + Exp4 (headway),33921,Shoulder,Car,Car,513.33,515.73,513.33,515.73,False,False,50.0,2.4,75.00000000000071,75.0,75.0,OK,9.669999999999959,Yes,0.73,9.67,True,33922.0,Car–Two Wheeler,282,Bhavesh_Traffic volume video_analysis_datasheet_1.xlsx,Shoulder lane A-H (final) | Speed (free & non free) A-E (raw entry),"xlsx cell values (openpyxl, data_only)"
Group 5,Exp3 (speed/volume) + Exp4 (headway),34422,Shoulder,Car,Car,523.0,528.73,523.0,528.73,False,False,50.0,5.73,31.413612565444925,31.414,31.414,OK,0.5299999999999727,No,9.67,0.53,False,33921.0,Car–Car,287,Bhavesh_Traffic volume video_analysis_datasheet_1.xlsx,Shoulder lane J-Q (final) | Speed (free & non free) A-E (raw entry),"xlsx cell values (openpyxl, data_only)"
Group 5,Exp3 (speed/volume) + Exp4 (headway),34479,Shoulder,auto,Auto,523.53,528.03,523.53,528.03,False,False,50.0,4.5,40.0,40.0,40.0,OK,6.670000000000073,Yes,0.53,6.67,True,34422.0,Auto–Car,288,Bhavesh_Traffic volume video_analysis_datasheet_1.xlsx,Shoulder lane A-H (final) | Speed (free & non free) A-E (raw entry),"xlsx cell values (openpyxl, data_only)"
Group 5,Exp3 (speed/volume) + Exp4 (headway),34896,Shoulder,Two-Wheeler,Two Wheeler,530.2,534.37,530.2,531.37,False,True,50.0,4.17,43.1654676258997,43.165,153.846,OK,2.169999999999959,No,6.67,2.17,False,34479.0,Two Wheeler–Auto,292,Bhavesh_Traffic volume video_analysis_datasheet_1.xlsx,Shoulder lane J-Q (final) | Speed (free & non free) A-E (raw entry),"xlsx cell values (openpyxl, data_only)"
Group 5,Exp3 (speed/volume) + Exp4 (headway),35131,Shoulder,auto,Auto,532.37,536.7,532.37,536.7,False,False,50.0,4.33,41.570438799075816,41.57,41.57,OK,1.1599999999999682,No,2.17,1.16,False,34896.0,Auto–Two Wheeler,293,Bhavesh_Traffic volume video_analysis_datasheet_1.xlsx,Shoulder lane J-Q (final) | Speed (free & non free) A-E (raw entry),"xlsx cell values (openpyxl, data_only)"
Group 5,Exp3 (speed/volume) + Exp4 (headway),35270,Shoulder,Two-Wheeler,Two Wheeler,533.53,537.73,533.53,533.73,False,True,50.0,4.2,42.85714285714239,42.857,900.0,OK,4.170000000000073,No,1.16,4.17,False,35131.0,Two Wheeler–Auto,294,Bhavesh_Traffic volume video_analysis_datasheet_1.xlsx,Shoulder lane J-Q (final) | Speed (free & non free) A-E (raw entry),"xlsx cell values (openpyxl, data_only)"
Group 5,Exp3 (speed/volume) + Exp4 (headway),35392,Shoulder,Car,Car,537.7,541.5,537.7,541.5,False,False,50.0,3.8,47.368421052632144,47.368,47.368,OK,2.4699999999999136,No,4.17,2.47,False,35270.0,Car–Two Wheeler,295,Bhavesh_Traffic volume video_analysis_datasheet_1.xlsx,Shoulder lane J-Q (final) | Speed (free & non free) A-E (raw entry),"xlsx cell values (openpyxl, data_only)"
Group 5,Exp3 (speed/volume) + Exp4 (headway),35813,Shoulder,Car,Car,540.17,542.37,540.17,542.37,False,False,50.0,2.2,81.81818181818012,81.818,81.818,OK,1.830000000000041,No,2.47,1.83,False,35392.0,Car–Car,298,Bhavesh_Traffic volume video_analysis_datasheet_1.xlsx,Shoulder lane J-Q (final) | Speed (free & non free) A-E (raw entry),"xlsx cell values (openpyxl, data_only)"
Group 5,Exp3 (speed/volume) + Exp4 (headway),35962,Shoulder,Two-Wheeler,Two Wheeler,542.0,549.3,542.0,549.3,False,False,50.0,7.3,24.657534246575494,24.658,24.658,OK,0.07000000000005002,No,1.83,0.07,False,35813.0,Two Wheeler–Car,300,Bhavesh_Traffic volume video_analysis_datasheet_1.xlsx,Shoulder lane J-Q (final) | Speed (free & non free) A-E (raw entry),"xlsx cell values (openpyxl, data_only)"
Group 5,Exp3 (speed/volume) + Exp4 (headway),35960,Shoulder,Two-Wheeler,Two Wheeler,542.07,545.7,542.07,543.7,False,True,50.0,3.63,49.58677685950419,49.587,110.429,OK,0.12999999999999545,No,0.07,0.13,False,35962.0,Two Wheeler–Two Wheeler,301,Bhavesh_Traffic volume video_analysis_datasheet_1.xlsx,Shoulder lane J-Q (final) | Speed (free & non free) A-E (raw entry),"xlsx cell values (openpyxl, data_only)"
Group 5,Exp3 (speed/volume) + Exp4 (headway),35975,Shoulder,Two-Wheeler,Two Wheeler,542.2,552.2,542.2,552.2,False,False,50.0,10.0,18.0,18.0,18.0,OK,0.32999999999992724,No,0.13,0.33,False,35960.0,Two Wheeler–Two Wheeler,302,Bhavesh_Traffic volume video_analysis_datasheet_1.xlsx,Shoulder lane J-Q (final) | Speed (free & non free) A-E (raw entry),"xlsx cell values (openpyxl, data_only)"
Group 5,Exp3 (speed/volume) + Exp4 (headway),36009,Shoulder,lcv,LCV,542.53,547.8,542.53,547.8,False,False,50.0,5.27,34.15559772296027,34.156,34.156,OK,0.9400000000000546,No,0.33,0.94,False,35975.0,LCV–Two Wheeler,303,Bhavesh_Traffic volume video_analysis_datasheet_1.xlsx,Shoulder lane J-Q (final) | Speed (free & non free) A-E (raw entry),"xlsx cell values (openpyxl, data_only)"
Group 5,Exp3 (speed/volume) + Exp4 (headway),36477,Shoulder,auto,Auto,543.47,549.1,543.47,549.1,False,False,50.0,5.63,31.971580817051535,31.972,31.972,OK,9.129999999999995,Yes,0.94,9.13,True,36009.0,Auto–LCV,304,Bhavesh_Traffic volume video_analysis_datasheet_1.xlsx,Shoulder lane A-H (final) | Speed (free & non free) A-E (raw entry),"xlsx cell values (openpyxl, data_only)"
Group 5,Exp3 (speed/volume) + Exp4 (headway),36753,Shoulder,auto,Auto,552.6,557.77,552.6,557.77,False,False,50.0,5.17,34.81624758220531,34.816,34.816,OK,3.5699999999999363,No,9.13,3.57,False,36477.0,Auto–Auto,306,Bhavesh_Traffic volume video_analysis_datasheet_1.xlsx,Shoulder lane J-Q (final) | Speed (free & non free) A-E (raw entry),"xlsx cell values (openpyxl, data_only)"
Group 5,Exp3 (speed/volume) + Exp4 (headway),37005,Shoulder,Car,Car,556.17,562.27,556.17,562.27,False,False,50.0,6.1,29.508196721311364,29.508,29.508,OK,5.400000000000091,Yes,3.57,5.4,True,36753.0,Car–Auto,308,Bhavesh_Traffic volume video_analysis_datasheet_1.xlsx,Shoulder lane A-H (final) | Speed (free & non free) A-E (raw entry),"xlsx cell values (openpyxl, data_only)"
Group 5,Exp3 (speed/volume) + Exp4 (headway),37391,Shoulder,Truck,Truck,561.57,567.07,561.57,567.07,False,False,50.0,5.5,32.72727272727273,32.727,32.727,OK,3.3299999999999272,No,5.4,3.33,False,37005.0,Truck–Car,310,Bhavesh_Traffic volume video_analysis_datasheet_1.xlsx,Shoulder lane J-Q (final) | Speed (free & non free) A-E (raw entry),"xlsx cell values (openpyxl, data_only)"
Group 5,Exp3 (speed/volume) + Exp4 (headway),37619,Shoulder,lcv,LCV,564.9,568.63,564.9,568.63,False,False,50.0,3.73,48.25737265415526,48.257,48.257,OK,9.330000000000041,Yes,3.33,9.33,True,37391.0,LCV–Truck,311,Bhavesh_Traffic volume video_analysis_datasheet_1.xlsx,Shoulder lane A-H (final) | Speed (free & non free) A-E (raw entry),"xlsx cell values (openpyxl, data_only)"
Group 5,Exp3 (speed/volume) + Exp4 (headway),38061,Shoulder,Car,Car,574.23,587.1,574.23,587.1,False,False,50.0,12.87,13.986013986013981,13.986,13.986,OK,0.6000000000000227,No,9.33,0.6,False,37619.0,Car–LCV,314,Bhavesh_Traffic volume video_analysis_datasheet_1.xlsx,Shoulder lane J-Q (final) | Speed (free & non free) A-E (raw entry),"xlsx cell values (openpyxl, data_only)"
Group 5,Exp3 (speed/volume) + Exp4 (headway),38253,Shoulder,Two-Wheeler,Two Wheeler,574.83,580.47,574.83,580.47,False,False,50.0,5.64,31.914893617021352,31.915,31.915,OK,0.06999999999993634,No,0.6,0.07,False,38061.0,Two Wheeler–Car,315,Bhavesh_Traffic volume video_analysis_datasheet_1.xlsx,Shoulder lane J-Q (final) | Speed (free & non free) A-E (raw entry),"xlsx cell values (openpyxl, data_only)"
Group 5,Exp3 (speed/volume) + Exp4 (headway),38257,Shoulder,Two-Wheeler,Two Wheeler,574.9,584.6,574.9,584.6,False,False,50.0,9.7,18.556701030927748,18.557,18.557,OK,0.2300000000000182,No,0.07,0.23,False,38253.0,Two Wheeler–Two Wheeler,316,Bhavesh_Traffic volume video_analysis_datasheet_1.xlsx,Shoulder lane J-Q (final) | Speed (free & non free) A-E (raw entry),"xlsx cell values (openpyxl, data_only)"
Group 5,Exp3 (speed/volume) + Exp4 (headway),38284,Shoulder,Two-Wheeler,Two Wheeler,575.13,579.33,575.13,576.33,False,True,50.0,4.2,42.85714285714239,42.857,150.0,OK,1.169999999999959,No,0.23,1.17,False,38257.0,Two Wheeler–Two Wheeler,317,Bhavesh_Traffic volume video_analysis_datasheet_1.xlsx,Shoulder lane J-Q (final) | Speed (free & non free) A-E (raw entry),"xlsx cell values (openpyxl, data_only)"
Group 5,Exp3 (speed/volume) + Exp4 (headway),38451,Shoulder,Truck,Truck,576.3,587.33,576.3,587.33,False,False,50.0,11.03,16.31912964641873,16.319,16.319,OK,2.4300000000000637,No,1.17,2.43,False,38284.0,Truck–Two Wheeler,318,Bhavesh_Traffic volume video_analysis_datasheet_1.xlsx,Shoulder lane J-Q (final) | Speed (free & non free) A-E (raw entry),"xlsx cell values (openpyxl, data_only)"
Group 5,Exp3 (speed/volume) + Exp4 (headway),38716,Shoulder,lcv,LCV,578.73,581.7,578.73,581.7,False,False,50.0,2.97,60.60606060606005,60.606,60.606,OK,1.7699999999999818,No,2.43,1.77,False,38451.0,LCV–Truck,319,Bhavesh_Traffic volume video_analysis_datasheet_1.xlsx,Shoulder lane J-Q (final) | Speed (free & non free) A-E (raw entry),"xlsx cell values (openpyxl, data_only)"
Group 5,Exp3 (speed/volume) + Exp4 (headway),38808,Shoulder,lcv,LCV,580.5,586.07,580.5,586.07,False,False,50.0,5.57,32.31597845601407,32.316,32.316,OK,0.0,No,1.77,,False,38716.0,LCV–LCV,320,Bhavesh_Traffic volume video_analysis_datasheet_1.xlsx,Shoulder lane J-Q (final) | Speed (free & non free) A-E (raw entry),"xlsx cell values (openpyxl, data_only)"
